iteration,mean_survival,mean_return,loss,mean_value,entropy,lr,eval_survival,jump_ratio,time_s
0,,,,,,1.0e-04,20.21,0.16,0.0
1,23.47,17.9038,40.0966,0.8907,0.5031,1.0e-04,,,21.2
2,24.14,19.0488,21.6080,7.9230,0.4569,1.0e-04,,,5.9
3,22.14,17.1938,29.5732,14.7500,0.4727,1.0e-04,,,5.8
4,22.10,17.2842,40.5129,18.6357,0.4584,1.0e-04,,,5.8
5,21.85,16.9570,50.6415,20.7604,0.4670,1.0e-04,,,5.8
6,23.84,18.7153,52.1467,22.9375,0.4921,1.0e-04,,,5.8
7,23.97,18.6304,57.5342,24.5089,0.5139,1.0e-04,,,6.1
8,23.02,17.6709,64.8613,25.2359,0.5446,1.0e-04,,,5.9
9,21.90,16.6147,72.2514,25.5033,0.5419,1.0e-04,,,5.0
10,23.51,18.0371,69.4874,26.7469,0.5475,1.0e-04,20.24,0.25,5.0
11,23.31,17.6909,72.1142,28.1219,0.5398,1.0e-04,,,5.9
12,22.69,17.2812,83.4947,27.2549,0.5299,1.0e-04,,,5.9
13,23.97,18.4224,74.3129,27.5104,0.5310,1.0e-04,,,5.1
14,21.82,16.5225,77.2320,27.4583,0.5335,1.0e-04,,,5.8
15,24.50,18.7949,75.5183,29.0134,0.5499,1.0e-04,,,5.0
16,24.90,19.1377,78.1551,29.9474,0.5596,1.0e-04,,,5.0
17,23.80,18.0234,86.6606,29.8719,0.5518,1.0e-04,,,5.9
18,23.33,17.7036,84.5977,29.1484,0.5381,1.0e-04,,,5.9
19,22.96,17.4180,87.8825,28.4750,0.5609,1.0e-04,,,6.1
20,24.12,18.4800,86.2558,29.5818,0.5443,1.0e-04,21.11,0.21,5.9
21,23.83,18.3408,90.4968,30.0828,0.5383,1.0e-04,,,5.8
22,24.84,19.0020,89.3780,31.4732,0.5551,1.0e-04,,,5.8
23,23.39,17.5571,100.0162,29.7984,0.5573,1.0e-04,,,5.0
24,22.74,17.0635,92.0443,29.6513,0.5633,1.0e-04,,,5.8
25,22.98,17.2026,94.0152,30.0141,0.5618,1.0e-04,,,5.0
26,24.05,18.0947,87.6536,29.6637,0.5634,1.0e-04,,,5.9
27,25.25,19.2373,86.3838,32.4773,0.5611,1.0e-04,,,5.9
28,22.97,17.2451,98.7309,30.1547,0.5795,1.0e-04,,,5.0
29,24.15,18.2300,91.5154,30.5729,0.5738,1.0e-04,,,5.9
30,24.55,18.4399,94.7027,31.4866,0.5579,1.0e-04,22.05,0.32,5.0
31,23.94,18.0889,97.7885,30.4360,0.5519,1.0e-04,,,3.4
32,23.51,17.8442,102.7168,31.2000,0.5583,1.0e-04,,,5.0
33,24.73,18.8735,98.6356,32.1801,0.5522,1.0e-04,,,5.9
34,23.76,17.9214,101.6284,31.8641,0.5564,1.0e-04,,,5.9
35,24.88,19.0132,99.2072,31.9137,0.5534,1.0e-04,,,6.0
36,23.48,17.8721,102.9715,32.1969,0.5585,1.0e-04,,,5.0
37,25.82,19.9858,103.4410,33.2287,0.5567,1.0e-04,,,5.9
38,23.41,17.5962,112.1696,32.9766,0.5544,1.0e-04,,,5.0
39,23.94,18.2622,118.8541,33.2411,0.5591,1.0e-04,,,5.0
40,24.83,18.8481,108.1777,33.6399,0.5772,1.0e-04,22.79,0.35,3.4
41,23.51,17.6494,113.0483,32.6953,0.5789,1.0e-04,,,5.0
42,25.04,18.7661,118.1012,35.1335,0.5655,1.0e-04,,,5.0
43,23.97,18.0596,120.2882,35.3631,0.5615,1.0e-04,,,5.1
44,24.32,18.2046,109.1536,32.9747,0.5736,1.0e-04,,,6.5
45,24.17,18.1904,116.1424,33.6071,0.5619,1.0e-04,,,6.5
46,24.81,18.9590,121.4059,34.0893,0.5592,1.0e-04,,,6.5
47,25.07,19.1660,110.0289,32.8778,0.5612,1.0e-04,,,6.2
48,24.08,18.3208,119.9070,35.1071,0.5489,1.0e-04,,,6.2
49,24.25,18.4185,137.6083,36.1369,0.5660,1.0e-04,,,6.2
50,25.29,19.3286,124.7460,35.5057,0.5574,1.0e-04,22.75,0.26,6.2
51,23.01,17.3979,139.9243,35.8563,0.5660,1.0e-04,,,5.2
52,24.40,18.6064,127.7564,37.4107,0.5508,1.0e-04,,,5.2
53,24.38,18.5010,129.2007,35.2560,0.5671,1.0e-04,,,5.2
54,25.12,19.0811,124.7154,34.4261,0.5792,1.0e-04,,,6.0
55,23.97,18.0059,145.0866,36.3661,0.5622,1.0e-04,,,6.3
56,24.95,19.0586,139.1094,37.3523,0.5620,1.0e-04,,,6.3
57,23.66,17.9678,141.0797,35.2437,0.5671,1.0e-04,,,3.5
58,24.50,18.7197,135.5583,36.5536,0.5623,1.0e-04,,,5.2
59,23.72,18.0083,131.2999,34.6250,0.5744,1.0e-04,,,6.4
60,24.11,18.3115,133.3052,35.5268,0.5491,1.0e-04,22.68,0.24,6.5
61,25.22,19.4541,134.0247,36.8977,0.5544,1.0e-04,,,6.2
62,24.22,18.4595,140.9319,37.1280,0.5707,1.0e-04,,,6.2
63,23.17,17.5479,130.9190,33.4953,0.5877,1.0e-04,,,6.1
64,25.47,19.4077,141.1088,37.3693,0.5689,1.0e-04,,,5.2
65,24.72,18.8218,142.6034,38.2232,0.5490,1.0e-04,,,6.1
66,24.10,18.3872,160.5699,38.0149,0.5655,1.0e-04,,,6.1
67,24.39,18.4531,157.0681,38.5714,0.5716,1.0e-04,,,5.2
68,26.66,20.4243,155.1330,39.8370,0.5598,1.0e-04,,,6.1
69,25.70,19.6353,142.4674,38.4545,0.5617,1.0e-04,,,6.1
70,24.72,18.9609,164.5404,41.4435,0.5527,1.0e-04,23.80,0.31,6.1
71,24.93,19.0127,146.3714,40.0511,0.5763,1.0e-04,,,3.5
72,23.34,17.4854,157.0087,39.0125,0.5749,1.0e-04,,,5.2
73,24.77,18.8076,166.8104,42.5952,0.5572,1.0e-04,,,6.4
74,24.96,19.0176,160.1838,38.1023,0.5819,1.0e-04,,,5.4
75,23.66,18.0073,160.7249,38.3563,0.5702,1.0e-04,,,3.5
76,24.53,18.7241,159.4383,39.1399,0.5737,1.0e-04,,,5.3
77,24.83,18.7271,146.6431,40.3512,0.5854,1.0e-04,,,3.5
78,24.27,18.0171,178.0173,39.9315,0.5819,1.0e-04,,,6.2
79,25.08,18.9741,184.3779,43.1562,0.5659,1.0e-04,,,5.3
80,25.30,19.1060,164.0598,39.0284,0.5759,1.0e-04,24.09,0.37,6.1
81,23.41,17.5103,146.6527,37.6844,0.5780,1.0e-04,,,5.1
82,24.78,18.8735,153.0646,40.7798,0.5771,1.0e-04,,,6.0
83,25.24,19.0288,154.3492,39.0540,0.5834,1.0e-04,,,6.1
84,25.82,19.4082,141.7994,38.8636,0.5846,1.0e-04,,,6.2
85,24.54,18.5737,140.8055,39.7946,0.5812,1.0e-04,,,5.2
86,25.57,19.4756,131.6402,39.4062,0.5802,1.0e-04,,,6.1
87,24.57,18.3154,178.5116,38.9137,0.5775,1.0e-04,,,5.1
88,25.20,18.9072,155.3979,41.1449,0.5805,1.0e-04,,,6.0
89,23.74,17.5723,155.2575,40.0969,0.5879,1.0e-04,,,6.0
90,24.35,18.3369,162.6622,40.2024,0.5745,1.0e-04,24.39,0.36,6.1
91,24.23,18.2114,181.5597,41.0804,0.5809,1.0e-04,,,6.2
92,24.93,18.8711,154.8305,38.9830,0.5650,1.0e-04,,,5.2
93,23.83,18.0469,168.1720,41.5750,0.5751,1.0e-04,,,6.1
94,23.27,17.4219,178.3322,41.1688,0.5791,1.0e-04,,,6.1
95,24.72,18.5957,164.8269,39.0089,0.5855,1.0e-04,,,6.0
96,24.62,18.4453,162.5567,39.3661,0.5791,1.0e-04,,,6.1
97,26.22,20.0562,146.8566,40.1630,0.5780,1.0e-04,,,6.1
98,25.22,19.1318,171.1523,40.8892,0.5824,1.0e-04,,,6.1
99,24.69,18.4194,175.0076,39.5923,0.5898,1.0e-04,,,3.5
100,25.89,19.4092,167.3366,41.8324,0.5787,1.0e-04,25.28,0.43,6.2
101,25.29,19.0723,182.6137,44.3097,0.5663,1.0e-04,,,6.1
102,24.79,18.4966,158.9458,41.0595,0.5858,1.0e-04,,,3.5
103,24.99,18.4761,175.7613,41.3977,0.5834,1.0e-04,,,3.5
104,23.53,17.2378,164.4115,38.4937,0.5937,1.0e-04,,,3.4
105,23.89,17.7803,158.7186,40.6607,0.5804,1.0e-04,,,6.0
106,25.28,19.0874,144.8645,40.3466,0.5814,1.0e-04,,,3.5
107,24.85,18.5566,156.8800,40.5387,0.5869,1.0e-04,,,6.2
108,25.46,19.1846,163.8828,40.2386,0.5739,1.0e-04,,,5.3
109,24.34,18.1919,146.3589,41.2143,0.5954,1.0e-04,,,5.2
110,25.14,18.9443,151.1734,40.7983,0.5856,1.0e-04,24.42,0.38,6.1
111,25.56,19.4341,167.3051,42.1165,0.5695,1.0e-04,,,3.5
112,24.77,18.7310,194.1532,42.0833,0.5776,1.0e-04,,,6.1
113,25.33,19.1680,201.9122,44.7500,0.5554,1.0e-04,,,6.1
114,24.59,18.4946,190.1645,44.3185,0.5736,1.0e-04,,,6.1
115,25.86,19.6982,181.3347,44.1932,0.5748,1.0e-04,,,6.1
116,24.38,18.4868,194.4123,42.5298,0.5793,1.0e-04,,,5.2
117,24.76,18.6099,180.9328,44.5030,0.5747,1.0e-04,,,3.5
118,25.21,18.7319,210.2229,43.7074,0.5817,1.0e-04,,,6.1
119,25.09,18.8774,182.7240,43.6932,0.5728,1.0e-04,,,6.1
120,24.30,18.2676,197.8924,42.9435,0.5812,1.0e-04,24.40,0.35,3.5
121,23.51,17.6562,181.7213,41.9062,0.5695,1.0e-04,,,5.1
122,24.62,18.4375,170.5726,42.0744,0.5806,1.0e-04,,,6.0
123,24.11,18.1328,183.2359,41.5417,0.5809,1.0e-04,,,3.5
124,23.56,17.4482,173.9945,39.3031,0.5808,1.0e-04,,,5.2
125,24.34,18.3521,166.4882,40.1964,0.5780,1.0e-04,,,5.2
126,23.69,17.8628,172.3398,42.4719,0.5675,1.0e-04,,,6.1
127,24.36,18.4199,173.9746,41.2768,0.5644,1.0e-04,,,5.2
128,25.18,19.1665,174.6540,41.7841,0.5721,1.0e-04,,,6.4
129,24.75,18.5708,166.8769,42.9792,0.5674,1.0e-04,,,3.5
130,26.04,19.8179,178.1912,45.7011,0.5624,1.0e-04,25.07,0.45,5.3
131,24.90,18.6782,203.6380,46.5256,0.5649,1.0e-04,,,5.2
132,24.06,17.8447,213.0456,45.5000,0.5740,1.0e-04,,,5.2
133,23.76,17.3896,195.7546,42.4594,0.5804,1.0e-04,,,6.1
134,25.26,18.7568,196.9031,45.2386,0.5736,1.0e-04,,,3.5
135,24.22,17.9502,199.6881,44.8690,0.5763,1.0e-04,,,6.0
136,25.16,19.0234,181.6197,41.5455,0.5847,1.0e-04,,,3.5
137,24.75,18.6709,190.9138,42.7708,0.5855,1.0e-04,,,3.5
138,24.09,17.9458,190.3302,43.6369,0.5710,1.0e-04,,,6.0
139,23.38,17.5171,196.2029,42.4125,0.5663,1.0e-04,,,5.1
140,25.80,19.6831,186.3892,44.8324,0.5569,1.0e-04,23.38,0.30,3.5
141,23.07,17.4429,206.4145,43.2344,0.5618,1.0e-04,,,6.0
142,24.26,18.3340,172.5507,40.9583,0.5688,1.0e-04,,,6.1
143,25.20,19.0327,186.0875,44.7756,0.5756,1.0e-04,,,6.3
144,24.17,18.0254,185.6900,43.2917,0.5800,1.0e-04,,,6.4
145,25.24,18.8540,187.7202,42.4943,0.5753,1.0e-04,,,6.4
146,25.03,18.8149,212.5713,47.1676,0.5567,1.0e-04,,,6.3
147,25.02,18.6577,195.9690,44.4858,0.5725,1.0e-04,,,5.3
148,24.35,18.1460,189.5326,41.9226,0.5803,1.0e-04,,,5.2
149,25.67,19.2046,181.0309,43.4801,0.5723,1.0e-04,,,6.1
150,24.97,18.6426,166.0548,40.0568,0.5903,1.0e-04,25.03,0.50,5.2
151,23.99,17.6323,169.1219,39.3958,0.5843,1.0e-04,,,5.1
152,23.81,17.6143,179.6735,40.7000,0.5712,1.0e-04,,,6.0
153,25.39,18.8096,180.9816,41.6989,0.5873,1.0e-04,,,5.2
154,24.59,18.2344,176.3173,42.0387,0.5752,1.0e-04,,,6.0
155,24.64,18.4121,153.4682,40.5000,0.5812,1.0e-04,,,3.5
156,24.56,18.3721,166.7330,39.7560,0.5779,1.0e-04,,,5.1
157,25.10,18.6406,156.3362,39.3977,0.5821,1.0e-04,,,3.5
158,24.26,17.8589,158.9787,37.3542,0.5895,1.0e-04,,,6.2
159,24.55,18.1855,145.6796,37.6815,0.5910,1.0e-04,,,6.4
160,25.13,18.5493,124.4437,36.7017,0.5961,1.0e-04,24.83,0.44,6.4
161,23.55,17.3936,155.7270,36.9438,0.5931,1.0e-04,,,5.4
162,25.46,19.0063,151.2319,40.2642,0.5822,1.0e-04,,,5.4
163,24.95,18.7144,162.9927,43.3665,0.5701,1.0e-04,,,6.4
164,25.29,19.1836,156.4535,41.8153,0.5729,1.0e-04,,,6.1
165,24.86,18.9326,166.7295,43.9673,0.5686,1.0e-04,,,6.1
166,24.23,18.2124,170.9508,42.5774,0.5837,1.0e-04,,,6.0
167,24.65,18.5908,176.6265,43.0327,0.5886,1.0e-04,,,3.5
168,25.54,19.1245,186.9747,42.5824,0.5955,1.0e-04,,,5.1
169,24.06,17.9468,162.3108,40.4821,0.5912,1.0e-04,,,6.0
170,25.92,19.4580,160.8023,42.1250,0.5920,1.0e-04,25.08,0.47,5.1
171,24.50,18.1641,153.3051,40.4554,0.5919,1.0e-04,,,5.1
172,25.29,18.8379,156.0976,42.7528,0.5918,1.0e-04,,,6.0
173,24.81,18.6304,180.4507,44.9940,0.5740,1.0e-04,,,6.0
174,24.74,18.4648,173.5298,44.1488,0.5838,1.0e-04,,,6.0
175,24.52,18.5356,184.9109,43.1637,0.5882,1.0e-04,,,3.5
176,24.46,18.1724,173.0828,40.0387,0.5936,1.0e-04,,,3.5
177,24.66,18.4072,176.4266,40.7798,0.6019,1.0e-04,,,6.4
178,23.77,17.5112,158.7277,39.2375,0.6008,1.0e-04,,,6.4
179,23.56,17.4531,158.6134,39.7250,0.5991,1.0e-04,,,6.1
180,26.05,19.5337,165.8599,42.3587,0.5986,1.0e-04,24.35,0.41,5.3
181,25.45,19.1196,163.9450,41.8977,0.6010,1.0e-04,,,5.2
182,24.31,18.1484,174.8837,44.3869,0.6043,1.0e-04,,,6.1
183,24.98,18.4028,164.6540,41.1193,0.6067,1.0e-04,,,6.3
184,24.06,17.8481,154.0449,39.4315,0.6080,1.0e-04,,,6.0
185,24.37,17.9697,160.5079,37.9881,0.6078,1.0e-04,,,3.5
186,23.87,17.7744,150.7957,38.0906,0.5984,1.0e-04,,,3.5
187,23.84,17.8071,162.0564,39.9500,0.6013,1.0e-04,,,6.0
188,24.51,18.2314,151.3797,39.5208,0.5984,1.0e-04,,,5.2
189,23.43,17.4116,152.0487,37.6187,0.5941,1.0e-04,,,3.5
190,22.92,17.0366,167.1211,37.3766,0.5979,1.0e-04,23.59,0.33,6.0
191,24.48,18.4229,157.6811,40.0536,0.6066,1.0e-04,,,5.1
192,24.93,18.6211,132.8170,40.5028,0.6010,1.0e-04,,,3.5
193,24.64,18.4746,152.2079,41.9256,0.6031,1.0e-04,,,3.5
194,24.92,18.5293,163.5081,40.2599,0.6043,1.0e-04,,,6.1
195,26.06,19.4448,149.4989,39.5027,0.6087,1.0e-04,,,3.5
196,24.23,17.9697,177.1791,41.4435,0.6054,1.0e-04,,,6.1
197,25.40,18.7407,159.2384,38.7898,0.6058,1.0e-04,,,5.2
198,24.47,18.0913,147.4477,38.7679,0.6021,1.0e-04,,,3.5
199,25.53,19.0752,142.9106,41.2557,0.6035,1.0e-04,,,5.2
200,24.95,18.3926,160.2314,41.4347,0.5963,1.0e-04,24.17,0.48,5.4
201,24.03,17.6465,182.9712,41.3482,0.5985,1.0e-04,,,5.1
202,24.40,18.2017,169.9979,40.7292,0.6017,1.0e-04,,,5.2
203,24.90,18.3682,151.6250,39.2315,0.6033,1.0e-04,,,6.1
204,25.40,18.5864,140.2332,39.6165,0.6069,1.0e-04,,,3.5
205,24.76,18.1479,153.1398,39.5208,0.6011,1.0e-04,,,3.5
206,25.59,18.8579,169.0579,42.9148,0.5982,1.0e-04,,,6.1
207,25.82,19.2275,159.9599,41.2727,0.6089,1.0e-04,,,6.1
208,23.79,17.2998,159.8617,39.2844,0.6030,1.0e-04,,,3.5
209,24.01,17.4146,150.8366,39.6994,0.6008,1.0e-04,,,5.1
210,23.41,16.8530,147.6374,39.1375,0.6010,1.0e-04,24.56,0.49,5.1
211,25.46,18.8750,144.1756,39.3807,0.6035,1.0e-04,,,5.1
212,23.78,17.5005,145.1804,38.6094,0.5991,1.0e-04,,,3.5
213,24.98,18.6284,158.8893,38.7330,0.5973,1.0e-04,,,5.2
214,25.00,18.6606,171.9644,39.7614,0.5973,1.0e-04,,,3.5
215,24.82,18.5605,160.3351,40.1935,0.6090,1.0e-04,,,3.5
216,26.18,19.6162,137.8391,40.9864,0.6079,1.0e-04,,,6.1
217,25.14,18.4473,156.8356,41.1364,0.6025,1.0e-04,,,6.1
218,26.62,19.6167,151.5814,41.0761,0.6027,1.0e-04,,,6.1
219,24.77,17.9668,158.2223,41.1310,0.6087,1.0e-04,,,3.5
220,24.62,18.1372,154.8590,43.8661,0.6114,1.0e-04,25.85,0.56,6.1
221,25.35,18.6870,166.9541,42.9631,0.6053,1.0e-04,,,6.1
222,23.53,17.2627,168.8406,40.4937,0.6049,1.0e-04,,,3.5
223,24.78,18.5234,159.1190,41.7857,0.6014,1.0e-04,,,6.1
224,24.91,18.6729,165.7392,41.2244,0.6110,1.0e-04,,,3.5
225,24.79,18.5728,179.7831,45.0744,0.6057,1.0e-04,,,6.1
226,24.74,18.1104,163.8734,43.0655,0.6133,1.0e-04,,,3.5
227,23.83,17.3853,155.9081,40.5875,0.6081,1.0e-04,,,6.0
228,25.02,18.3818,168.3913,40.3864,0.6102,1.0e-04,,,3.5
229,24.26,17.6812,151.1689,40.1994,0.6165,1.0e-04,,,6.0
230,24.11,17.7124,167.4518,41.6607,0.6142,1.0e-04,24.66,0.43,6.1
231,24.20,17.8774,169.9800,39.3185,0.6144,1.0e-04,,,6.0
232,24.91,18.5811,147.1138,41.2649,0.6074,1.0e-04,,,3.5
233,24.40,18.1543,154.5203,40.3542,0.6083,1.0e-04,,,5.2
234,25.76,19.3242,145.6465,40.2102,0.6089,1.0e-04,,,3.5
235,23.72,17.3018,150.2171,38.6688,0.6138,1.0e-04,,,6.4
236,24.48,18.0117,153.0974,41.7500,0.6106,1.0e-04,,,5.3
237,24.73,18.2124,153.8491,40.0923,0.6101,1.0e-04,,,6.2
238,24.52,18.0698,150.5630,40.6815,0.6143,1.0e-04,,,5.2
239,24.58,17.9785,149.0414,37.5714,0.6182,1.0e-04,,,3.5
240,24.58,18.1206,149.2050,41.0030,0.6121,1.0e-04,24.83,0.45,6.1
241,24.24,17.9297,149.7212,40.2530,0.6128,1.0e-04,,,3.5
242,25.31,18.6338,144.6429,37.7415,0.6162,1.0e-04,,,6.0
243,23.92,17.5894,153.8646,40.9018,0.6132,1.0e-04,,,6.0
244,24.50,17.8823,157.8342,39.3006,0.6169,1.0e-04,,,3.5
245,25.71,18.9434,152.9616,41.7131,0.6137,1.0e-04,,,3.5
246,25.79,19.2412,147.0588,40.7131,0.6188,1.0e-04,,,3.5
247,23.91,17.3975,146.9388,41.1667,0.6144,1.0e-04,,,3.4
248,23.77,17.3726,135.7743,39.3750,0.6144,1.0e-04,,,6.1
249,25.19,18.7764,148.3373,39.9773,0.6086,1.0e-04,,,3.5
250,24.87,18.5898,164.0893,43.1989,0.6098,1.0e-04,25.20,0.48,3.5
251,24.88,18.4062,156.8112,41.5625,0.6159,1.0e-04,,,3.5
252,23.96,17.9121,161.9264,39.8512,0.5976,1.0e-04,,,5.4
253,25.49,19.2212,141.5995,39.5511,0.6115,1.0e-04,,,5.4
254,24.88,18.5415,149.0360,39.6903,0.6134,1.0e-04,,,6.2
255,25.50,19.2251,141.8542,41.3920,0.6046,1.0e-04,,,3.5
256,24.62,18.3018,147.9595,41.1012,0.6100,1.0e-04,,,3.5
257,24.98,18.7227,148.7420,39.6250,0.6162,1.0e-04,,,6.4
258,23.62,17.2949,162.3467,41.0656,0.6085,1.0e-04,,,3.5
259,24.61,18.1577,176.7969,44.2649,0.6150,1.0e-04,,,6.0
260,25.41,19.2246,168.7489,43.8352,0.6130,1.0e-04,25.57,0.45,5.4
261,25.25,18.8540,174.8419,43.2301,0.6153,1.0e-04,,,3.5
262,25.92,19.2720,150.8643,43.2853,0.6108,1.0e-04,,,3.5
263,24.42,18.2012,156.6907,39.8512,0.6183,1.0e-04,,,5.1
264,25.69,19.1318,152.3889,40.7557,0.6199,1.0e-04,,,6.0
265,24.87,18.6650,168.2894,44.6905,0.6046,1.0e-04,,,6.0
266,25.52,19.2437,147.6001,40.4403,0.6211,1.0e-04,,,3.5
267,25.19,18.8740,179.3143,46.6250,0.6170,1.0e-04,,,6.2
268,24.91,18.7388,195.3856,44.4915,0.6057,1.0e-04,,,3.5
269,24.52,18.3491,162.8201,42.6399,0.6161,1.0e-04,,,3.5
270,25.42,19.1060,160.7106,42.4034,0.6180,1.0e-04,24.93,0.41,5.4
271,24.44,18.2666,182.4937,44.2827,0.6125,1.0e-04,,,3.5
272,25.93,19.3555,175.1051,47.9620,0.6147,1.0e-04,,,3.5
273,25.30,18.7026,167.2585,42.1335,0.6227,1.0e-04,,,6.4
274,24.24,17.7925,172.5871,42.7173,0.6212,1.0e-04,,,3.5
275,24.34,18.0435,189.2039,43.8214,0.6146,1.0e-04,,,6.1
276,25.42,18.7109,179.8974,44.2273,0.6125,1.0e-04,,,5.2
277,25.22,18.6279,174.0846,46.5142,0.6117,1.0e-04,,,6.1
278,24.52,17.9009,178.3400,44.3571,0.6118,1.0e-04,,,3.5
279,22.79,16.6553,191.0405,40.9737,0.6148,1.0e-04,,,6.0
280,25.70,19.1641,161.5121,43.8665,0.6132,1.0e-04,25.98,0.49,6.0
281,22.69,16.4648,192.1749,42.0757,0.6175,1.0e-04,,,5.9
282,24.40,18.0762,150.4150,42.9256,0.6159,1.0e-04,,,3.4
283,23.27,17.1113,172.6207,41.0312,0.6187,1.0e-04,,,3.4
284,24.62,18.1860,158.1613,40.7946,0.6199,1.0e-04,,,3.5
285,25.39,18.9580,155.9497,40.3949,0.6146,1.0e-04,,,5.4
286,24.19,17.9375,169.5993,41.0149,0.6168,1.0e-04,,,3.5
287,25.20,18.7544,141.7885,41.0938,0.6171,1.0e-04,,,6.4
288,25.10,18.5083,163.7884,42.2699,0.6194,1.0e-04,,,6.4
289,24.45,17.9126,175.5953,42.1815,0.6201,1.0e-04,,,5.4
290,24.40,18.1016,178.2283,42.5357,0.6158,1.0e-04,25.17,0.48,3.6
291,25.78,19.2588,167.1912,44.5710,0.6152,1.0e-04,,,3.5
292,25.29,18.9297,167.1050,43.9915,0.6171,1.0e-04,,,3.5
293,24.77,18.2251,174.9215,42.8601,0.6176,1.0e-04,,,6.1
294,25.38,18.6055,184.8091,46.4006,0.6233,1.0e-04,,,5.1
295,24.10,17.6279,180.1045,44.0565,0.6171,1.0e-04,,,6.0
296,24.67,18.4741,176.0614,42.6518,0.6113,1.0e-04,,,6.0
297,24.13,17.9009,169.6293,42.6131,0.6151,1.0e-04,,,3.5
298,24.10,17.9668,180.2892,43.3750,0.6019,1.0e-04,,,6.0
299,24.52,18.4673,163.6589,43.3065,0.6069,1.0e-04,,,5.1
300,25.23,19.1865,173.1046,44.7898,0.6110,1.0e-04,24.92,0.36,6.0
301,24.29,18.2046,176.8235,42.8810,0.6190,1.0e-04,,,6.0
302,26.02,19.5640,178.9089,44.0734,0.6194,1.0e-04,,,3.6
303,25.07,18.5806,168.5313,43.5682,0.6201,1.0e-04,,,3.6
304,23.88,17.4165,180.0195,40.9531,0.6203,1.0e-04,,,6.6
305,25.48,18.6382,151.5250,42.6562,0.6149,1.0e-04,,,5.6
306,23.25,16.7944,174.7558,37.7344,0.6221,1.0e-04,,,3.6
307,24.04,17.6826,141.2457,35.5089,0.6223,1.0e-04,,,6.9
308,24.13,17.6333,134.8534,39.5565,0.6088,1.0e-04,,,6.2
309,24.75,18.0273,153.9836,38.7917,0.6171,1.0e-04,,,3.5
310,23.94,17.2500,162.5326,42.0536,0.6113,1.0e-04,24.85,0.69,3.5
311,25.39,18.2637,128.0503,40.6761,0.6075,1.0e-04,,,3.5
312,24.53,17.7310,157.3606,43.8631,0.6124,1.0e-04,,,3.5
313,24.36,17.7354,145.4300,42.0446,0.6179,1.0e-04,,,5.1
314,25.29,18.7144,167.1967,46.1165,0.6176,1.0e-04,,,3.5
315,25.28,18.7427,167.1829,45.7926,0.6197,1.0e-04,,,3.5
316,23.72,17.4185,169.9878,42.4781,0.6183,1.0e-04,,,6.0
317,24.54,17.9697,164.9292,41.3512,0.6244,1.0e-04,,,3.4
318,24.30,17.6841,175.5048,44.2827,0.6162,1.0e-04,,,6.1
319,23.55,17.0986,163.3790,41.1031,0.6240,1.0e-04,,,5.1
320,23.65,17.4131,150.1716,40.7875,0.6241,1.0e-04,25.44,0.37,6.0
321,25.28,18.9556,143.6690,41.1165,0.6146,1.0e-04,,,3.5
322,22.96,17.0015,165.2982,43.3188,0.6121,1.0e-04,,,5.4
323,24.17,18.2329,172.5229,41.0565,0.6141,1.0e-04,,,6.4
324,25.05,18.9927,148.9294,40.9517,0.6181,1.0e-04,,,5.3
325,26.45,20.0806,161.3721,45.8913,0.6154,1.0e-04,,,5.3
326,24.71,18.4526,160.8393,44.7351,0.6135,1.0e-04,,,3.5
327,23.47,17.3940,168.2392,40.9562,0.6216,1.0e-04,,,3.5
328,24.52,18.1528,155.1597,41.8571,0.6258,1.0e-04,,,5.2
329,25.29,18.8066,161.1493,44.9801,0.6222,1.0e-04,,,6.2
330,25.09,18.4209,152.2816,42.5653,0.6185,1.0e-04,25.89,0.51,3.5
331,25.14,18.6387,185.3790,44.2926,0.6217,1.0e-04,,,6.0
332,25.08,18.6860,176.6501,44.1506,0.6249,1.0e-04,,,6.0
333,24.16,17.7119,182.7663,44.1280,0.6241,1.0e-04,,,3.5
334,25.57,19.1597,170.5493,46.6591,0.6215,1.0e-04,,,6.1
335,24.43,17.8784,196.4919,46.9405,0.6216,1.0e-04,,,3.5
336,24.49,18.0591,173.2529,42.5298,0.6200,1.0e-04,,,5.2
337,26.04,19.3433,167.6294,43.5788,0.6249,1.0e-04,,,5.2
338,24.80,18.4570,153.2409,40.7946,0.6261,1.0e-04,,,6.1
339,24.50,18.1099,156.3529,46.1518,0.6212,1.0e-04,,,3.5
340,25.16,18.5278,184.8867,45.3892,0.6195,1.0e-04,25.91,0.48,6.0
341,24.47,18.1289,177.7407,41.9315,0.6153,1.0e-04,,,5.2
342,24.50,18.0596,173.5821,45.1250,0.6169,1.0e-04,,,3.5
343,24.97,18.5811,165.3341,42.7131,0.6181,1.0e-04,,,5.2
344,27.07,20.3101,154.8374,45.3073,0.6176,1.0e-04,,,6.2
345,24.36,18.0430,160.1603,41.8482,0.6147,1.0e-04,,,3.5
346,25.11,18.8364,165.2255,42.6108,0.6104,1.0e-04,,,3.5
347,24.11,18.0884,155.1508,41.2351,0.6123,1.0e-04,,,3.5
348,24.88,18.6890,156.2932,40.0804,0.6140,1.0e-04,,,6.1
349,24.82,18.4736,140.8377,38.9613,0.6203,1.0e-04,,,3.5
350,24.79,18.5347,143.9865,39.9137,0.6246,1.0e-04,26.12,0.43,6.1
351,23.84,17.6182,153.6575,43.3750,0.6223,1.0e-04,,,3.5
352,25.76,19.2935,159.5610,44.4858,0.6250,1.0e-04,,,3.5
353,24.69,18.2944,162.8466,44.0119,0.6194,1.0e-04,,,6.1
354,25.09,18.7065,161.4335,40.6477,0.6161,1.0e-04,,,3.5
355,23.11,17.2344,177.1865,39.8500,0.6171,1.0e-04,,,3.5
356,23.57,17.6528,144.3770,44.5031,0.6201,1.0e-04,,,6.1
357,23.88,17.6948,164.2657,40.2917,0.6135,1.0e-04,,,5.2
358,24.44,18.3604,174.1281,44.8482,0.6130,1.0e-04,,,3.5
359,23.97,17.7676,173.7839,42.3214,0.6220,1.0e-04,,,3.5
360,24.62,18.2251,172.2592,44.4911,0.6219,1.0e-04,26.48,0.49,6.2
361,23.12,16.8740,178.3304,42.5969,0.6203,1.0e-04,,,6.1
362,25.60,18.9536,170.2635,41.8835,0.6216,1.0e-04,,,3.5
363,24.66,18.3740,165.7033,47.2143,0.6148,1.0e-04,,,3.5
364,24.71,18.5107,155.1140,45.2440,0.6173,1.0e-04,,,6.1
365,24.12,17.8452,166.4997,40.6339,0.6238,1.0e-04,,,6.1
366,25.93,19.4102,142.8324,42.9755,0.6193,1.0e-04,,,5.2
367,22.67,16.6294,159.9580,43.9704,0.6189,1.0e-04,,,6.1
368,24.04,17.7100,165.0137,41.7440,0.6184,1.0e-04,,,3.5
369,25.76,19.2305,165.6846,45.1960,0.6186,1.0e-04,,,3.5
370,25.94,19.3232,154.8209,43.0489,0.6213,1.0e-04,26.13,0.48,3.5
371,25.77,19.2764,146.9059,43.7642,0.6138,1.0e-04,,,6.1
372,24.34,17.8877,161.6882,43.6935,0.6186,1.0e-04,,,3.5
373,26.68,19.9590,160.3156,44.0299,0.6187,1.0e-04,,,6.1
374,24.21,17.7959,180.5110,45.6339,0.6216,1.0e-04,,,6.0
375,24.64,18.2090,141.9027,41.3185,0.6258,1.0e-04,,,3.5
376,24.86,18.4517,176.6688,42.8571,0.6222,1.0e-04,,,6.0
377,25.82,19.5542,176.9183,47.8835,0.6177,1.0e-04,,,3.5
378,23.98,18.0117,191.5930,44.9792,0.6213,1.0e-04,,,5.2
379,25.38,19.2285,175.4255,44.9915,0.6231,1.0e-04,,,3.5
380,25.36,19.1274,174.3618,46.3551,0.6233,1.0e-04,25.56,0.44,5.3
381,24.55,18.2808,170.8235,44.4702,0.6146,1.0e-04,,,3.5
382,24.65,18.4399,153.4920,42.0357,0.6185,1.0e-04,,,6.1
383,24.60,18.4751,182.6867,46.5357,0.6168,1.0e-04,,,3.5
384,25.28,18.9399,179.9036,44.5028,0.6161,1.0e-04,,,6.4
385,24.53,18.3408,179.9339,44.9583,0.6153,1.0e-04,,,3.5
386,25.34,19.0210,154.3649,44.4034,0.6157,1.0e-04,,,3.5
387,24.47,18.3726,181.9742,46.1756,0.6190,1.0e-04,,,3.5
388,25.13,18.6519,175.0290,43.8864,0.6189,1.0e-04,,,6.1
389,24.62,18.4434,176.7499,49.0893,0.6173,1.0e-04,,,3.5
390,25.70,19.3643,181.3046,46.7670,0.6181,1.0e-04,25.11,0.48,3.5
391,24.30,17.9810,168.0804,45.4494,0.6238,1.0e-04,,,6.1
392,25.17,18.8052,165.7211,43.7301,0.6171,1.0e-04,,,6.1
393,23.25,17.1333,158.1764,39.4781,0.6181,1.0e-04,,,6.0
394,24.33,18.1699,155.2978,42.5446,0.6070,1.0e-04,,,3.5
395,24.15,18.2007,166.7915,44.9077,0.6158,1.0e-04,,,3.5
396,24.16,18.1133,169.0784,40.9286,0.6211,1.0e-04,,,3.5
397,25.45,19.1631,168.4040,45.4574,0.6206,1.0e-04,,,3.5
398,25.22,18.9355,159.5183,41.4347,0.6208,1.0e-04,,,3.5
399,25.55,19.1533,170.9116,45.4744,0.6229,1.0e-04,,,3.5
400,23.81,17.7393,165.3911,43.2687,0.6230,1.0e-04,25.28,0.46,6.1
401,24.43,18.1074,158.2922,45.5060,0.6207,1.0e-04,,,5.4
402,24.48,18.2212,151.5142,40.8661,0.6195,1.0e-04,,,5.5
403,25.78,19.2710,160.1499,42.4176,0.6231,1.0e-04,,,6.4
404,24.18,18.0518,184.9213,42.8929,0.6085,1.0e-04,,,3.5
405,26.01,19.7910,167.2565,44.3777,0.6164,1.0e-04,,,5.4
406,23.61,17.6450,168.4707,39.5969,0.6163,1.0e-04,,,6.1
407,24.01,17.7925,151.1940,41.8810,0.6194,1.0e-04,,,3.5
408,26.46,19.8203,157.0147,44.4946,0.6113,1.0e-04,,,3.5
409,24.56,18.2734,165.4694,42.4345,0.6183,1.0e-04,,,6.0
410,25.47,18.9375,180.7287,44.4574,0.6128,1.0e-04,25.99,0.54,3.5
411,25.97,19.2285,146.9363,46.3179,0.6142,1.0e-04,,,6.2
412,24.89,18.4673,164.8182,42.6518,0.6138,1.0e-04,,,6.0
413,24.53,17.9614,153.4397,42.1964,0.6174,1.0e-04,,,5.3
414,25.45,18.8232,158.4755,42.3949,0.6186,1.0e-04,,,5.2
415,24.24,17.8379,155.5877,41.7292,0.6159,1.0e-04,,,3.5
416,24.19,17.8789,154.7539,39.8750,0.6201,1.0e-04,,,6.1
417,25.56,19.1587,141.8420,44.6335,0.6187,1.0e-04,,,3.5
418,25.31,19.0034,165.2380,44.4460,0.6123,1.0e-04,,,6.4
419,24.79,18.3125,165.3311,42.1726,0.6160,1.0e-04,,,3.5
420,24.98,18.3403,151.9912,41.5795,0.6153,1.0e-04,26.25,0.53,3.5
421,24.81,18.2490,154.1157,41.7946,0.6192,1.0e-04,,,3.5
422,25.21,18.7563,157.0999,43.8778,0.6167,1.0e-04,,,6.2
423,25.20,18.8979,149.6519,42.1733,0.6142,1.0e-04,,,6.1
424,25.73,19.3320,172.0861,45.4972,0.6127,1.0e-04,,,3.5
425,25.06,18.5215,167.9707,45.7415,0.6174,1.0e-04,,,3.5
426,24.52,17.9556,191.9952,43.5387,0.6185,1.0e-04,,,3.5
427,25.95,19.3408,153.3973,46.8940,0.6186,1.0e-04,,,6.3
428,24.92,18.5825,152.4977,44.3580,0.6186,1.0e-04,,,3.5
429,24.34,17.9097,170.9027,44.2173,0.6188,1.0e-04,,,3.5
430,24.43,18.1787,158.2037,41.6667,0.6184,1.0e-04,25.82,0.39,5.1
431,25.42,19.0972,184.8869,44.5881,0.6183,1.0e-04,,,3.5
432,24.72,18.7485,163.0757,43.9524,0.6093,1.0e-04,,,3.5
433,24.33,18.1646,169.4202,44.8304,0.6178,1.0e-04,,,6.1
434,24.52,18.3325,167.9021,46.0357,0.6123,1.0e-04,,,3.5
435,25.33,18.9521,171.7803,45.4886,0.6085,1.0e-04,,,6.1
436,24.67,18.3335,170.3949,45.9256,0.6114,1.0e-04,,,6.4
437,24.22,17.9429,169.1334,42.9226,0.6155,1.0e-04,,,6.4
438,25.46,18.7930,173.3922,45.6506,0.6142,1.0e-04,,,3.5
439,25.45,18.9893,170.3889,46.3523,0.6189,1.0e-04,,,3.5
440,25.11,18.7280,190.8856,45.6278,0.6126,1.0e-04,26.09,0.43,3.5
441,25.76,19.3696,174.6400,50.5597,0.6045,1.0e-04,,,6.2
442,24.67,18.4575,177.0994,46.8333,0.6042,1.0e-04,,,6.1
443,25.42,19.1846,173.8032,43.6534,0.5994,1.0e-04,,,3.5
444,25.87,19.6973,193.5437,46.0227,0.6032,1.0e-04,,,6.1
445,25.36,19.1416,179.0902,45.6619,0.6125,1.0e-04,,,6.0
446,24.64,18.3286,170.8553,41.6190,0.6094,1.0e-04,,,3.5
447,24.50,18.4297,164.9164,42.7232,0.6122,1.0e-04,,,3.5
448,26.26,19.7266,164.4329,46.8859,0.6140,1.0e-04,,,3.5
449,25.54,19.3315,175.7674,45.7415,0.6135,1.0e-04,,,5.1
450,25.60,19.2773,171.4387,47.8068,0.6105,1.0e-04,26.46,0.50,6.0
451,25.37,18.9009,180.4569,48.6676,0.6068,1.0e-04,,,3.5
452,24.23,17.9810,186.7472,47.4435,0.6018,1.0e-04,,,3.5
453,24.79,18.6270,205.5407,50.2054,0.5997,1.0e-04,,,3.5
454,27.27,20.8208,191.6494,49.1927,0.5999,1.0e-04,,,3.6
455,25.02,19.1113,173.8487,47.2557,0.5962,1.0e-04,,,3.5
456,25.30,19.1211,169.0806,46.3920,0.6064,1.0e-04,,,3.5
457,24.99,18.7568,185.6940,51.0739,0.6003,1.0e-04,,,3.5
458,25.64,19.4043,201.2862,48.8295,0.5977,1.0e-04,,,3.5
459,25.38,19.1064,198.9619,48.6477,0.6018,1.0e-04,,,3.5
460,24.41,18.3799,192.1680,46.2530,0.6083,1.0e-04,25.29,0.36,3.5
461,24.55,18.5474,201.6681,50.2589,0.5948,1.0e-04,,,3.5
462,24.70,18.6719,180.3676,47.0536,0.5999,1.0e-04,,,3.5
463,25.67,19.5522,204.3334,50.9489,0.6020,1.0e-04,,,6.1
464,25.21,19.1768,205.9986,49.0057,0.5967,1.0e-04,,,6.1
465,25.57,19.3662,193.1137,48.2727,0.6099,1.0e-04,,,6.0
466,25.46,19.0884,187.0075,49.1790,0.6054,1.0e-04,,,5.1
467,24.35,18.1929,187.0785,46.6429,0.6033,1.0e-04,,,5.1
468,25.24,19.0010,187.6282,46.7898,0.5975,1.0e-04,,,6.0
469,23.88,17.8745,178.5892,45.9719,0.6055,1.0e-04,,,5.9
470,26.24,19.8379,194.2389,47.4484,0.6025,1.0e-04,25.06,0.33,3.5
471,25.97,19.8345,173.4043,46.2500,0.6021,1.0e-04,,,3.5
472,24.20,18.1445,170.9333,44.6696,0.6103,1.0e-04,,,6.4
473,25.33,18.9751,182.0549,46.4858,0.6033,1.0e-04,,,3.6
474,25.16,19.0200,186.3614,45.4631,0.6100,1.0e-04,,,3.6
475,25.10,18.7642,180.2308,47.4119,0.6069,1.0e-04,,,3.5
476,26.11,19.5322,175.2644,49.9674,0.6126,1.0e-04,,,3.5
477,24.70,18.1338,191.7786,45.1488,0.6053,1.0e-04,,,3.5
478,25.94,19.0562,178.2704,45.3261,0.6061,1.0e-04,,,3.6
479,24.94,18.5005,185.9146,46.2898,0.6094,1.0e-04,,,3.5
480,24.96,18.4512,173.4319,47.2841,0.6077,1.0e-04,26.14,0.46,3.5
481,26.66,20.1089,185.9541,45.8342,0.6064,1.0e-04,,,3.5
482,25.73,19.3008,178.4000,49.1307,0.6145,1.0e-04,,,6.1
483,24.26,18.0039,171.7131,44.5060,0.6133,1.0e-04,,,3.5
484,25.53,19.0972,165.6592,45.4688,0.6152,1.0e-04,,,3.5
485,23.67,17.5464,172.7315,45.2844,0.6152,1.0e-04,,,6.0
486,25.30,18.9795,168.7768,43.4091,0.6151,1.0e-04,,,6.0
487,22.69,16.7139,176.9752,43.7072,0.6213,1.0e-04,,,3.4
488,24.71,18.3809,160.6100,42.0655,0.6200,1.0e-04,,,5.9
489,25.69,19.0010,171.9868,44.5938,0.6198,1.0e-04,,,3.5
490,25.38,18.9004,174.7199,44.4460,0.6219,1.0e-04,25.91,0.48,5.2
491,25.56,18.9810,162.1276,43.5653,0.6226,1.0e-04,,,3.6
492,24.93,18.5840,167.6320,45.1392,0.6205,1.0e-04,,,3.5
493,25.41,18.9790,168.0487,42.9261,0.6205,1.0e-04,,,3.6
494,24.96,18.6934,156.2790,40.5170,0.6204,1.0e-04,,,6.7
495,24.58,18.1113,163.8735,42.8929,0.6208,1.0e-04,,,3.5
496,24.91,18.4004,158.4075,42.9290,0.6172,1.0e-04,,,6.4
497,25.09,18.7710,178.3860,46.8040,0.6212,1.0e-04,,,6.4
498,25.17,18.7280,164.4976,43.8778,0.6235,1.0e-04,,,3.5
499,24.11,17.9106,170.8973,43.7321,0.6183,1.0e-04,,,3.5
500,25.59,19.0410,176.7043,45.2102,0.6186,1.0e-04,25.42,0.42,3.5
501,26.40,19.9033,179.1208,48.4511,0.6214,1.0e-04,,,3.5
502,25.66,19.0923,198.9018,46.7841,0.6195,1.0e-04,,,6.1
503,26.09,19.5703,165.6514,48.3913,0.6195,1.0e-04,,,3.5
504,24.93,18.6797,193.1237,46.4943,0.6201,1.0e-04,,,6.0
505,26.44,20.0547,177.0057,48.7880,0.6154,1.0e-04,,,5.1
506,25.41,19.1753,170.2164,45.6108,0.6146,1.0e-04,,,5.1
507,24.65,18.3779,153.6329,45.4494,0.6135,1.0e-04,,,3.5
508,24.93,18.4375,177.7865,50.7500,0.6120,1.0e-04,,,3.5
509,24.41,17.9438,214.0418,47.4673,0.6141,1.0e-04,,,3.5
510,25.61,18.8853,167.2735,43.3778,0.6131,1.0e-04,25.43,0.56,3.5
511,24.31,17.7637,186.5635,45.6161,0.6136,1.0e-04,,,6.4
512,24.93,18.6729,177.2840,50.1364,0.6114,1.0e-04,,,6.7
513,26.77,20.0811,169.8149,49.8125,0.6103,1.0e-04,,,3.6
514,25.92,19.3232,178.1209,49.1359,0.6125,1.0e-04,,,3.5
515,24.74,18.4844,184.3125,48.8810,0.6096,1.0e-04,,,3.5
516,24.41,17.9985,175.7948,46.2292,0.6126,1.0e-04,,,3.5
517,26.66,20.1343,172.2369,51.2174,0.6110,1.0e-04,,,6.3
518,23.92,17.6533,186.4840,44.4435,0.6154,1.0e-04,,,3.5
519,25.01,18.5356,177.9252,47.0767,0.6190,1.0e-04,,,3.5
520,25.43,19.0308,174.5961,45.6875,0.6127,1.0e-04,25.78,0.42,5.2
521,25.32,18.9810,169.4432,48.4176,0.6160,1.0e-04,,,3.5
522,25.64,19.0142,183.4846,45.9602,0.6185,1.0e-04,,,3.5
523,25.73,18.9785,159.4155,44.2756,0.6182,1.0e-04,,,6.0
524,24.57,17.8521,163.5815,43.6071,0.6131,1.0e-04,,,6.0
525,24.89,18.2236,163.0946,47.9659,0.6114,1.0e-04,,,3.5
526,25.96,18.9482,165.8063,43.6984,0.5922,1.0e-04,,,5.1
527,24.58,17.7715,144.1474,44.9554,0.6069,1.0e-04,,,6.0
528,25.29,18.5015,160.7849,48.0881,0.6112,1.0e-04,,,3.5
529,25.87,19.0786,170.4808,48.2585,0.6076,1.0e-04,,,6.0
530,25.36,18.9272,178.0790,46.5682,0.6116,1.0e-04,25.88,0.44,3.5
531,25.28,18.8154,160.6718,44.1932,0.6157,1.0e-04,,,3.5
532,25.54,19.1060,157.1809,44.7699,0.6062,1.0e-04,,,3.5
533,25.45,18.9023,145.8331,42.9659,0.6142,1.0e-04,,,5.4
534,26.02,19.4541,153.6192,44.3804,0.6092,1.0e-04,,,5.4
535,24.90,18.6211,157.9803,46.2784,0.6135,1.0e-04,,,3.5
536,24.90,18.6582,142.5136,43.4403,0.6127,1.0e-04,,,3.5
537,25.38,19.2437,161.4811,44.3977,0.6083,1.0e-04,,,5.3
538,25.99,19.8945,156.3704,45.8696,0.5997,1.0e-04,,,5.2
539,25.12,19.1196,157.8471,45.8011,0.6089,1.0e-04,,,6.1
540,24.81,18.7139,177.7851,50.4643,0.6035,1.0e-04,25.02,0.34,3.5
541,25.39,19.2227,175.0857,45.6364,0.6117,1.0e-04,,,3.5
542,25.07,18.8560,161.8920,45.4460,0.6129,1.0e-04,,,6.0
543,24.25,18.1504,166.7672,44.2976,0.6047,1.0e-04,,,3.5
544,25.21,18.8286,174.5502,47.5284,0.6124,1.0e-04,,,3.5
545,25.84,19.6558,204.1825,47.8324,0.5997,1.0e-04,,,3.5
546,24.81,18.6724,188.1811,47.7857,0.6048,1.0e-04,,,3.5
547,25.18,19.0879,181.1058,48.0653,0.6055,1.0e-04,,,3.5
548,24.27,18.2036,185.0585,47.6369,0.6023,1.0e-04,,,3.5
549,24.64,18.3809,175.1485,46.4018,0.6064,1.0e-04,,,6.1
550,23.75,17.6631,213.4642,46.5219,0.6026,1.0e-04,26.40,0.44,6.1
551,24.86,18.6748,181.2414,48.5506,0.6070,1.0e-04,,,3.5
552,24.74,18.3418,173.8624,47.4137,0.6106,1.0e-04,,,3.5
553,25.38,18.8359,180.0461,48.8750,0.6149,1.0e-04,,,3.5
554,25.42,19.0103,165.0331,46.1960,0.6128,1.0e-04,,,3.5
555,25.45,19.0029,190.1115,49.4233,0.6107,1.0e-04,,,3.5
556,25.33,18.6675,171.3543,47.9091,0.6146,1.0e-04,,,3.5
557,24.54,18.2637,185.9589,49.5268,0.6129,1.0e-04,,,3.5
558,24.75,18.5547,184.1808,50.5952,0.6102,1.0e-04,,,6.2
559,24.95,18.6758,179.1175,47.3438,0.6098,1.0e-04,,,3.5
560,24.91,18.6294,177.7008,47.0142,0.6155,1.0e-04,26.22,0.38,3.5
561,25.55,19.2949,180.0263,50.1875,0.6140,1.0e-04,,,3.5
562,24.98,18.8037,191.9501,51.1420,0.6006,1.0e-04,,,3.5
563,25.09,19.0801,194.3869,49.4631,0.5922,1.0e-04,,,3.5
564,24.15,18.3096,190.4072,49.7054,0.6055,1.0e-04,,,3.5
565,25.77,19.6831,185.1886,49.0142,0.5950,1.0e-04,,,3.5
566,25.36,19.3271,165.6112,45.9943,0.6013,1.0e-04,,,3.5
567,24.72,18.6216,174.5765,45.3780,0.5970,1.0e-04,,,3.5
568,25.38,19.1875,197.5223,51.5966,0.6009,1.0e-04,,,3.5
569,26.38,19.8774,170.7009,48.3152,0.6066,1.0e-04,,,3.5
570,25.56,19.1382,193.7646,49.4347,0.6074,1.0e-04,26.39,0.43,3.5
571,25.46,19.0039,184.9231,47.8409,0.6039,1.0e-04,,,5.2
572,25.15,18.8828,190.2792,49.3494,0.6006,1.0e-04,,,3.5
573,25.50,19.4780,184.9995,47.5710,0.6029,1.0e-04,,,5.2
574,25.43,19.1455,179.8954,47.9744,0.6073,1.0e-04,,,5.2
575,26.03,19.6147,183.6491,49.7038,0.6012,1.0e-04,,,3.5
576,24.60,18.5762,198.2697,50.8958,0.5963,1.0e-04,,,3.5
577,26.73,20.4390,179.3732,50.5978,0.6078,1.0e-04,,,3.5
578,25.55,19.2251,209.9717,50.8324,0.6055,1.0e-04,,,3.5
579,25.42,19.1812,178.2187,45.4148,0.6080,1.0e-04,,,5.3
580,24.68,18.3433,166.3503,48.1131,0.6112,1.0e-04,26.16,0.50,3.5
581,26.58,19.8594,162.3282,49.1386,0.6071,1.0e-04,,,3.5
582,24.42,18.0532,184.1903,48.3899,0.6108,1.0e-04,,,3.5
583,25.86,19.1855,174.0382,49.1023,0.6033,1.0e-04,,,3.5
584,25.33,18.9170,193.3606,47.2159,0.6035,1.0e-04,,,3.5
585,25.26,18.8867,168.6471,47.3267,0.6040,1.0e-04,,,3.5
586,25.12,18.7935,172.5001,49.4318,0.5966,1.0e-04,,,3.5
587,25.56,19.2241,181.5242,49.5114,0.6023,1.0e-04,,,3.5
588,25.42,18.9692,154.6336,43.8665,0.6036,1.0e-04,,,3.5
589,24.74,18.5815,174.5912,46.1994,0.6037,1.0e-04,,,3.5
590,26.21,19.7485,167.3706,47.5951,0.6020,1.0e-04,26.10,0.38,3.5
591,25.33,19.0410,162.9076,47.4375,0.5980,1.0e-04,,,3.5
592,25.85,19.6562,173.1274,49.5227,0.5987,1.0e-04,,,3.5
593,26.60,20.1782,169.7022,47.9457,0.6004,1.0e-04,,,5.2
594,25.80,19.4365,183.7354,49.2983,0.5986,1.0e-04,,,6.0
595,25.24,19.0083,163.3947,46.4290,0.5972,1.0e-04,,,3.5
596,25.71,19.5532,169.3657,47.2074,0.5905,1.0e-04,,,3.5
597,25.60,19.4785,168.9489,45.2216,0.5924,1.0e-04,,,6.0
598,24.68,18.6265,166.6418,45.9018,0.5913,1.0e-04,,,3.5
599,24.45,18.4419,183.2626,45.9702,0.5987,1.0e-04,,,3.5
600,25.47,19.2427,185.4158,48.8608,0.5970,1.0e-04,25.24,0.36,3.5
601,26.23,20.0127,173.6627,46.5788,0.5901,1.0e-04,,,3.5
602,24.88,18.8872,166.2161,45.6193,0.5964,1.0e-04,,,6.1
603,25.13,18.8369,169.0254,45.8068,0.5963,1.0e-04,,,3.5
604,26.36,20.0605,166.3975,47.6033,0.5922,1.0e-04,,,3.5
605,25.66,19.4614,171.4534,48.9318,0.5983,1.0e-04,,,3.5
606,26.23,20.1147,181.2376,48.3777,0.5859,1.0e-04,,,3.5
607,25.99,19.9487,190.8019,48.4918,0.5795,1.0e-04,,,3.5
608,25.95,19.8120,167.1406,46.5462,0.5853,1.0e-04,,,3.5
609,25.49,19.3398,184.4169,47.6705,0.5951,1.0e-04,,,3.5
610,23.62,17.7490,202.5180,48.5375,0.5818,1.0e-04,24.73,0.30,3.5
611,24.22,18.4658,180.7606,47.5595,0.5872,1.0e-04,,,6.2
612,26.65,20.3506,170.4945,45.7826,0.5951,1.0e-04,,,3.5
613,26.40,20.1865,174.1272,47.6630,0.5904,1.0e-04,,,3.5
614,26.11,19.8867,161.5356,47.5000,0.5922,1.0e-04,,,6.1
615,25.04,18.6680,157.6105,44.9886,0.6000,1.0e-04,,,5.2
616,25.83,19.3687,165.8378,45.9403,0.5966,1.0e-04,,,3.5
617,26.25,19.8896,171.4563,48.5679,0.5916,1.0e-04,,,3.5
618,25.97,19.3877,171.4470,52.0870,0.5995,1.0e-04,,,3.5
619,25.36,18.9067,170.3079,49.6335,0.6013,1.0e-04,,,3.5
620,25.79,19.1362,177.9034,51.7216,0.5963,1.0e-04,26.55,0.51,6.0
621,25.90,19.2939,179.7899,49.1549,0.5977,1.0e-04,,,3.5
622,25.72,19.3477,185.5773,46.9006,0.5981,1.0e-04,,,3.5
623,26.10,19.7114,181.8823,47.9049,0.5957,1.0e-04,,,6.1
624,25.26,19.0767,177.7596,48.3778,0.5906,1.0e-04,,,3.5
625,25.34,19.1978,153.5898,47.5881,0.5864,1.0e-04,,,3.5
626,25.89,19.7466,160.7735,47.6060,0.5948,1.0e-04,,,3.5
627,26.96,20.5200,165.7426,51.7656,0.6017,1.0e-04,,,3.6
628,25.41,19.0215,168.3985,49.1790,0.6011,1.0e-04,,,3.5
629,23.65,17.5732,163.0342,46.8344,0.5917,1.0e-04,,,6.2
630,25.88,19.4902,182.3317,50.1960,0.5916,1.0e-04,26.21,0.37,3.5
631,25.48,19.3154,176.6015,49.6591,0.5917,1.0e-04,,,5.3
632,24.02,18.1768,184.3858,45.6190,0.5804,1.0e-04,,,5.2
633,26.10,20.1274,198.7471,48.2147,0.5717,1.0e-04,,,6.1
634,25.66,19.6782,178.9582,49.0653,0.5842,1.0e-04,,,3.5
635,25.77,19.7397,193.3568,51.6875,0.5872,1.0e-04,,,3.5
636,25.24,19.2554,197.3276,50.4205,0.5847,1.0e-04,,,3.5
637,26.27,19.9551,176.8927,48.3424,0.5910,1.0e-04,,,3.5
638,25.25,18.8550,178.8639,49.5142,0.6005,1.0e-04,,,3.5
639,25.42,19.0137,187.6081,46.2869,0.5998,1.0e-04,,,3.5
640,23.36,17.1870,167.5437,43.7094,0.5988,1.0e-04,25.81,0.42,3.5
641,25.97,19.6074,179.0079,47.1630,0.6005,1.0e-04,,,3.5
642,25.54,19.1772,147.9826,45.7841,0.5964,1.0e-04,,,3.5
643,24.84,18.4390,184.3096,45.5149,0.6021,1.0e-04,,,3.5
644,25.48,19.3071,177.7730,49.6222,0.5967,1.0e-04,,,3.5
645,25.56,19.3423,177.3885,46.3295,0.5873,1.0e-04,,,5.4
646,24.31,18.2749,171.4461,45.5982,0.6004,1.0e-04,,,3.5
647,24.34,18.1572,149.2057,44.7946,0.5981,1.0e-04,,,3.5
648,24.71,18.4292,148.6901,43.7798,0.6032,1.0e-04,,,3.5
649,25.70,19.3613,163.6797,45.8977,0.5945,1.0e-04,,,6.4
650,25.02,18.8354,158.7187,44.1278,0.5953,1.0e-04,25.63,0.32,3.5
651,24.72,18.7363,153.4201,42.3423,0.5917,1.0e-04,,,3.6
652,26.08,19.7393,162.6425,47.1033,0.5992,1.0e-04,,,3.6
653,25.21,18.8750,163.8543,44.2188,0.5985,1.0e-04,,,3.5
654,25.26,19.0278,155.3384,47.1222,0.6033,1.0e-04,,,3.5
655,25.92,19.4800,161.6095,48.7799,0.5918,1.0e-04,,,3.5
656,25.08,18.9106,172.7267,46.7812,0.5923,1.0e-04,,,3.5
657,25.53,19.2661,163.3025,46.7784,0.5978,1.0e-04,,,3.5
658,24.61,18.4551,165.4129,47.5506,0.6010,1.0e-04,,,3.5
659,24.45,18.1113,174.8494,49.6310,0.5918,1.0e-04,,,5.3
660,25.27,18.8184,180.9230,48.1562,0.5977,1.0e-04,26.10,0.47,3.5
661,26.22,19.7642,183.1490,50.8750,0.5998,1.0e-04,,,3.5
662,25.87,19.4111,171.8521,46.7642,0.6009,1.0e-04,,,5.9
663,25.65,19.1680,165.6676,49.3608,0.5994,1.0e-04,,,3.5
664,25.47,19.0239,175.2254,49.4545,0.5964,1.0e-04,,,3.5
665,25.51,19.0190,173.1231,48.9318,0.5982,1.0e-04,,,5.4
666,26.46,20.0923,180.1120,47.1033,0.5965,1.0e-04,,,3.6
667,26.03,19.7290,170.9766,47.7989,0.5986,1.0e-04,,,5.5
668,25.47,19.2515,174.8036,46.2898,0.5962,1.0e-04,,,3.6
669,25.70,19.5830,176.0352,49.4205,0.5991,1.0e-04,,,6.6
670,24.04,17.8340,162.3933,48.4732,0.6039,1.0e-04,27.40,0.42,3.6
671,26.69,20.1670,160.2804,48.5462,0.6004,1.0e-04,,,3.5
672,26.72,20.4038,173.7885,50.1821,0.5954,1.0e-04,,,3.5
673,26.96,20.5557,175.6394,48.4557,0.5904,1.0e-04,,,3.5
674,25.15,19.3291,172.8714,44.8722,0.5829,1.0e-04,,,3.5
675,25.45,19.4326,156.2512,46.3949,0.5850,1.0e-04,,,3.5
676,26.08,20.0498,163.5285,45.4375,0.5846,1.0e-04,,,3.5
677,24.52,18.6011,177.4817,45.3661,0.5829,1.0e-04,,,3.5
678,26.09,19.9863,154.3701,47.7636,0.5926,1.0e-04,,,6.1
679,26.32,19.9248,153.7352,45.6821,0.5993,1.0e-04,,,3.5
680,26.08,19.6206,156.0000,45.2582,0.5979,1.0e-04,26.11,0.38,3.5
681,26.39,20.0591,154.7526,47.2391,0.5957,1.0e-04,,,3.5
682,24.66,18.5845,153.6418,43.4464,0.5940,1.0e-04,,,6.0
683,25.61,19.3228,154.9223,47.5455,0.5891,1.0e-04,,,6.0
684,25.47,19.3960,177.6822,46.7386,0.5851,1.0e-04,,,3.5
685,25.31,19.0522,176.6123,48.4830,0.5930,1.0e-04,,,3.6
686,27.04,20.5532,170.2138,47.1302,0.5924,1.0e-04,,,3.6
687,26.28,19.8145,184.8579,48.7337,0.6006,1.0e-04,,,3.5
688,26.06,19.6875,170.8591,47.7500,0.5969,1.0e-04,,,3.6
689,26.35,19.8867,181.5720,50.2500,0.5943,1.0e-04,,,6.6
690,25.52,19.1401,178.3589,48.7330,0.5963,1.0e-04,25.25,0.38,3.5
691,25.82,19.5000,177.1660,48.5938,0.5964,1.0e-04,,,3.5
692,25.39,19.2251,166.6857,46.8239,0.5891,1.0e-04,,,3.5
693,25.88,19.5884,160.0864,46.9205,0.5940,1.0e-04,,,3.5
694,25.80,19.3335,171.9313,50.2898,0.5952,1.0e-04,,,6.2
695,25.48,19.1963,159.0618,47.4830,0.5939,1.0e-04,,,3.5
696,25.41,19.0059,163.7532,44.9602,0.5966,1.0e-04,,,3.5
697,26.29,19.6680,169.4236,46.0380,0.5947,1.0e-04,,,3.5
698,26.37,19.5210,183.0310,50.0489,0.5977,1.0e-04,,,5.2
699,25.50,18.9893,186.1961,49.6477,0.5928,1.0e-04,,,3.5
700,26.63,19.9282,165.6038,47.8940,0.5957,1.0e-04,26.95,0.52,3.5
701,25.65,19.0098,169.8549,47.1051,0.5928,1.0e-04,,,3.5
702,26.68,19.8560,177.3742,49.3505,0.5926,1.0e-04,,,3.5
703,26.39,19.6260,145.8153,47.5815,0.5854,1.0e-04,,,3.5
704,26.44,19.4922,171.8261,50.6685,0.5887,1.0e-04,,,3.5
705,25.92,19.2373,176.0151,49.7092,0.5897,1.0e-04,,,5.2
706,24.65,18.0396,166.4028,46.0089,0.5840,1.0e-04,,,6.2
707,26.60,19.7876,136.4850,47.0761,0.5875,1.0e-04,,,6.6
708,25.51,18.8018,191.3316,49.3665,0.5854,1.0e-04,,,3.5
709,27.17,20.5371,165.8265,48.8568,0.5929,1.0e-04,,,6.6
710,26.84,20.2075,173.4503,51.6250,0.5909,1.0e-04,27.43,0.48,3.6
711,25.20,18.7197,169.7203,47.8239,0.5970,1.0e-04,,,6.5
712,25.56,18.9570,159.5051,48.4148,0.5910,1.0e-04,,,3.6
713,25.15,18.5142,182.8716,50.7500,0.5903,1.0e-04,,,3.5
714,26.26,19.6094,179.2329,51.2418,0.5955,1.0e-04,,,3.6
715,25.32,18.8799,191.2169,50.7784,0.5957,1.0e-04,,,3.5
716,24.63,18.2593,178.1491,48.2202,0.5988,1.0e-04,,,6.1
717,27.59,20.9238,181.5512,51.1094,0.5923,1.0e-04,,,3.6
718,25.66,19.0991,196.8832,57.0284,0.5895,1.0e-04,,,3.5
719,23.91,17.5361,179.2268,47.4702,0.5952,1.0e-04,,,5.2
720,25.62,19.1147,187.4120,54.9915,0.5931,1.0e-04,26.74,0.50,3.5
721,25.57,18.9092,188.6296,51.0795,0.5909,1.0e-04,,,3.5
722,25.88,19.3472,212.1324,55.9022,0.5872,1.0e-04,,,6.1
723,26.31,19.4961,177.2265,49.6060,0.5896,1.0e-04,,,3.5
724,26.69,19.8315,176.1827,49.6196,0.5879,1.0e-04,,,3.5
725,25.73,18.9878,187.8299,50.6051,0.5859,1.0e-04,,,6.2
726,25.46,18.6006,195.0234,50.8892,0.5859,1.0e-04,,,3.6
727,25.53,18.8853,180.3329,50.5568,0.5896,1.0e-04,,,3.5
728,26.17,19.3765,203.1533,53.4185,0.5807,1.0e-04,,,3.6
729,25.25,18.6646,198.4615,50.9972,0.5860,1.0e-04,,,3.5
730,25.61,18.8438,172.3550,51.9744,0.5948,1.0e-04,26.46,0.54,3.5
731,25.66,19.0464,208.0922,52.4119,0.5925,1.0e-04,,,6.5
732,25.64,19.0298,206.2146,58.4347,0.5880,1.0e-04,,,3.6
733,26.13,19.5229,201.2540,54.6766,0.5821,1.0e-04,,,3.6
734,25.35,18.7656,186.3975,53.8381,0.5885,1.0e-04,,,3.5
735,25.67,18.6875,198.2306,54.9176,0.5875,1.0e-04,,,3.5
736,25.08,18.4111,190.5300,49.8068,0.5806,1.0e-04,,,3.5
737,26.42,19.6353,191.6686,52.0190,0.5873,1.0e-04,,,5.3
738,26.03,19.4922,190.9661,52.0543,0.5887,1.0e-04,,,3.5
739,26.16,19.6211,210.6709,51.4185,0.5923,1.0e-04,,,3.5
740,26.94,20.2158,197.4521,52.4557,0.5843,1.0e-04,26.73,0.45,3.6
741,26.31,19.7559,191.0341,55.1522,0.5940,1.0e-04,,,3.5
742,26.54,19.9556,209.1166,53.1495,0.5890,1.0e-04,,,3.5
743,25.39,18.9663,204.3077,53.9233,0.5898,1.0e-04,,,3.5
744,27.58,20.8569,206.3042,54.0938,0.5852,1.0e-04,,,6.2
745,24.63,18.4053,188.4673,49.1905,0.5867,1.0e-04,,,6.1
746,25.17,18.8081,198.0811,51.0142,0.5882,1.0e-04,,,3.5
747,26.68,20.1162,182.1926,51.1087,0.5849,1.0e-04,,,3.5
748,25.82,19.5078,190.3580,52.9830,0.5807,1.0e-04,,,3.6
749,25.82,19.7485,199.8705,50.3011,0.5831,1.0e-04,,,3.6
750,27.30,20.9736,194.6166,53.5391,0.5783,1.0e-04,24.21,0.30,3.6
751,25.51,19.5767,180.9482,50.5170,0.5724,1.0e-04,,,5.5
752,26.07,20.2285,203.6682,51.4158,0.5624,1.0e-04,,,6.3
753,25.57,19.7656,196.2469,50.4261,0.5596,1.0e-04,,,5.3
754,25.42,19.5137,191.9878,50.0398,0.5699,1.0e-04,,,3.6
755,25.46,19.6152,184.8016,52.7330,0.5668,1.0e-04,,,3.5
756,26.24,20.2168,193.6280,53.3560,0.5739,1.0e-04,,,3.5
757,25.63,19.5312,188.6222,48.2131,0.5863,1.0e-04,,,3.5
758,26.88,20.4980,183.1861,53.4701,0.5868,1.0e-04,,,3.5
759,26.06,19.6943,188.7802,51.6522,0.5894,1.0e-04,,,3.5
760,25.52,19.1616,187.5802,50.0909,0.5828,1.0e-04,26.98,0.43,3.5
761,26.54,20.0381,172.4779,50.0571,0.5899,1.0e-04,,,3.5
762,26.38,19.9033,189.4726,50.4511,0.5915,1.0e-04,,,3.5
763,26.69,19.9502,166.2890,50.2337,0.5883,1.0e-04,,,3.5
764,26.16,19.4390,165.0667,51.0842,0.5871,1.0e-04,,,3.5
765,25.20,18.5337,157.9919,48.0881,0.5839,1.0e-04,,,6.2
766,24.39,17.8633,184.0156,49.5893,0.5902,1.0e-04,,,3.5
767,24.52,18.0317,211.6370,48.5863,0.5866,1.0e-04,,,5.2
768,26.24,19.6323,188.8148,49.2582,0.5804,1.0e-04,,,3.5
769,25.37,19.1250,175.7927,50.2898,0.5854,1.0e-04,,,5.2
770,24.78,18.9019,187.6682,48.7976,0.5657,1.0e-04,24.61,0.32,3.6
771,25.26,19.2397,186.9043,48.6023,0.5703,1.0e-04,,,3.6
772,26.62,20.6924,189.0792,53.7201,0.5548,1.0e-04,,,3.6
773,24.86,19.0229,203.0915,50.1101,0.5652,1.0e-04,,,6.2
774,25.46,19.3599,191.3776,49.3125,0.5705,1.0e-04,,,3.5
775,26.39,20.3218,194.3137,51.1005,0.5652,1.0e-04,,,5.3
776,25.64,19.6250,166.6940,50.9148,0.5691,1.0e-04,,,3.5
777,25.99,19.8101,184.6003,51.8913,0.5688,1.0e-04,,,3.5
778,26.38,20.2344,181.5845,48.1902,0.5671,1.0e-04,,,5.3
779,26.17,19.9062,171.2641,49.9103,0.5705,1.0e-04,,,3.5
780,26.69,20.1577,195.4288,51.4538,0.5751,1.0e-04,27.64,0.42,6.2
781,25.82,19.4717,192.6623,53.7756,0.5663,1.0e-04,,,3.5
782,25.36,19.3413,183.9072,48.6989,0.5772,1.0e-04,,,3.5
783,26.62,20.2012,217.0621,52.6739,0.5823,1.0e-04,,,3.7
784,26.47,20.2012,193.4370,48.6304,0.5753,1.0e-04,,,4.7
785,25.39,19.3198,180.5241,53.0057,0.5804,1.0e-04,,,3.7
786,24.71,18.6729,200.8403,50.5327,0.5750,1.0e-04,,,3.5
787,24.68,18.7563,189.6838,50.6339,0.5662,1.0e-04,,,3.6
788,25.76,19.6377,187.8796,53.0767,0.5840,1.0e-04,,,3.5
789,25.45,19.4917,195.4848,49.4347,0.5722,1.0e-04,,,7.2
790,25.72,19.5171,184.9573,51.1676,0.5782,1.0e-04,26.95,0.43,3.5
791,26.56,20.0542,197.1301,49.8043,0.5836,1.0e-04,,,5.3
792,27.19,20.5781,186.2386,48.5104,0.5813,1.0e-04,,,3.6
793,24.79,18.7388,220.1142,49.0625,0.5718,1.0e-04,,,3.5
794,26.62,20.4453,179.9336,52.1984,0.5755,1.0e-04,,,6.3
795,26.47,20.3530,184.7453,51.4810,0.5734,1.0e-04,,,3.5
796,27.39,20.9824,184.3181,50.6198,0.5761,1.0e-04,,,5.3
797,25.54,19.2583,182.9150,54.1222,0.5825,1.0e-04,,,3.5
798,26.15,19.8247,183.6446,52.4647,0.5791,1.0e-04,,,3.5
799,25.81,19.4736,200.1154,51.0369,0.5781,1.0e-04,,,6.1
800,26.88,20.4370,192.1430,51.2609,0.5791,1.0e-04,26.35,0.43,6.4
801,24.49,18.2363,189.6026,49.1250,0.5790,1.0e-04,,,3.5
802,26.40,19.8647,170.2262,51.1495,0.5808,1.0e-04,,,3.6
803,25.96,19.7715,187.1905,53.8505,0.5783,1.0e-04,,,6.5
804,26.90,20.6650,205.0155,53.7663,0.5658,1.0e-04,,,3.5
805,25.12,19.1694,183.8810,47.8693,0.5751,1.0e-04,,,3.5
806,25.23,18.9688,171.6487,45.8551,0.5843,1.0e-04,,,3.5
807,24.99,18.6426,167.8947,50.4006,0.5834,1.0e-04,,,5.2
808,26.51,20.1030,174.7201,50.4918,0.5729,1.0e-04,,,3.5
809,26.25,19.6807,195.5768,50.4022,0.5835,1.0e-04,,,3.5
810,26.29,19.6045,173.4105,49.3804,0.5764,1.0e-04,28.05,0.52,6.1
811,24.86,18.2646,174.2854,51.0238,0.5877,1.0e-04,,,6.2
812,26.19,19.7998,204.9418,51.2636,0.5767,1.0e-04,,,3.5
813,26.13,19.9834,171.1548,48.8261,0.5813,1.0e-04,,,3.5
814,25.70,19.5264,189.9092,49.4659,0.5858,1.0e-04,,,3.5
815,25.77,19.4590,184.9950,50.0597,0.5792,1.0e-04,,,6.1
816,25.51,19.3789,185.9273,49.5540,0.5743,1.0e-04,,,3.5
817,25.15,18.9858,173.2806,46.3011,0.5743,1.0e-04,,,6.4
818,26.30,20.0977,150.7230,47.2962,0.5755,1.0e-04,,,3.5
819,25.75,19.5498,179.8042,49.7188,0.5776,1.0e-04,,,3.6
820,26.37,20.0527,180.3229,51.2120,0.5849,1.0e-04,25.97,0.39,3.6
821,25.60,19.3569,198.5907,47.9347,0.5802,1.0e-04,,,3.5
822,25.59,19.2827,156.3315,48.4943,0.5867,1.0e-04,,,3.5
823,26.19,19.9053,183.0750,46.2527,0.5832,1.0e-04,,,6.2
824,25.48,19.2808,176.0974,50.3352,0.5812,1.0e-04,,,3.5
825,25.99,19.7422,179.8003,50.7880,0.5847,1.0e-04,,,3.5
826,25.91,19.3516,210.0619,53.2527,0.5816,1.0e-04,,,5.2
827,26.18,19.7622,163.2327,50.6603,0.5840,1.0e-04,,,3.5
828,24.92,18.6348,165.3070,52.4886,0.5833,1.0e-04,,,5.2
829,25.66,19.2695,198.2321,49.3011,0.5746,1.0e-04,,,3.5
830,25.99,19.7710,195.1767,53.1440,0.5713,1.0e-04,26.17,0.41,3.5
831,26.26,19.8740,175.3650,49.8587,0.5756,1.0e-04,,,3.5
832,25.70,19.1650,201.5264,49.5852,0.5723,1.0e-04,,,3.5
833,25.88,19.5142,168.6276,48.3580,0.5852,1.0e-04,,,6.1
834,26.72,19.9233,143.6374,47.4538,0.5844,1.0e-04,,,3.5
835,26.52,19.5845,175.3821,49.0707,0.5846,1.0e-04,,,3.5
836,26.46,19.8340,168.9973,47.1413,0.5857,1.0e-04,,,5.5
837,26.24,19.6919,162.7342,51.7120,0.5896,1.0e-04,,,3.6
838,27.28,20.6577,177.2516,48.0833,0.5838,1.0e-04,,,3.6
839,25.46,18.8730,164.2591,48.5369,0.5836,1.0e-04,,,3.5
840,26.07,19.5664,167.1019,48.5734,0.5875,1.0e-04,25.80,0.37,3.5
841,26.37,20.1577,184.9369,52.1984,0.5784,1.0e-04,,,6.3
842,25.28,19.0737,177.7236,49.8920,0.5786,1.0e-04,,,6.2
843,26.90,20.4971,172.6274,52.6016,0.5797,1.0e-04,,,3.5
844,26.50,20.0181,186.9410,49.7500,0.5808,1.0e-04,,,5.2
845,26.05,19.4702,182.0828,51.6658,0.5879,1.0e-04,,,3.5
846,26.14,19.6650,182.9358,50.5054,0.5828,1.0e-04,,,6.1
847,25.75,19.3027,190.3378,49.3807,0.5780,1.0e-04,,,3.5
848,27.26,20.6567,197.2280,52.7266,0.5840,1.0e-04,,,3.5
849,25.62,19.4419,200.9751,52.5312,0.5690,1.0e-04,,,3.5
850,25.52,19.6606,194.9913,53.0256,0.5668,1.0e-04,25.59,0.34,3.5
851,26.84,20.6758,221.2695,53.5788,0.5675,1.0e-04,,,3.5
852,25.80,19.4468,209.9659,56.4602,0.5827,1.0e-04,,,3.5
853,25.09,18.8340,223.0977,53.2017,0.5806,1.0e-04,,,3.5
854,26.50,20.0083,190.7974,54.2391,0.5830,1.0e-04,,,3.6
855,24.94,18.7725,194.1694,50.5114,0.5829,1.0e-04,,,3.5
856,26.70,20.2549,198.1366,51.3777,0.5892,1.0e-04,,,3.6
857,24.81,18.4102,207.8870,51.1161,0.5846,1.0e-04,,,3.6
858,26.55,20.1479,173.6185,49.6033,0.5796,1.0e-04,,,3.6
859,24.96,19.0708,173.8457,47.9716,0.5755,1.0e-04,,,3.6
860,26.09,19.8760,187.5201,54.1793,0.5813,1.0e-04,25.84,0.40,3.6
861,24.96,18.8149,217.2127,50.6790,0.5746,1.0e-04,,,3.6
862,25.74,19.2495,177.1575,52.4773,0.5820,1.0e-04,,,3.6
863,25.50,18.9062,183.1540,51.2159,0.5765,1.0e-04,,,3.6
864,26.51,19.9648,175.3291,51.5299,0.5855,1.0e-04,,,3.6
865,26.86,20.2480,185.7555,50.3397,0.5822,1.0e-04,,,3.5
866,25.45,19.0107,177.9674,48.4091,0.5814,1.0e-04,,,3.5
867,26.16,19.6348,174.2582,50.1277,0.5852,1.0e-04,,,3.5
868,25.41,18.9590,182.5273,48.6023,0.5796,1.0e-04,,,3.5
869,25.43,19.0708,172.8047,49.8068,0.5796,1.0e-04,,,3.5
870,26.56,19.9961,196.0947,50.9755,0.5875,1.0e-04,27.66,0.48,3.5
871,27.04,20.3784,189.9080,49.9245,0.5878,1.0e-04,,,3.6
872,26.27,19.7158,158.0147,50.9076,0.5805,1.0e-04,,,3.5
873,25.68,19.1138,190.1330,47.8011,0.5772,1.0e-04,,,6.1
874,26.53,20.1123,177.1797,48.6929,0.5772,1.0e-04,,,5.2
875,26.09,19.4214,184.4734,50.4266,0.5745,1.0e-04,,,3.5
876,25.65,19.2949,167.9160,46.8153,0.5757,1.0e-04,,,3.5
877,26.33,19.8438,159.8953,49.3397,0.5764,1.0e-04,,,3.6
878,25.88,19.6782,178.7213,51.9006,0.5753,1.0e-04,,,3.6
879,26.80,20.2148,185.5019,49.0625,0.5767,1.0e-04,,,3.6
880,25.38,19.1108,173.4088,49.0170,0.5792,1.0e-04,27.16,0.45,3.5
881,25.93,19.4702,190.5326,48.2092,0.5764,1.0e-04,,,3.5
882,25.97,19.6230,172.4659,50.4130,0.5799,1.0e-04,,,3.6
883,26.66,20.3486,207.0543,50.6141,0.5721,1.0e-04,,,6.5
884,25.42,19.2168,167.7173,47.8068,0.5786,1.0e-04,,,3.5
885,26.02,19.6416,174.5634,49.7935,0.5796,1.0e-04,,,3.5
886,26.95,20.5664,164.1604,48.6380,0.5830,1.0e-04,,,3.6
887,27.30,20.8018,166.0298,54.2630,0.5852,1.0e-04,,,3.6
888,25.84,19.5327,179.0752,52.4545,0.5768,1.0e-04,,,3.5
889,26.60,20.3315,186.5752,50.4348,0.5750,1.0e-04,,,3.5
890,26.61,20.0161,167.3412,51.2337,0.5831,1.0e-04,27.29,0.43,3.5
891,26.55,20.0498,175.1716,50.7717,0.5761,1.0e-04,,,3.5
892,26.36,20.0864,177.6697,50.6413,0.5723,1.0e-04,,,3.5
893,27.05,20.8994,162.0672,52.1615,0.5713,1.0e-04,,,3.5
894,26.59,20.2104,179.3391,51.5543,0.5770,1.0e-04,,,3.5
895,25.57,19.3936,200.1569,53.9403,0.5656,1.0e-04,,,3.5
896,26.08,19.9355,189.2922,52.6821,0.5661,1.0e-04,,,3.5
897,26.71,20.5132,188.5024,50.5543,0.5682,1.0e-04,,,3.5
898,25.78,19.5029,183.5941,52.4375,0.5765,1.0e-04,,,3.5
899,26.15,19.5342,214.9776,53.1603,0.5765,1.0e-04,,,3.5
900,25.23,18.8418,202.6157,51.0256,0.5773,1.0e-04,26.70,0.45,6.3
901,27.05,20.5542,175.1391,51.0807,0.5751,1.0e-04,,,3.6
902,27.04,20.5532,179.2827,51.4583,0.5762,1.0e-04,,,5.6
903,26.91,20.4531,195.0259,50.2609,0.5772,1.0e-04,,,3.6
904,26.63,20.3516,216.1761,53.9185,0.5790,1.0e-04,,,3.6
905,25.92,19.6733,219.9587,55.6522,0.5697,1.0e-04,,,3.6
906,25.83,19.6558,186.3147,48.8153,0.5790,1.0e-04,,,6.6
907,25.25,19.0312,194.4839,49.7528,0.5704,1.0e-04,,,3.5
908,26.73,20.3613,182.2818,50.1250,0.5757,1.0e-04,,,6.2
909,24.72,18.5674,187.4084,49.0030,0.5804,1.0e-04,,,3.5
910,26.51,20.0547,168.6082,52.2364,0.5803,1.0e-04,27.02,0.39,3.5
911,27.00,20.6152,203.2058,52.6120,0.5683,1.0e-04,,,5.5
912,25.18,19.2188,199.5998,52.2159,0.5719,1.0e-04,,,3.5
913,25.46,19.3652,194.8349,50.4659,0.5679,1.0e-04,,,5.2
914,25.81,19.8345,201.8593,52.1477,0.5554,1.0e-04,,,3.5
915,27.96,21.6816,181.2720,53.8075,0.5584,1.0e-04,,,3.5
916,26.48,20.3262,182.0043,51.9565,0.5668,1.0e-04,,,3.5
917,25.07,18.8525,183.1027,49.6705,0.5719,1.0e-04,,,3.5
918,25.70,19.4897,179.0015,53.7074,0.5764,1.0e-04,,,3.5
919,25.49,19.4277,218.4281,54.5170,0.5628,1.0e-04,,,3.5
920,27.34,21.1978,201.0790,54.0547,0.5662,1.0e-04,25.83,0.33,3.5
921,25.35,19.3384,207.7010,53.7670,0.5624,1.0e-04,,,6.6
922,26.13,20.1484,233.6252,54.2853,0.5633,1.0e-04,,,3.6
923,27.03,20.7329,231.6514,52.9896,0.5689,1.0e-04,,,3.6
924,27.14,20.7905,195.3617,56.0755,0.5719,1.0e-04,,,6.6
925,26.44,20.2241,208.9313,52.6630,0.5752,1.0e-04,,,3.6
926,25.09,18.8838,206.9507,54.0852,0.5697,1.0e-04,,,3.6
927,26.71,20.2720,178.9328,54.8397,0.5697,1.0e-04,,,6.4
928,25.91,19.4087,210.9424,52.6005,0.5789,1.0e-04,,,3.6
929,27.38,20.8857,205.9224,54.8281,0.5689,1.0e-04,,,3.6
930,25.90,19.7026,210.6959,56.3315,0.5708,1.0e-04,27.62,0.43,13.4
931,26.14,19.7959,215.6440,55.1848,0.5752,1.0e-04,,,3.5
932,26.51,20.3501,204.8168,55.5326,0.5652,1.0e-04,,,5.2
933,25.35,19.3818,204.8227,51.0881,0.5701,1.0e-04,,,3.5
934,26.51,20.3818,174.1006,49.3587,0.5634,1.0e-04,,,3.5
935,26.64,20.4883,197.2776,51.6005,0.5680,1.0e-04,,,6.2
936,25.66,19.5142,214.7192,52.8864,0.5656,1.0e-04,,,3.5
937,26.78,20.6118,211.0878,55.2310,0.5508,1.0e-04,,,3.5
938,25.20,19.2856,190.7753,51.1364,0.5571,1.0e-04,,,3.5
939,26.17,20.2554,194.1529,51.9918,0.5531,1.0e-04,,,3.5
940,26.14,20.0820,200.7775,54.2500,0.5654,1.0e-04,25.76,0.34,3.5
941,25.56,19.5439,208.5886,53.7273,0.5672,1.0e-04,,,3.6
942,25.65,19.4790,203.5145,54.3864,0.5760,1.0e-04,,,3.5
943,24.84,18.8066,194.1028,54.7232,0.5712,1.0e-04,,,3.6
944,26.66,20.4653,182.6563,53.8614,0.5671,1.0e-04,,,3.6
945,26.61,20.1626,217.2811,53.1984,0.5709,1.0e-04,,,3.6
946,26.31,19.9067,191.0161,51.4973,0.5820,1.0e-04,,,3.6
947,26.92,20.2100,190.6606,52.0217,0.5823,1.0e-04,,,3.5
948,25.06,18.8535,186.2923,49.7358,0.5846,1.0e-04,,,3.5
949,26.44,19.9561,193.7137,51.6495,0.5791,1.0e-04,,,3.6
950,25.23,19.0195,181.8425,50.5881,0.5635,1.0e-04,26.85,0.44,3.5
951,25.30,18.9932,184.3733,50.3864,0.5719,1.0e-04,,,3.5
952,26.53,20.2573,187.9672,53.8750,0.5678,1.0e-04,,,3.5
953,25.60,19.4282,192.9578,49.5511,0.5610,1.0e-04,,,6.0
954,26.28,20.3618,186.3910,51.8478,0.5603,1.0e-04,,,6.4
955,26.45,20.4053,212.7351,50.8234,0.5592,1.0e-04,,,3.5
956,26.00,19.6680,192.5327,52.6168,0.5784,1.0e-04,,,5.3
957,26.00,19.5161,211.3141,56.5272,0.5743,1.0e-04,,,3.5
958,27.49,20.6729,214.2863,59.6276,0.5792,1.0e-04,,,3.5
959,26.42,19.7749,227.4296,54.5190,0.5762,1.0e-04,,,3.5
960,26.31,19.7666,210.4876,57.5897,0.5803,1.0e-04,27.50,0.44,3.5
961,26.98,20.4810,185.8411,55.7109,0.5855,1.0e-04,,,3.5
962,25.63,19.3247,207.9569,55.0625,0.5756,1.0e-04,,,6.1
963,26.67,20.2441,218.2109,59.2120,0.5752,1.0e-04,,,6.3
964,25.71,19.5786,208.7680,55.4091,0.5777,1.0e-04,,,3.6
965,26.16,19.6968,227.8766,52.8641,0.5837,1.0e-04,,,6.3
966,25.64,19.1421,184.8857,52.7273,0.5853,1.0e-04,,,3.5
967,26.66,19.9375,199.9774,55.7880,0.5797,1.0e-04,,,3.5
968,27.39,20.4307,187.2876,54.0182,0.5782,1.0e-04,,,3.5
969,26.36,19.6777,184.3270,57.0870,0.5821,1.0e-04,,,3.5
970,26.91,20.2944,204.8619,56.5964,0.5804,1.0e-04,26.81,0.45,3.6
971,25.03,18.6929,200.6627,55.0142,0.5756,1.0e-04,,,3.5
972,26.57,19.9927,198.3037,54.1141,0.5843,1.0e-04,,,3.5
973,27.32,20.4839,176.6009,51.9688,0.5811,1.0e-04,,,3.5
974,26.33,19.7939,205.2668,51.1875,0.5748,1.0e-04,,,3.5
975,24.70,18.5835,184.7128,45.1815,0.5820,1.0e-04,,,6.2
976,25.34,19.2407,166.5442,47.7955,0.5760,1.0e-04,,,3.5
977,25.98,19.9077,160.0432,50.8723,0.5736,1.0e-04,,,3.5
978,26.33,20.1812,178.0228,51.4130,0.5796,1.0e-04,,,3.5
979,27.28,20.9268,185.5111,53.6094,0.5714,1.0e-04,,,3.5
980,25.98,19.6616,188.4992,50.3261,0.5744,1.0e-04,26.27,0.35,3.5
981,25.15,19.1523,196.5706,51.2756,0.5658,1.0e-04,,,6.1
982,26.16,19.8340,185.8099,51.0897,0.5762,1.0e-04,,,3.5
983,26.55,20.1704,189.9274,49.3723,0.5752,1.0e-04,,,3.5
984,26.58,20.1938,182.0387,50.7500,0.5818,1.0e-04,,,3.6
985,26.98,20.6064,169.6038,55.8073,0.5739,1.0e-04,,,3.6
986,25.65,19.2754,188.3865,48.6136,0.5771,1.0e-04,,,3.5
987,27.49,20.8867,167.4698,48.9141,0.5725,1.0e-04,,,3.6
988,26.87,20.2710,160.9571,50.8043,0.5713,1.0e-04,,,3.5
989,24.24,18.2593,192.9511,51.0357,0.5600,1.0e-04,,,3.5
990,25.01,19.0889,176.5227,48.5085,0.5605,1.0e-04,24.25,0.27,3.5
991,24.74,18.9595,174.8095,51.1161,0.5616,1.0e-04,,,6.1
992,25.46,19.8325,173.7479,49.6023,0.5457,1.0e-04,,,3.5
993,24.62,18.8843,167.3339,48.5268,0.5631,1.0e-04,,,3.5
994,25.74,19.7183,150.8537,46.3523,0.5592,1.0e-04,,,3.5
995,26.73,20.3989,178.9295,50.7582,0.5634,1.0e-04,,,3.5
996,25.44,19.3872,181.8612,49.5284,0.5650,1.0e-04,,,3.5
997,26.40,20.2466,155.3809,48.6277,0.5626,1.0e-04,,,3.6
998,25.96,19.7192,174.4157,50.9484,0.5686,1.0e-04,,,3.6
999,26.14,19.8320,201.0581,49.2636,0.5748,1.0e-04,,,3.6
1000,25.39,19.1001,176.6250,53.8722,0.5713,1.0e-04,26.80,0.43,3.5
1001,26.52,20.0503,195.0582,51.4212,0.5727,1.0e-04,,,3.5
1002,25.17,18.7456,166.0136,48.9290,0.5847,1.0e-04,,,3.5
1003,26.54,20.0439,186.9315,53.1168,0.5815,1.0e-04,,,3.5
1004,26.69,20.2310,192.3400,51.2636,0.5703,1.0e-04,,,6.1
1005,26.78,20.2754,188.8916,54.0897,0.5826,1.0e-04,,,3.5
1006,26.02,19.7017,186.5819,50.1739,0.5820,1.0e-04,,,3.5
1007,25.22,19.1440,170.8222,50.2244,0.5889,1.0e-04,,,6.2
1008,26.29,20.0039,175.3365,50.8777,0.5854,1.0e-04,,,3.5
1009,25.43,19.2866,165.1677,48.5881,0.5733,1.0e-04,,,3.5
1010,26.63,20.0322,171.0676,53.5136,0.5776,1.0e-04,27.03,0.45,3.6
1011,27.49,20.8179,161.3509,48.9036,0.5785,1.0e-04,,,3.6
1012,25.78,19.2510,172.3487,49.5824,0.5803,1.0e-04,,,3.5
1013,26.72,20.1245,183.5457,48.6304,0.5816,1.0e-04,,,3.6
1014,25.09,18.5586,174.3231,47.4943,0.5834,1.0e-04,,,3.6
1015,25.86,19.1353,149.9443,46.1818,0.5821,1.0e-04,,,3.5
1016,26.49,19.8140,148.3542,49.6630,0.5862,1.0e-04,,,5.5
1017,26.06,19.4639,171.6991,49.8967,0.5827,1.0e-04,,,3.5
1018,25.49,19.1860,154.2561,48.0710,0.5810,1.0e-04,,,3.5
1019,26.02,19.6333,166.4422,48.9076,0.5793,1.0e-04,,,5.3
1020,25.78,19.2544,167.1829,49.8040,0.5828,1.0e-04,27.39,0.49,3.5
1021,26.54,19.9033,158.9710,47.8995,0.5775,1.0e-04,,,3.5
1022,26.74,20.2451,169.6631,47.8370,0.5816,1.0e-04,,,3.5
1023,26.34,19.9614,158.0077,48.4158,0.5766,1.0e-04,,,3.5
1024,24.99,18.7559,167.6189,44.5341,0.5811,1.0e-04,,,3.5
1025,26.45,19.7778,149.8238,45.9239,0.5830,1.0e-04,,,3.5
1026,27.27,20.7466,152.1608,51.7708,0.5805,1.0e-04,,,6.1
1027,26.57,20.1899,154.1287,49.5734,0.5889,1.0e-04,,,3.5
1028,26.90,20.4341,151.6939,49.2917,0.5882,1.0e-04,,,6.1
1029,26.60,19.9478,175.1135,52.7609,0.5833,1.0e-04,,,3.5
1030,26.75,20.0928,177.4224,51.9375,0.5822,1.0e-04,27.06,0.39,3.6
1031,26.09,19.8169,191.5288,52.5897,0.5799,1.0e-04,,,3.6
1032,25.78,19.4702,190.9609,52.4688,0.5877,1.0e-04,,,3.5
1033,26.48,19.9600,175.6807,52.5435,0.5821,1.0e-04,,,3.6
1034,25.83,19.3804,175.4554,52.3210,0.5881,1.0e-04,,,3.6
1035,25.98,19.2935,199.2396,49.2962,0.5790,1.0e-04,,,3.6
1036,27.97,21.2925,189.5937,53.4850,0.5811,1.0e-04,,,6.8
1037,26.02,19.5874,198.9077,54.0489,0.5807,1.0e-04,,,3.6
1038,25.69,19.2153,176.3917,52.2358,0.5833,1.0e-04,,,3.5
1039,27.29,20.6528,184.5208,52.0391,0.5731,1.0e-04,,,3.6
1040,27.25,20.7520,190.8707,56.2656,0.5726,1.0e-04,26.61,0.44,3.6
1041,28.01,21.4072,194.3847,55.7450,0.5725,1.0e-04,,,3.6
1042,25.54,19.3257,210.9980,54.2386,0.5744,1.0e-04,,,6.1
1043,27.00,20.5361,195.1377,54.1094,0.5800,1.0e-04,,,3.6
1044,26.28,20.0063,185.0707,51.4076,0.5674,1.0e-04,,,3.5
1045,26.03,20.0098,215.9248,51.6495,0.5591,1.0e-04,,,5.2
1046,27.15,20.8887,186.2864,54.0729,0.5745,1.0e-04,,,3.5
1047,27.47,21.0850,190.6614,56.6120,0.5725,1.0e-04,,,3.5
1048,25.91,19.5889,215.5555,53.9810,0.5776,1.0e-04,,,3.5
1049,24.94,18.6387,205.9073,52.6108,0.5748,1.0e-04,,,3.5
1050,27.27,20.8154,171.6541,56.7083,0.5828,1.0e-04,26.73,0.40,3.5
1051,26.54,20.1592,191.4213,53.3288,0.5775,1.0e-04,,,5.2
1052,26.18,19.8618,222.0545,52.3207,0.5754,1.0e-04,,,6.4
1053,26.40,19.9458,216.1821,54.4783,0.5721,1.0e-04,,,3.6
1054,26.11,19.9028,184.4287,53.4158,0.5807,1.0e-04,,,3.6
1055,26.54,20.4238,207.3713,57.1359,0.5672,1.0e-04,,,3.6
1056,26.09,19.7925,208.8327,54.5082,0.5794,1.0e-04,,,3.6
1057,26.12,19.8657,217.4354,54.0326,0.5758,1.0e-04,,,3.6
1058,26.43,20.1377,231.0847,57.7446,0.5773,1.0e-04,,,3.6
1059,26.84,20.4067,199.9125,55.5598,0.5781,1.0e-04,,,3.6
1060,24.89,18.7393,183.6929,51.3324,0.5802,1.0e-04,24.55,0.30,3.5
1061,26.13,20.2207,202.7415,51.7092,0.5599,1.0e-04,,,3.6
1062,26.36,20.2373,183.5479,48.7391,0.5692,1.0e-04,,,3.6
1063,26.18,20.0259,186.8408,52.9918,0.5741,1.0e-04,,,3.5
1064,26.67,20.4819,188.5230,53.6576,0.5667,1.0e-04,,,3.5
1065,26.20,20.2554,199.6646,49.9946,0.5607,1.0e-04,,,3.5
1066,27.24,21.2236,197.0304,55.4271,0.5605,1.0e-04,,,3.5
1067,26.01,20.0552,211.5615,54.3886,0.5616,1.0e-04,,,5.2
1068,26.20,20.3594,198.7953,53.7582,0.5497,1.0e-04,,,3.5
1069,27.11,20.9146,192.5942,55.7474,0.5526,1.0e-04,,,3.5
1070,26.57,20.2891,189.2212,49.9212,0.5543,1.0e-04,26.18,0.38,3.5
1071,26.69,20.3706,213.3165,55.4484,0.5574,1.0e-04,,,3.5
1072,26.21,19.9502,245.6379,56.5462,0.5626,1.0e-04,,,3.5
1073,25.80,19.3213,231.1266,53.0341,0.5656,1.0e-04,,,3.5
1074,25.78,19.3999,200.1761,53.6591,0.5660,1.0e-04,,,3.5
1075,26.09,19.7378,219.4832,54.5326,0.5700,1.0e-04,,,6.1
1076,26.59,20.0884,203.1628,54.5815,0.5708,1.0e-04,,,3.6
1077,26.83,20.5059,228.2446,58.4158,0.5506,1.0e-04,,,3.6
1078,25.83,19.5757,218.8131,55.4858,0.5716,1.0e-04,,,3.6
1079,26.80,20.5288,216.1715,56.2147,0.5640,1.0e-04,,,3.6
1080,25.62,19.3896,189.3094,54.8295,0.5678,1.0e-04,27.38,0.41,3.5
1081,25.85,19.4824,200.2603,52.0114,0.5717,1.0e-04,,,3.5
1082,27.51,20.8354,200.2523,58.5104,0.5745,1.0e-04,,,3.6
1083,25.38,18.9819,210.0232,56.2216,0.5749,1.0e-04,,,3.5
1084,25.93,19.5210,193.3318,51.8560,0.5738,1.0e-04,,,3.6
1085,26.59,20.1943,215.0841,52.1277,0.5767,1.0e-04,,,3.6
1086,27.00,20.4287,204.5878,52.7500,0.5795,1.0e-04,,,3.6
1087,26.30,19.7827,184.7186,53.1087,0.5844,1.0e-04,,,3.5
1088,26.02,19.6235,215.7600,56.0516,0.5751,1.0e-04,,,3.6
1089,27.35,20.8418,213.8526,57.1458,0.5739,1.0e-04,,,3.5
1090,27.41,20.9653,190.6215,55.0208,0.5724,1.0e-04,25.50,0.30,3.6
1091,27.20,21.0537,185.5606,55.6979,0.5543,1.0e-04,,,3.6
1092,25.68,19.7061,216.2596,54.4886,0.5583,1.0e-04,,,3.5
1093,26.18,20.1113,215.9999,59.9212,0.5542,1.0e-04,,,3.5
1094,26.52,20.2915,245.4375,57.5734,0.5638,1.0e-04,,,5.2
1095,26.41,20.2217,205.5598,54.8804,0.5674,1.0e-04,,,3.5
1096,27.17,20.7910,196.2565,58.4036,0.5692,1.0e-04,,,3.5
1097,26.81,20.6484,213.8856,54.8261,0.5615,1.0e-04,,,3.5
1098,27.06,20.7866,200.5604,52.3151,0.5688,1.0e-04,,,3.5
1099,25.38,19.2324,214.4902,54.3551,0.5653,1.0e-04,,,3.5
1100,26.54,20.2544,208.3997,53.2120,0.5603,1.0e-04,26.77,0.37,3.5
1101,26.42,20.1504,238.5954,56.7418,0.5571,1.0e-04,,,3.6
1102,26.82,20.6489,202.0093,55.2527,0.5594,1.0e-04,,,3.6
1103,25.76,19.6123,220.4736,53.2585,0.5610,1.0e-04,,,3.6
1104,27.03,20.9375,178.2421,55.2422,0.5589,1.0e-04,,,3.6
1105,26.57,20.4004,178.2106,51.1549,0.5698,1.0e-04,,,5.5
1106,26.66,20.4634,202.2228,52.0000,0.5648,1.0e-04,,,3.6
1107,25.49,19.3677,228.2033,56.0540,0.5586,1.0e-04,,,3.6
1108,26.88,20.6440,212.1441,56.4511,0.5598,1.0e-04,,,3.6
1109,27.99,21.7480,202.1677,57.0600,0.5533,1.0e-04,,,3.6
1110,26.05,19.9854,198.3907,55.0435,0.5608,1.0e-04,24.75,0.30,3.5
1111,25.69,19.7402,209.1218,59.9659,0.5660,1.0e-04,,,6.2
1112,25.19,19.0889,233.1606,56.4972,0.5544,1.0e-04,,,3.5
1113,27.30,20.9141,217.9784,54.5286,0.5675,1.0e-04,,,3.5
1114,26.94,20.5630,221.4704,57.0417,0.5648,1.0e-04,,,3.6
1115,24.46,18.2729,233.3294,54.8065,0.5699,1.0e-04,,,3.5
1116,26.26,19.7354,208.5133,56.5598,0.5734,1.0e-04,,,6.1
1117,27.25,20.7241,203.9632,59.8594,0.5695,1.0e-04,,,3.5
1118,27.30,20.9331,217.8332,55.1719,0.5641,1.0e-04,,,3.5
1119,26.40,20.1665,243.9722,60.6495,0.5647,1.0e-04,,,3.5
1120,27.56,21.0977,211.4670,58.1250,0.5758,1.0e-04,26.67,0.40,3.6
1121,27.18,20.6890,202.1434,57.5182,0.5701,1.0e-04,,,3.6
1122,26.49,20.2437,199.3594,53.6332,0.5692,1.0e-04,,,3.5
1123,24.51,18.8315,222.1376,54.2560,0.5431,1.0e-04,,,3.5
1124,26.54,20.4385,201.6149,56.0163,0.5621,1.0e-04,,,3.6
1125,25.85,19.7290,180.2882,52.6108,0.5632,1.0e-04,,,3.6
1126,25.62,19.6792,205.3918,51.6420,0.5650,1.0e-04,,,3.5
1127,25.94,20.0898,204.9869,54.1168,0.5493,1.0e-04,,,3.6
1128,25.46,19.2871,213.8207,54.3182,0.5643,1.0e-04,,,3.6
1129,27.29,20.9517,197.7271,56.7396,0.5547,1.0e-04,,,3.5
1130,27.90,21.5703,219.1014,59.7200,0.5588,1.0e-04,25.58,0.32,3.6
1131,25.85,19.7368,197.6751,54.5227,0.5710,1.0e-04,,,3.5
1132,26.17,20.1538,203.0271,50.3207,0.5658,1.0e-04,,,3.5
1133,27.66,21.4175,200.7448,55.5130,0.5623,1.0e-04,,,6.2
1134,27.38,20.9604,211.8780,57.9089,0.5655,1.0e-04,,,3.6
1135,26.46,20.0479,207.1825,54.5408,0.5661,1.0e-04,,,3.5
1136,25.42,19.0273,202.4939,49.4602,0.5656,1.0e-04,,,3.5
1137,26.61,19.7974,194.3874,54.3288,0.5760,1.0e-04,,,6.1
1138,26.54,19.8311,206.8376,51.5109,0.5745,1.0e-04,,,3.5
1139,26.21,19.6626,173.7033,53.3641,0.5724,1.0e-04,,,3.5
1140,27.09,20.6631,188.3478,52.1927,0.5731,1.0e-04,26.18,0.42,3.5
1141,27.43,20.8931,170.9911,51.1302,0.5671,1.0e-04,,,3.6
1142,27.12,20.4741,181.0987,51.6328,0.5667,1.0e-04,,,3.6
1143,27.04,20.6392,186.7234,52.8906,0.5627,1.0e-04,,,3.6
1144,26.76,20.4766,198.0924,51.7663,0.5658,1.0e-04,,,6.2
1145,26.98,20.4829,171.0523,53.4427,0.5669,1.0e-04,,,3.5
1146,26.30,19.8887,177.5877,50.5272,0.5693,1.0e-04,,,3.5
1147,24.93,18.6646,199.9184,53.5227,0.5679,1.0e-04,,,3.5
1148,27.32,20.7642,177.3905,54.8672,0.5666,1.0e-04,,,3.5
1149,27.12,20.6016,193.5987,55.8828,0.5684,1.0e-04,,,3.6
1150,26.10,19.5308,189.7788,59.1766,0.5599,1.0e-04,27.45,0.48,3.6
1151,27.00,20.3135,198.3766,53.2865,0.5620,1.0e-04,,,3.6
1152,26.28,19.8955,220.1417,58.5571,0.5627,1.0e-04,,,3.6
1153,24.75,18.5918,227.9747,53.5030,0.5532,1.0e-04,,,6.2
1154,26.86,20.7188,219.8701,52.2337,0.5589,1.0e-04,,,3.6
1155,26.37,20.4150,202.6616,55.9918,0.5470,1.0e-04,,,3.6
1156,25.61,19.5664,201.8242,55.2017,0.5560,1.0e-04,,,3.5
1157,27.51,21.2041,194.5311,53.1849,0.5543,1.0e-04,,,3.5
1158,26.78,20.5674,201.6205,58.3207,0.5581,1.0e-04,,,3.5
1159,26.28,20.0200,195.4701,51.7283,0.5517,1.0e-04,,,3.5
1160,28.04,21.7261,202.1536,54.9100,0.5462,1.0e-04,27.04,0.38,3.6
1161,26.96,20.7002,217.4198,58.6120,0.5406,1.0e-04,,,3.6
1162,26.23,20.0391,213.6780,57.6902,0.5430,1.0e-04,,,3.5
1163,26.37,20.1484,203.5179,57.2228,0.5528,1.0e-04,,,3.5
1164,26.24,19.9971,207.9607,57.3315,0.5533,1.0e-04,,,3.5
1165,25.83,19.4912,191.6836,53.3977,0.5616,1.0e-04,,,3.5
1166,26.00,19.7344,200.2486,54.3614,0.5496,1.0e-04,,,3.6
1167,26.75,20.5645,187.2637,53.6440,0.5548,1.0e-04,,,3.5
1168,25.53,19.3901,217.5219,52.8466,0.5498,1.0e-04,,,3.5
1169,25.88,19.6304,220.2695,53.7188,0.5496,1.0e-04,,,3.5
1170,27.80,21.5898,203.9874,55.6797,0.5452,1.0e-04,25.43,0.34,3.6
1171,25.60,19.5815,207.1800,52.6392,0.5488,1.0e-04,,,3.5
1172,27.47,21.0718,200.7833,58.8047,0.5597,1.0e-04,,,5.3
1173,27.34,21.0498,208.2016,57.2188,0.5610,1.0e-04,,,3.5
1174,25.77,19.6875,218.8900,59.7102,0.5609,1.0e-04,,,3.5
1175,27.44,20.8169,217.8861,58.6667,0.5611,1.0e-04,,,3.6
1176,26.71,20.1880,234.7224,61.0082,0.5537,1.0e-04,,,3.6
1177,26.15,19.8940,226.2971,58.3967,0.5509,1.0e-04,,,3.6
1178,27.19,20.6719,213.0157,61.7682,0.5585,1.0e-04,,,3.6
1179,27.12,20.4990,235.2485,57.3385,0.5603,1.0e-04,,,3.5
1180,26.19,19.6274,229.9137,55.1332,0.5596,1.0e-04,28.14,0.53,3.6
1181,25.85,19.0396,225.8634,58.3409,0.5518,1.0e-04,,,3.5
1182,26.01,19.2627,225.3387,55.6413,0.5611,1.0e-04,,,3.5
1183,25.97,19.1821,225.7596,53.4266,0.5623,1.0e-04,,,3.6
1184,26.91,20.1230,189.5788,51.1693,0.5655,1.0e-04,,,5.4
1185,26.04,19.4790,188.5976,56.0842,0.5653,1.0e-04,,,3.6
1186,24.93,18.6216,190.9162,51.0682,0.5595,1.0e-04,,,3.6
1187,27.08,20.3364,180.6648,52.2865,0.5648,1.0e-04,,,3.6
1188,26.39,20.0200,194.6483,56.0027,0.5608,1.0e-04,,,3.5
1189,26.08,19.6577,197.4972,57.2690,0.5596,1.0e-04,,,3.6
1190,27.69,20.9307,187.1228,52.4818,0.5667,1.0e-04,26.82,0.40,3.6
1191,25.78,19.4355,186.0644,53.7670,0.5597,1.0e-04,,,3.5
1192,27.24,20.6460,200.3421,53.1745,0.5639,1.0e-04,,,6.1
1193,26.42,19.8809,213.8452,56.1168,0.5641,1.0e-04,,,3.5
1194,25.72,19.1543,187.3604,53.1818,0.5665,1.0e-04,,,3.5
1195,26.19,19.8013,212.4134,53.2826,0.5637,1.0e-04,,,3.6
1196,26.93,20.4844,188.6492,54.2865,0.5649,1.0e-04,,,3.6
1197,26.64,20.1841,209.9317,59.5543,0.5654,1.0e-04,,,3.6
1198,27.01,20.2949,223.9652,56.8828,0.5675,1.0e-04,,,3.6
1199,27.49,20.8120,218.0565,56.2943,0.5688,1.0e-04,,,3.5
1200,28.76,22.1484,189.7978,57.1250,0.5671,1.0e-04,26.08,0.40,3.5
1201,27.90,21.3472,207.1448,62.3750,0.5642,1.0e-04,,,3.5
1202,26.17,19.7876,218.3831,56.6413,0.5768,1.0e-04,,,3.5
1203,26.22,19.7021,223.1610,59.8288,0.5709,1.0e-04,,,6.2
1204,27.21,20.7173,197.6385,55.8932,0.5705,1.0e-04,,,3.6
1205,26.29,20.0986,204.7711,55.1440,0.5713,1.0e-04,,,3.6
1206,28.06,21.4819,209.4279,58.7525,0.5694,1.0e-04,,,3.6
1207,26.07,19.3301,211.4168,56.0489,0.5724,1.0e-04,,,3.6
1208,28.05,21.2632,203.4987,57.0125,0.5695,1.0e-04,,,5.5
1209,27.86,21.1753,205.6839,57.7604,0.5673,1.0e-04,,,3.6
1210,26.26,19.5327,218.9078,56.4049,0.5700,1.0e-04,27.84,0.51,3.6
1211,25.73,19.0874,201.6617,55.9006,0.5730,1.0e-04,,,3.5
1212,26.31,19.6885,203.4154,58.0761,0.5756,1.0e-04,,,3.6
1213,26.22,19.4766,205.9167,56.9755,0.5793,1.0e-04,,,3.5
1214,26.76,19.9756,200.3471,56.4321,0.5754,1.0e-04,,,3.5
1215,27.17,20.4297,220.7152,56.6927,0.5710,1.0e-04,,,3.5
1216,25.84,19.3066,198.3563,58.4716,0.5726,1.0e-04,,,6.1
1217,26.14,19.6899,196.7263,52.9728,0.5729,1.0e-04,,,3.5
1218,25.85,19.4707,188.3593,54.0312,0.5730,1.0e-04,,,3.5
1219,27.79,21.2368,190.9073,59.6536,0.5728,1.0e-04,,,3.6
1220,25.93,19.7207,223.9621,57.2826,0.5639,1.0e-04,26.78,0.42,3.5
1221,26.38,19.9297,209.5985,52.8995,0.5716,1.0e-04,,,3.5
1222,25.50,19.0962,190.0696,54.6818,0.5741,1.0e-04,,,3.5
1223,27.86,21.4058,203.7470,56.5156,0.5647,1.0e-04,,,3.5
1224,26.67,20.3374,193.1597,54.3913,0.5744,1.0e-04,,,3.5
1225,25.30,19.0049,201.1727,51.5000,0.5655,1.0e-04,,,3.6
1226,26.62,20.2808,181.5706,54.2636,0.5637,1.0e-04,,,3.6
1227,25.34,19.1934,188.7195,54.0597,0.5666,1.0e-04,,,6.5
1228,27.56,21.0679,177.3774,55.2708,0.5738,1.0e-04,,,3.6
1229,26.83,20.3506,181.8019,53.1250,0.5690,1.0e-04,,,3.6
1230,26.58,20.1313,181.6008,49.1848,0.5730,1.0e-04,26.82,0.42,3.6
1231,25.22,18.9414,194.5629,54.5000,0.5728,1.0e-04,,,3.5
1232,27.17,20.3481,187.9980,55.0417,0.5744,1.0e-04,,,3.6
1233,25.71,19.1489,203.1551,55.6278,0.5768,1.0e-04,,,3.5
1234,26.37,19.7583,208.3714,55.5027,0.5776,1.0e-04,,,3.5
1235,26.64,19.9854,206.2995,56.0598,0.5791,1.0e-04,,,3.5
1236,26.14,19.8716,195.5151,54.7418,0.5638,1.0e-04,,,3.5
1237,26.11,19.9590,210.3919,56.4321,0.5674,1.0e-04,,,3.5
1238,26.78,20.3906,217.4112,55.3696,0.5754,1.0e-04,,,3.5
1239,26.91,20.5527,189.5360,56.4810,0.5731,1.0e-04,,,3.5
1240,28.22,21.5859,232.6041,61.4700,0.5698,1.0e-04,26.64,0.43,6.2
1241,26.26,19.7061,231.6604,55.7147,0.5759,1.0e-04,,,3.5
1242,25.69,19.2949,220.3604,58.6222,0.5699,1.0e-04,,,3.5
1243,25.89,19.3965,230.6396,59.8777,0.5735,1.0e-04,,,3.5
1244,26.66,19.7915,209.2520,55.3777,0.5668,1.0e-04,,,3.6
1245,26.78,19.9932,202.7430,57.6658,0.5714,1.0e-04,,,3.6
1246,26.35,19.7896,192.5074,54.1304,0.5756,1.0e-04,,,3.6
1247,27.26,20.6133,189.4585,55.4375,0.5706,1.0e-04,,,3.6
1248,25.07,18.7686,184.2458,51.4062,0.5649,1.0e-04,,,3.6
1249,26.21,19.8779,195.6845,51.4538,0.5709,1.0e-04,,,3.6
1250,26.08,19.7134,166.5818,53.8016,0.5621,1.0e-04,26.29,0.38,6.7
1251,26.29,19.9775,188.6563,51.5842,0.5637,1.0e-04,,,3.6
1252,26.65,20.2251,184.9787,52.3016,0.5754,1.0e-04,,,3.6
1253,25.67,19.4438,178.5030,53.3438,0.5727,1.0e-04,,,3.6
1254,27.01,20.4683,173.8322,52.1250,0.5745,1.0e-04,,,3.6
1255,26.50,20.1064,177.9585,51.4185,0.5731,1.0e-04,,,3.5
1256,26.46,20.0962,190.1128,52.1250,0.5678,1.0e-04,,,3.6
1257,27.44,20.8945,186.3188,53.8229,0.5706,1.0e-04,,,3.5
1258,25.88,19.5469,185.3701,51.9744,0.5659,1.0e-04,,,3.5
1259,27.32,20.8242,174.6299,53.6276,0.5694,1.0e-04,,,3.6
1260,27.22,20.8735,162.7072,52.6927,0.5691,1.0e-04,26.98,0.45,3.6
1261,25.75,19.2998,191.9919,51.1761,0.5742,1.0e-04,,,3.5
1262,27.23,20.6396,171.1972,50.6667,0.5751,1.0e-04,,,3.5
1263,26.52,20.2041,189.2213,55.1033,0.5745,1.0e-04,,,3.5
1264,26.24,20.0352,194.5966,61.1060,0.5608,1.0e-04,,,3.5
1265,27.07,20.7876,201.6241,54.7682,0.5705,1.0e-04,,,3.5
1266,26.01,19.7812,229.0319,58.8261,0.5632,1.0e-04,,,5.3
1267,26.88,20.4932,191.6380,56.6902,0.5622,1.0e-04,,,3.6
1268,25.07,18.8286,228.6053,58.1875,0.5684,1.0e-04,,,3.6
1269,26.19,19.7314,196.1651,55.8668,0.5764,1.0e-04,,,3.6
1270,25.79,19.3804,196.9224,57.3551,0.5726,1.0e-04,27.33,0.53,3.6
1271,27.04,20.2192,199.3966,56.3021,0.5724,1.0e-04,,,3.6
1272,27.17,20.3564,190.8994,54.8151,0.5687,1.0e-04,,,3.6
1273,26.85,20.2090,196.0544,53.1250,0.5720,1.0e-04,,,3.6
1274,25.94,19.2241,202.1524,55.8696,0.5706,1.0e-04,,,3.6
1275,26.12,19.2710,185.2017,50.6793,0.5768,1.0e-04,,,3.5
1276,27.68,20.7642,171.8539,56.9010,0.5764,1.0e-04,,,3.5
1277,26.25,19.6890,185.7085,54.4266,0.5747,1.0e-04,,,3.5
1278,26.56,19.9390,188.0535,52.0462,0.5755,1.0e-04,,,3.5
1279,26.43,19.8970,186.8930,49.4783,0.5786,1.0e-04,,,3.6
1280,26.59,20.2139,167.7743,50.3859,0.5770,1.0e-04,27.29,0.40,3.5
1281,26.54,20.1602,192.5766,53.2989,0.5714,1.0e-04,,,3.5
1282,26.07,19.8198,195.4519,51.5245,0.5666,1.0e-04,,,3.5
1283,26.78,20.5181,210.7519,56.1793,0.5738,1.0e-04,,,3.5
1284,27.32,20.9590,177.7567,52.0703,0.5767,1.0e-04,,,3.5
1285,26.64,20.3799,198.2325,55.5272,0.5611,1.0e-04,,,3.5
1286,26.51,20.1831,192.2580,54.1576,0.5660,1.0e-04,,,3.5
1287,26.89,20.3877,188.2340,54.5625,0.5726,1.0e-04,,,3.5
1288,26.71,20.2124,194.2104,52.8207,0.5777,1.0e-04,,,3.5
1289,26.29,19.7832,180.7975,53.8288,0.5722,1.0e-04,,,3.5
1290,27.04,20.5967,202.2617,55.8880,0.5729,1.0e-04,26.30,0.39,3.5
1291,26.65,20.2363,191.6184,55.8261,0.5694,1.0e-04,,,3.6
1292,27.00,20.7773,200.8485,57.4036,0.5594,1.0e-04,,,3.6
1293,27.14,20.6323,181.9862,56.7109,0.5760,1.0e-04,,,3.6
1294,26.96,20.3379,198.4000,55.9818,0.5691,1.0e-04,,,3.6
1295,27.00,20.2397,214.7878,59.2969,0.5717,1.0e-04,,,3.6
1296,26.04,19.5879,208.3226,57.6223,0.5750,1.0e-04,,,3.6
1297,25.39,18.9639,208.4964,54.0824,0.5800,1.0e-04,,,3.5
1298,26.20,19.6719,187.0699,48.3967,0.5795,1.0e-04,,,3.6
1299,26.25,19.5957,171.5788,53.2120,0.5863,1.0e-04,,,3.5
1300,25.76,19.3716,185.3343,50.8210,0.5829,1.0e-04,27.51,0.52,6.3
1301,26.98,20.1523,187.2052,55.7344,0.5820,1.0e-04,,,3.5
1302,26.97,20.1821,176.0809,56.4792,0.5808,1.0e-04,,,3.5
1303,26.52,19.6919,225.5429,54.9076,0.5711,1.0e-04,,,3.5
1304,28.19,21.1641,175.1667,55.8700,0.5769,1.0e-04,,,3.6
1305,26.50,20.0093,192.0898,53.9429,0.5807,1.0e-04,,,3.5
1306,26.15,19.5347,169.4254,50.1250,0.5844,1.0e-04,,,3.5
1307,27.51,20.8506,168.9532,49.9479,0.5814,1.0e-04,,,3.5
1308,26.65,19.7900,163.0038,50.0652,0.5854,1.0e-04,,,3.5
1309,27.80,21.0400,149.6745,52.1719,0.5844,1.0e-04,,,3.5
1310,26.66,20.1528,192.2945,53.8152,0.5767,1.0e-04,27.24,0.53,3.5
1311,27.01,20.2632,157.3986,53.7708,0.5811,1.0e-04,,,3.5
1312,27.12,20.4082,171.3924,51.6250,0.5799,1.0e-04,,,6.1
1313,27.57,20.6865,175.8165,55.5521,0.5777,1.0e-04,,,3.5
1314,27.00,20.3472,171.9624,55.1953,0.5804,1.0e-04,,,3.5
1315,26.06,19.4385,201.9212,53.7636,0.5813,1.0e-04,,,3.5
1316,25.05,18.6616,177.2035,54.4290,0.5839,1.0e-04,,,3.6
1317,26.68,20.1753,157.5153,50.9457,0.5837,1.0e-04,,,3.5
1318,26.41,20.1826,164.5071,53.2228,0.5801,1.0e-04,,,3.6
1319,27.70,21.2632,179.0246,54.5339,0.5733,1.0e-04,,,6.7
1320,26.56,20.3687,175.5350,55.7745,0.5671,1.0e-04,24.49,0.31,3.5
1321,25.54,19.5225,175.9182,52.5568,0.5711,1.0e-04,,,3.5
1322,26.08,19.8662,189.8174,55.9864,0.5684,1.0e-04,,,3.6
1323,25.88,19.7510,183.8572,53.5795,0.5677,1.0e-04,,,3.5
1324,26.17,19.9204,201.6243,57.5190,0.5616,1.0e-04,,,3.5
1325,26.76,20.7007,184.2453,56.6413,0.5645,1.0e-04,,,3.5
1326,26.69,20.4727,185.1833,58.0462,0.5731,1.0e-04,,,3.5
1327,26.12,19.9141,195.6227,54.7636,0.5676,1.0e-04,,,3.5
1328,26.37,20.1689,219.2196,56.8859,0.5589,1.0e-04,,,3.5
1329,27.48,21.2886,175.1139,53.3698,0.5554,1.0e-04,,,5.2
1330,27.20,20.7134,192.4620,55.9922,0.5687,1.0e-04,26.17,0.35,3.6
1331,27.64,21.2695,195.8718,55.5130,0.5653,1.0e-04,,,3.6
1332,26.43,20.0791,195.3232,58.6984,0.5683,1.0e-04,,,3.5
1333,28.29,21.5762,210.1552,58.6900,0.5723,1.0e-04,,,6.3
1334,27.47,20.6372,204.7075,57.9974,0.5690,1.0e-04,,,3.5
1335,27.67,20.9004,202.9307,57.5599,0.5744,1.0e-04,,,3.6
1336,25.14,18.7812,218.2443,55.8040,0.5745,1.0e-04,,,3.5
1337,26.77,20.3550,219.0734,55.3478,0.5738,1.0e-04,,,3.5
1338,26.69,20.2305,169.8650,53.5435,0.5718,1.0e-04,,,3.5
1339,27.52,21.1943,176.3638,55.6354,0.5662,1.0e-04,,,3.6
1340,26.80,20.7827,199.4293,58.3533,0.5588,1.0e-04,26.42,0.35,3.6
1341,26.25,20.0947,216.8635,57.1277,0.5547,1.0e-04,,,3.5
1342,26.36,20.1758,236.0990,57.3641,0.5533,1.0e-04,,,3.6
1343,26.32,20.1958,198.1723,56.8995,0.5562,1.0e-04,,,3.6
1344,25.59,19.6836,200.2989,54.1903,0.5476,1.0e-04,,,3.6
1345,25.92,20.1973,216.1763,55.1005,0.5316,1.0e-04,,,3.6
1346,26.61,20.6631,194.8308,54.2011,0.5509,1.0e-04,,,3.6
1347,26.67,20.6724,193.4774,57.9266,0.5549,1.0e-04,,,3.5
1348,26.51,20.4517,195.2622,55.6440,0.5607,1.0e-04,,,3.5
1349,27.41,21.3047,197.9512,53.7500,0.5585,1.0e-04,,,3.5
1350,26.58,20.5186,182.0196,56.5842,0.5655,1.0e-04,25.38,0.33,3.5
1351,27.05,20.8652,201.3150,57.4010,0.5664,1.0e-04,,,3.5
1352,26.62,20.3101,208.0914,56.9511,0.5683,1.0e-04,,,3.6
1353,26.88,20.6011,221.0995,61.4036,0.5618,1.0e-04,,,3.6
1354,26.89,20.4761,212.1286,56.3047,0.5670,1.0e-04,,,3.6
1355,27.96,21.4902,192.0776,57.9900,0.5700,1.0e-04,,,3.6
1356,26.70,20.5581,210.5010,55.1875,0.5606,1.0e-04,,,6.2
1357,25.58,19.3940,219.0356,53.4545,0.5567,1.0e-04,,,3.5
1358,28.02,21.8340,209.3560,58.6550,0.5650,1.0e-04,,,3.6
1359,26.71,20.5317,224.8058,56.3614,0.5602,1.0e-04,,,3.5
1360,26.12,19.8232,200.8051,52.0326,0.5688,1.0e-04,26.74,0.41,3.5
1361,27.35,20.9077,192.2770,58.1380,0.5697,1.0e-04,,,3.6
1362,27.88,21.5317,191.2258,56.9089,0.5674,1.0e-04,,,3.5
1363,28.54,22.1548,197.5489,59.1500,0.5646,1.0e-04,,,3.6
1364,27.25,20.9395,194.6582,54.7031,0.5611,1.0e-04,,,3.6
1365,26.43,20.1855,195.1586,54.0543,0.5628,1.0e-04,,,3.6
1366,26.65,20.3706,200.9570,58.2337,0.5608,1.0e-04,,,6.5
1367,27.21,20.8535,192.9692,59.2135,0.5526,1.0e-04,,,3.6
1368,27.63,21.4287,177.0632,58.0651,0.5667,1.0e-04,,,3.6
1369,26.81,20.5986,191.0525,51.0842,0.5688,1.0e-04,,,3.5
1370,26.61,20.2607,199.0201,57.2092,0.5578,1.0e-04,27.53,0.39,3.5
1371,26.30,20.0879,172.3748,50.4402,0.5618,1.0e-04,,,3.5
1372,26.73,20.3184,200.1040,53.8234,0.5565,1.0e-04,,,3.6
1373,27.10,20.7495,192.5583,54.3438,0.5582,1.0e-04,,,3.5
1374,27.91,21.5864,194.8328,57.4900,0.5651,1.0e-04,,,3.5
1375,27.26,21.0391,213.8318,54.2396,0.5415,1.0e-04,,,3.5
1376,26.91,20.6904,185.3987,55.7065,0.5520,1.0e-04,,,3.6
1377,26.06,19.9209,213.5940,54.3940,0.5625,1.0e-04,,,3.5
1378,26.38,20.2246,181.8402,54.6168,0.5503,1.0e-04,,,3.5
1379,26.77,20.5815,167.7795,54.9375,0.5495,1.0e-04,,,3.6
1380,25.63,19.6064,194.1338,55.0625,0.5555,1.0e-04,25.37,0.32,3.5
1381,27.71,21.4951,190.2116,59.1068,0.5541,1.0e-04,,,3.5
1382,25.96,19.7969,195.6733,55.0136,0.5618,1.0e-04,,,3.5
1383,26.10,20.0005,214.2899,54.2147,0.5521,1.0e-04,,,3.5
1384,25.06,18.9902,201.5978,60.2216,0.5571,1.0e-04,,,3.5
1385,26.55,20.1436,211.9317,57.9918,0.5508,1.0e-04,,,3.6
1386,26.59,19.9829,219.8879,52.8913,0.5575,1.0e-04,,,3.5
1387,26.54,20.0615,186.4289,60.9049,0.5566,1.0e-04,,,3.6
1388,26.65,20.1323,223.5439,61.2473,0.5588,1.0e-04,,,3.5
1389,25.05,18.8057,211.3736,57.9318,0.5611,1.0e-04,,,3.5
1390,27.00,20.3486,224.6971,57.9948,0.5656,1.0e-04,26.68,0.44,6.4
1391,26.01,19.6221,227.3102,56.7663,0.5555,1.0e-04,,,3.5
1392,28.10,21.4448,185.5863,56.6475,0.5577,1.0e-04,,,3.5
1393,26.60,20.0581,212.1909,58.7038,0.5584,1.0e-04,,,3.6
1394,26.49,20.0005,230.1585,61.3125,0.5473,1.0e-04,,,3.6
1395,27.22,20.7290,215.3426,61.3359,0.5534,1.0e-04,,,3.6
1396,26.47,20.1689,208.7072,56.9185,0.5651,1.0e-04,,,3.6
1397,26.32,19.7578,210.2564,53.6821,0.5650,1.0e-04,,,3.5
1398,27.69,21.1230,179.1642,60.9010,0.5615,1.0e-04,,,3.5
1399,28.43,21.6387,198.2704,59.6100,0.5693,1.0e-04,,,3.5
1400,26.47,19.8794,197.8950,55.2880,0.5709,1.0e-04,27.26,0.46,3.5
1401,26.72,20.0820,203.7663,53.7880,0.5615,1.0e-04,,,3.5
1402,27.88,21.3262,197.1675,62.8438,0.5588,1.0e-04,,,3.6
1403,26.28,19.6812,180.7340,55.5380,0.5700,1.0e-04,,,3.5
1404,27.00,20.3237,192.0458,60.8646,0.5630,1.0e-04,,,3.5
1405,25.85,19.5029,200.6832,52.7727,0.5637,1.0e-04,,,3.5
1406,26.67,20.2231,177.4464,52.6766,0.5599,1.0e-04,,,3.5
1407,25.63,19.5127,182.3511,53.7898,0.5515,1.0e-04,,,3.5
1408,26.53,20.0981,196.9943,54.6793,0.5663,1.0e-04,,,3.5
1409,27.52,20.8970,184.0305,53.1068,0.5681,1.0e-04,,,3.5
1410,25.80,19.4155,188.7092,53.3267,0.5665,1.0e-04,26.30,0.37,3.5
1411,26.90,20.6069,185.9935,57.7083,0.5592,1.0e-04,,,3.5
1412,26.82,20.5010,190.3917,54.7908,0.5611,1.0e-04,,,3.5
1413,27.28,20.8882,179.6893,54.1042,0.5636,1.0e-04,,,3.5
1414,26.68,20.4629,195.9787,54.7663,0.5586,1.0e-04,,,3.6
1415,26.66,20.1733,194.9996,50.4429,0.5673,1.0e-04,,,3.6
1416,25.29,19.0000,200.4524,52.5398,0.5620,1.0e-04,,,3.6
1417,26.84,20.4995,190.2295,51.4266,0.5606,1.0e-04,,,3.6
1418,27.35,21.1084,185.5913,51.7318,0.5567,1.0e-04,,,3.6
1419,27.52,21.1597,184.7785,53.7396,0.5664,1.0e-04,,,3.6
1420,26.01,19.8730,179.4338,51.8804,0.5634,1.0e-04,26.38,0.36,3.6
1421,26.81,20.5708,187.3890,55.8859,0.5526,1.0e-04,,,6.4
1422,25.93,19.7612,172.5107,54.0870,0.5644,1.0e-04,,,5.4
1423,27.07,20.8657,189.7913,56.8984,0.5580,1.0e-04,,,6.2
1424,27.00,20.7480,175.6462,53.1562,0.5568,1.0e-04,,,3.5
1425,28.18,22.1011,196.3334,56.0550,0.5457,1.0e-04,,,3.5
1426,27.83,21.7212,204.4371,54.2448,0.5527,1.0e-04,,,3.5
1427,26.34,20.2900,193.2736,56.7011,0.5534,1.0e-04,,,6.1
1428,25.92,19.8599,199.4536,54.0190,0.5514,1.0e-04,,,3.5
1429,27.42,21.0664,189.8145,57.8776,0.5587,1.0e-04,,,3.5
1430,26.10,20.0786,184.6881,53.7283,0.5428,1.0e-04,25.62,0.31,3.5
1431,28.20,22.0728,173.9401,58.1825,0.5466,1.0e-04,,,3.5
1432,26.98,20.9849,204.5143,56.0938,0.5423,1.0e-04,,,3.6
1433,27.81,21.6201,190.6706,51.9193,0.5545,1.0e-04,,,3.5
1434,25.60,19.7310,216.0362,56.4830,0.5438,1.0e-04,,,3.5
1435,24.90,19.2617,212.5998,53.3512,0.5466,1.0e-04,,,3.6
1436,27.06,20.9414,194.3111,53.5130,0.5506,1.0e-04,,,3.6
1437,26.14,20.1660,189.4296,54.0571,0.5439,1.0e-04,,,3.6
1438,26.45,20.5234,213.2127,59.3424,0.5468,1.0e-04,,,3.6
1439,25.90,20.0352,198.7752,54.2065,0.5421,1.0e-04,,,3.6
1440,25.63,19.7715,221.8126,53.9773,0.5405,1.0e-04,26.56,0.35,3.6
1441,26.45,20.2383,200.3130,52.9130,0.5548,1.0e-04,,,3.6
1442,26.36,20.4966,201.0900,57.2092,0.5330,1.0e-04,,,3.6
1443,27.65,21.5073,206.8539,54.0521,0.5400,1.0e-04,,,3.6
1444,26.35,20.2764,201.8859,56.3533,0.5495,1.0e-04,,,3.6
1445,27.40,21.1680,186.8627,53.1589,0.5522,1.0e-04,,,3.5
1446,28.34,21.9590,181.8589,55.6275,0.5474,1.0e-04,,,3.6
1447,25.24,19.2173,192.9646,53.7756,0.5579,1.0e-04,,,3.5
1448,28.22,22.0020,178.2199,54.1225,0.5518,1.0e-04,,,3.6
1449,27.62,21.1426,165.5349,55.3672,0.5647,1.0e-04,,,3.5
1450,26.89,20.4902,183.4043,53.9538,0.5547,1.0e-04,25.96,0.35,3.5
1451,26.64,20.3677,171.1387,57.0543,0.5553,1.0e-04,,,3.5
1452,26.88,20.7695,195.9703,53.9918,0.5422,1.0e-04,,,3.5
1453,25.73,19.6270,189.8154,55.3182,0.5486,1.0e-04,,,3.5
1454,26.58,20.2798,185.5994,56.3940,0.5550,1.0e-04,,,3.5
1455,27.05,20.5410,207.6426,54.7786,0.5543,1.0e-04,,,3.5
1456,26.75,20.6338,171.7125,56.6658,0.5515,1.0e-04,,,3.5
1457,27.18,20.9761,176.1602,54.5052,0.5414,1.0e-04,,,3.5
1458,27.51,21.2368,185.8777,56.0729,0.5546,1.0e-04,,,3.6
1459,25.51,19.3477,208.2661,56.5881,0.5438,1.0e-04,,,3.6
1460,27.34,20.9146,192.1724,54.7865,0.5529,1.0e-04,26.59,0.36,3.6
1461,25.97,19.7920,176.3286,57.3152,0.5523,1.0e-04,,,3.6
1462,27.59,21.3066,184.7752,58.5339,0.5507,1.0e-04,,,3.6
1463,27.63,21.2949,186.8098,55.8490,0.5535,1.0e-04,,,3.6
1464,27.54,21.2622,189.2709,54.7422,0.5559,1.0e-04,,,3.6
1465,26.27,20.0205,190.6642,57.3288,0.5609,1.0e-04,,,3.6
1466,27.09,20.6489,186.8137,59.2604,0.5605,1.0e-04,,,6.6
1467,25.63,19.2139,202.2888,54.5881,0.5613,1.0e-04,,,3.5
1468,27.76,20.9434,172.4001,58.0391,0.5678,1.0e-04,,,3.5
1469,26.51,20.1680,201.8775,51.2038,0.5596,1.0e-04,,,3.5
1470,26.23,19.8364,180.7155,53.7174,0.5579,1.0e-04,26.64,0.39,3.5
1471,27.08,20.6270,192.0949,56.7786,0.5615,1.0e-04,,,3.5
1472,27.22,21.0054,190.8737,57.1120,0.5553,1.0e-04,,,3.5
1473,27.70,21.2632,198.8850,58.6224,0.5536,1.0e-04,,,3.5
1474,25.50,19.4062,215.4812,55.9830,0.5564,1.0e-04,,,3.5
1475,26.69,20.6025,205.4521,56.8288,0.5446,1.0e-04,,,3.5
1476,26.82,20.8726,208.4318,60.7554,0.5297,1.0e-04,,,3.5
1477,26.22,20.1567,205.5424,59.0054,0.5445,1.0e-04,,,3.5
1478,26.25,20.1035,210.2641,57.2038,0.5420,1.0e-04,,,3.5
1479,28.12,21.7422,211.1298,57.2975,0.5404,1.0e-04,,,3.5
1480,27.51,21.1670,189.5594,56.0885,0.5581,1.0e-04,26.33,0.39,3.5
1481,25.57,19.4204,220.2704,53.5398,0.5482,1.0e-04,,,3.5
1482,25.99,19.9204,204.9354,55.6522,0.5517,1.0e-04,,,3.6
1483,27.74,21.2129,201.0370,58.5651,0.5549,1.0e-04,,,3.6
1484,25.72,19.4868,188.9391,53.8722,0.5597,1.0e-04,,,3.6
1485,26.58,20.2451,182.2452,56.5652,0.5569,1.0e-04,,,3.6
1486,26.12,19.8833,207.6843,55.7283,0.5541,1.0e-04,,,3.6
1487,24.80,18.7217,211.6266,57.1339,0.5510,1.0e-04,,,3.6
1488,25.65,19.3672,194.0988,59.7727,0.5552,1.0e-04,,,3.6
1489,28.29,21.9292,176.3558,55.7625,0.5597,1.0e-04,,,3.6
1490,27.94,21.2700,171.8481,53.4975,0.5607,1.0e-04,26.54,0.43,3.6
1491,28.64,21.9043,178.0864,56.4875,0.5613,1.0e-04,,,3.6
1492,27.53,21.0918,195.4769,57.9740,0.5504,1.0e-04,,,3.6
1493,26.95,20.5337,211.1944,57.5859,0.5557,1.0e-04,,,3.5
1494,26.56,20.0767,193.6635,55.1359,0.5682,1.0e-04,,,3.5
1495,27.18,20.4297,221.1677,52.9948,0.5599,1.0e-04,,,3.6
1496,26.70,20.1514,203.4569,53.9864,0.5642,1.0e-04,,,3.5
1497,26.83,19.9961,189.4891,53.8234,0.5651,1.0e-04,,,3.5
1498,26.91,20.2163,208.4482,55.2005,0.5626,1.0e-04,,,3.6
1499,28.16,21.1484,175.7698,54.6975,0.5706,1.0e-04,,,3.6
1500,27.46,20.8232,181.1398,55.7370,0.5642,1.0e-04,27.75,0.51,3.5
1501,25.76,19.2432,174.6712,52.6619,0.5706,1.0e-04,,,3.5
1502,27.08,20.2832,180.9750,55.6797,0.5648,1.0e-04,,,6.2
1503,26.91,20.2124,180.3415,55.7109,0.5602,1.0e-04,,,3.5
1504,26.63,20.1543,172.0839,53.1576,0.5642,1.0e-04,,,3.5
1505,26.55,20.1494,162.4385,55.5924,0.5706,1.0e-04,,,3.5
1506,27.30,20.8608,190.5438,57.5573,0.5632,1.0e-04,,,3.5
1507,26.26,19.9658,181.9674,51.4973,0.5590,1.0e-04,,,3.5
1508,27.00,20.5127,181.4417,54.8516,0.5692,1.0e-04,,,3.6
1509,25.14,18.8271,191.5026,55.6250,0.5709,1.0e-04,,,3.6
1510,26.71,20.2798,182.1349,54.1902,0.5575,1.0e-04,26.11,0.40,3.6
1511,26.34,20.0312,186.8903,57.5489,0.5650,1.0e-04,,,3.6
1512,26.69,20.1001,189.5437,56.6712,0.5767,1.0e-04,,,3.5
1513,26.88,20.5029,167.6468,54.1386,0.5696,1.0e-04,,,3.6
1514,26.80,20.2925,179.6730,52.7582,0.5688,1.0e-04,,,3.5
1515,26.59,20.2998,204.3765,56.6576,0.5650,1.0e-04,,,3.6
1516,27.09,20.5347,186.7694,58.1953,0.5615,1.0e-04,,,3.6
1517,26.12,19.8564,219.0536,60.0217,0.5625,1.0e-04,,,3.5
1518,27.00,20.4800,196.3325,55.5625,0.5657,1.0e-04,,,3.6
1519,27.23,20.7646,205.3456,58.5339,0.5726,1.0e-04,,,3.6
1520,26.42,19.9053,197.4349,54.8777,0.5662,1.0e-04,26.04,0.42,5.3
1521,27.54,21.1079,209.7890,56.6797,0.5637,1.0e-04,,,3.5
1522,26.79,20.4609,216.8234,60.6196,0.5712,1.0e-04,,,3.5
1523,26.21,19.7378,228.9974,58.1223,0.5703,1.0e-04,,,3.5
1524,27.34,20.6123,190.6017,56.2526,0.5675,1.0e-04,,,3.5
1525,27.08,20.3296,185.3555,52.9974,0.5672,1.0e-04,,,3.5
1526,26.02,19.6255,175.4843,53.7962,0.5716,1.0e-04,,,3.6
1527,27.50,20.6450,182.0705,56.3151,0.5735,1.0e-04,,,3.5
1528,27.47,20.9146,154.6606,56.7865,0.5693,1.0e-04,,,3.6
1529,27.11,20.6289,192.5007,55.1354,0.5605,1.0e-04,,,3.5
1530,26.90,20.4028,191.6038,54.1276,0.5619,1.0e-04,25.37,0.39,3.5
1531,27.35,20.9131,182.1496,54.2318,0.5589,1.0e-04,,,3.5
1532,26.13,19.7832,168.7121,57.4918,0.5619,1.0e-04,,,3.5
1533,24.99,18.7803,190.1604,57.3125,0.5645,1.0e-04,,,3.6
1534,26.44,20.1880,169.6481,56.7799,0.5564,1.0e-04,,,3.6
1535,26.53,20.2485,176.6144,53.6087,0.5524,1.0e-04,,,3.6
1536,26.91,20.7568,173.3768,56.0508,0.5494,1.0e-04,,,3.6
1537,25.24,19.3994,177.0516,52.0682,0.5337,1.0e-04,,,3.6
1538,25.64,19.7056,195.8900,50.5312,0.5421,1.0e-04,,,3.5
1539,27.88,21.6982,153.3059,53.6300,0.5476,1.0e-04,,,3.6
1540,26.31,20.1797,183.1100,54.5054,0.5473,1.0e-04,26.99,0.41,3.6
1541,28.00,21.5278,168.8147,52.7850,0.5588,1.0e-04,,,3.6
1542,27.24,20.7837,178.5313,55.9870,0.5602,1.0e-04,,,3.6
1543,27.19,20.8428,182.6169,52.7083,0.5533,1.0e-04,,,3.5
1544,26.50,20.1611,199.5009,58.5082,0.5639,1.0e-04,,,3.5
1545,27.56,21.2598,188.3853,56.0026,0.5534,1.0e-04,,,3.5
1546,27.67,21.2046,179.0716,57.4583,0.5565,1.0e-04,,,3.5
1547,27.29,21.0508,179.9644,57.1589,0.5547,1.0e-04,,,3.6
1548,26.58,20.2417,201.8617,55.1087,0.5575,1.0e-04,,,3.5
1549,25.55,19.3398,174.6268,51.3011,0.5606,1.0e-04,,,3.5
1550,26.06,19.5654,196.2406,55.3913,0.5659,1.0e-04,27.11,0.45,3.5
1551,27.23,20.6646,170.3981,58.7266,0.5611,1.0e-04,,,3.5
1552,25.74,19.2456,188.3625,53.0767,0.5698,1.0e-04,,,3.5
1553,27.18,20.5371,178.7981,54.2839,0.5552,1.0e-04,,,3.5
1554,26.69,20.2417,171.1581,57.5190,0.5566,1.0e-04,,,3.5
1555,26.65,20.1323,184.5669,56.0842,0.5712,1.0e-04,,,3.5
1556,27.57,20.8818,170.8688,56.6458,0.5620,1.0e-04,,,3.5
1557,27.73,21.1807,206.7979,60.9479,0.5584,1.0e-04,,,3.5
1558,25.79,19.4248,199.6656,55.9972,0.5686,1.0e-04,,,3.5
1559,26.52,20.1445,192.3298,61.0842,0.5687,1.0e-04,,,3.6
1560,26.15,20.1162,200.3447,54.8533,0.5585,1.0e-04,25.05,0.31,3.5
1561,27.57,21.3535,208.0484,57.9453,0.5598,1.0e-04,,,3.6
1562,27.37,21.0161,200.0687,57.2865,0.5699,1.0e-04,,,3.6
1563,25.51,19.2007,224.4043,61.9290,0.5571,1.0e-04,,,3.5
1564,26.64,20.3813,171.0875,58.0815,0.5597,1.0e-04,,,3.5
1565,26.56,20.3477,198.5965,55.6005,0.5580,1.0e-04,,,3.5
1566,26.88,20.5762,201.5647,54.3913,0.5625,1.0e-04,,,3.6
1567,26.06,20.0830,178.9709,54.3071,0.5506,1.0e-04,,,3.5
1568,25.58,19.5264,179.7124,52.2500,0.5559,1.0e-04,,,3.5
1569,26.84,20.8042,191.1050,56.7582,0.5553,1.0e-04,,,3.6
1570,25.73,19.7163,162.8773,54.3864,0.5662,1.0e-04,25.73,0.38,3.5
1571,27.23,20.8311,173.2674,56.4609,0.5665,1.0e-04,,,3.5
1572,27.98,21.2827,182.0096,59.3275,0.5593,1.0e-04,,,3.6
1573,27.14,20.3589,225.3943,59.4870,0.5607,1.0e-04,,,3.6
1574,26.88,20.2720,167.9477,54.8641,0.5678,1.0e-04,,,3.5
1575,26.82,20.3149,195.5147,54.9022,0.5651,1.0e-04,,,3.5
1576,25.97,19.5664,180.2295,54.1929,0.5668,1.0e-04,,,3.5
1577,26.23,19.9683,183.3500,59.6658,0.5643,1.0e-04,,,3.5
1578,25.76,19.4561,179.1340,54.6648,0.5646,1.0e-04,,,3.5
1579,25.61,19.3838,194.0660,56.2642,0.5626,1.0e-04,,,3.5
1580,27.99,21.5947,188.4579,52.9200,0.5505,1.0e-04,25.15,0.36,3.5
1581,26.40,20.2637,176.8956,53.4022,0.5627,1.0e-04,,,3.5
1582,26.21,20.1328,182.6765,54.0652,0.5577,1.0e-04,,,3.5
1583,26.39,20.1968,199.7149,51.5435,0.5565,1.0e-04,,,3.5
1584,27.39,20.9453,175.8457,55.8568,0.5590,1.0e-04,,,3.6
1585,27.37,20.7285,169.8723,54.5443,0.5641,1.0e-04,,,3.6
1586,27.73,21.0947,184.0533,60.9401,0.5737,1.0e-04,,,3.5
1587,26.66,20.0327,198.5591,59.6603,0.5692,1.0e-04,,,3.5
1588,26.43,20.1260,197.7059,49.4212,0.5644,1.0e-04,,,3.6
1589,28.13,21.3208,170.8984,55.1750,0.5689,1.0e-04,,,3.6
1590,27.36,20.4932,184.5064,55.9583,0.5707,1.0e-04,26.18,0.41,3.5
1591,27.36,20.8975,173.0933,57.7969,0.5676,1.0e-04,,,3.6
1592,26.65,20.1357,196.9745,54.3804,0.5634,1.0e-04,,,3.6
1593,28.18,21.6230,206.7325,61.2875,0.5590,1.0e-04,,,3.6
1594,25.90,19.6343,204.7602,60.0795,0.5507,1.0e-04,,,3.6
1595,27.57,21.1191,190.3067,55.9219,0.5679,1.0e-04,,,3.6
1596,28.37,21.7700,208.5698,56.6875,0.5699,1.0e-04,,,5.4
1597,27.33,20.7065,179.9398,57.3620,0.5735,1.0e-04,,,3.5
1598,26.71,20.2578,181.6253,56.2826,0.5742,1.0e-04,,,6.4
1599,26.38,19.6865,200.4020,57.3533,0.5736,1.0e-04,,,3.6
1600,27.19,20.6943,190.8378,57.9323,0.5598,1.0e-04,25.70,0.38,6.6
1601,26.97,20.6294,172.6822,53.9349,0.5723,1.0e-04,,,3.5
1602,26.31,19.9551,176.3949,50.3043,0.5693,1.0e-04,,,3.5
1603,26.94,20.4546,166.7588,58.3802,0.5702,1.0e-04,,,6.4
1604,26.60,20.1143,189.9847,56.0353,0.5699,1.0e-04,,,3.5
1605,26.13,19.7236,197.5550,51.8451,0.5622,1.0e-04,,,3.6
1606,27.18,20.6895,177.1823,53.3516,0.5680,1.0e-04,,,3.5
1607,26.62,20.2388,183.9556,56.4185,0.5689,1.0e-04,,,3.6
1608,26.28,19.8315,192.8198,54.6413,0.5659,1.0e-04,,,3.5
1609,26.98,20.3677,161.0709,53.7708,0.5698,1.0e-04,,,3.6
1610,26.73,20.2173,187.1910,52.6658,0.5754,1.0e-04,27.02,0.48,3.6
1611,26.15,19.7007,183.3164,53.8071,0.5723,1.0e-04,,,3.6
1612,27.12,20.2754,184.3701,54.8385,0.5745,1.0e-04,,,3.6
1613,27.45,20.6157,159.1811,55.3776,0.5709,1.0e-04,,,3.6
1614,26.80,20.2998,200.0460,54.4810,0.5676,1.0e-04,,,3.6
1615,25.91,19.5703,177.5544,52.8098,0.5718,1.0e-04,,,3.6
1616,28.88,22.3950,164.0278,53.7300,0.5636,1.0e-04,,,3.6
1617,27.49,21.0112,182.5703,56.3229,0.5671,1.0e-04,,,3.6
1618,27.55,20.9624,190.3809,54.0573,0.5715,1.0e-04,,,3.6
1619,24.69,18.4883,189.5557,49.1577,0.5759,1.0e-04,,,3.5
1620,27.72,20.9951,182.6389,58.2031,0.5766,1.0e-04,26.74,0.44,3.5
1621,27.26,20.6479,194.1810,57.0729,0.5632,1.0e-04,,,3.5
1622,26.26,19.8550,192.2281,53.4212,0.5639,1.0e-04,,,3.5
1623,26.97,20.5132,153.6307,60.0938,0.5652,1.0e-04,,,3.5
1624,27.47,20.8936,170.0690,55.8151,0.5760,1.0e-04,,,3.5
1625,26.96,20.4531,189.8346,55.1432,0.5695,1.0e-04,,,3.6
1626,27.14,20.6426,187.8500,55.9766,0.5696,1.0e-04,,,3.5
1627,27.16,20.6475,188.5563,58.6589,0.5741,1.0e-04,,,3.5
1628,25.10,19.0063,196.6870,55.2557,0.5683,1.0e-04,,,3.5
1629,26.74,20.3853,187.6842,56.6766,0.5685,1.0e-04,,,3.5
1630,26.99,20.6982,177.5546,56.7422,0.5769,1.0e-04,25.42,0.37,3.5
1631,26.45,20.2515,172.1850,54.0326,0.5647,1.0e-04,,,5.2
1632,26.88,20.5776,193.4529,52.8777,0.5640,1.0e-04,,,3.6
1633,27.64,20.8989,177.3841,52.5547,0.5717,1.0e-04,,,3.6
1634,27.65,20.7632,212.2681,57.9766,0.5708,1.0e-04,,,3.6
1635,27.61,20.9619,186.8595,52.4193,0.5779,1.0e-04,,,3.6
1636,26.24,19.7241,196.6351,54.2418,0.5689,1.0e-04,,,3.6
1637,26.59,19.8960,187.1020,53.6848,0.5729,1.0e-04,,,3.6
1638,28.34,21.4312,170.6795,54.9025,0.5770,1.0e-04,,,3.6
1639,27.46,20.6431,176.1106,56.0964,0.5717,1.0e-04,,,3.6
1640,26.15,19.3042,192.1298,55.8614,0.5717,1.0e-04,26.59,0.48,3.6
1641,26.76,20.1162,178.5224,55.6223,0.5749,1.0e-04,,,3.5
1642,26.26,19.8228,196.7176,53.2962,0.5667,1.0e-04,,,3.6
1643,27.34,20.5854,172.7169,53.4349,0.5771,1.0e-04,,,3.6
1644,25.84,19.2920,179.6450,53.1676,0.5770,1.0e-04,,,6.1
1645,27.52,20.7666,160.1848,52.5807,0.5759,1.0e-04,,,3.5
1646,25.87,19.4092,174.7713,50.8920,0.5641,1.0e-04,,,3.5
1647,27.46,20.8052,150.7858,51.9427,0.5723,1.0e-04,,,3.6
1648,26.30,19.6382,171.9698,51.2636,0.5722,1.0e-04,,,3.5
1649,26.59,19.9019,173.6342,53.6685,0.5741,1.0e-04,,,3.5
1650,26.27,19.7798,167.3290,51.2772,0.5728,1.0e-04,26.91,0.43,3.5
1651,26.54,20.0034,197.6999,54.9647,0.5727,1.0e-04,,,3.5
1652,26.03,19.6943,181.2199,48.4973,0.5687,1.0e-04,,,3.5
1653,26.81,20.5347,169.4832,52.8370,0.5553,1.0e-04,,,3.5
1654,26.60,20.1782,170.9387,53.8913,0.5640,1.0e-04,,,3.5
1655,27.91,21.5107,180.3618,55.8000,0.5663,1.0e-04,,,3.6
1656,26.85,20.7246,183.5238,56.1848,0.5574,1.0e-04,,,3.6
1657,26.29,20.2378,188.1246,56.9130,0.5467,1.0e-04,,,3.6
1658,27.45,21.2793,190.8777,58.1797,0.5540,1.0e-04,,,3.6
1659,26.20,20.0327,209.5558,55.5951,0.5529,1.0e-04,,,3.6
1660,27.38,21.0552,179.4590,55.5911,0.5483,1.0e-04,25.09,0.34,3.6
1661,26.21,20.1543,186.3706,56.0380,0.5593,1.0e-04,,,3.6
1662,28.07,21.3955,166.3071,53.8600,0.5690,1.0e-04,,,3.6
1663,28.38,21.7939,200.9845,58.9050,0.5514,1.0e-04,,,3.6
1664,27.31,20.6953,201.8841,53.5521,0.5627,1.0e-04,,,3.6
1665,26.27,20.0112,193.0730,53.9728,0.5654,1.0e-04,,,3.5
1666,26.62,20.2559,182.5479,56.9022,0.5542,1.0e-04,,,3.5
1667,26.16,19.9966,191.0667,52.8016,0.5509,1.0e-04,,,3.5
1668,26.91,20.6797,167.4333,54.2396,0.5547,1.0e-04,,,3.5
1669,26.03,19.6504,203.5135,53.4266,0.5630,1.0e-04,,,3.5
1670,28.20,21.7705,173.1067,54.4425,0.5506,1.0e-04,26.00,0.41,3.6
1671,26.76,20.4790,182.1122,52.8397,0.5575,1.0e-04,,,6.2
1672,27.00,20.5283,162.8241,54.1771,0.5595,1.0e-04,,,3.5
1673,27.56,21.2568,179.6246,54.2031,0.5631,1.0e-04,,,3.5
1674,26.52,20.3066,190.6374,54.9891,0.5461,1.0e-04,,,5.2
1675,26.84,20.6538,183.4704,52.4049,0.5567,1.0e-04,,,3.5
1676,26.46,20.1348,181.7506,54.9402,0.5683,1.0e-04,,,3.5
1677,26.80,20.4526,175.4764,56.2473,0.5593,1.0e-04,,,3.5
1678,26.83,20.3647,185.7106,53.8832,0.5628,1.0e-04,,,3.5
1679,27.31,20.7358,183.4561,56.3568,0.5673,1.0e-04,,,3.5
1680,27.35,20.7671,191.7386,53.5703,0.5609,1.0e-04,27.01,0.43,6.2
1681,26.19,19.8486,178.1142,53.3288,0.5593,1.0e-04,,,3.6
1682,27.04,20.5801,191.0402,53.5859,0.5517,1.0e-04,,,3.6
1683,27.18,21.0381,180.5150,54.7057,0.5351,1.0e-04,,,3.6
1684,27.27,21.2510,179.1974,54.0234,0.5473,1.0e-04,,,3.6
1685,26.53,20.3926,167.3605,52.6549,0.5481,1.0e-04,,,3.6
1686,27.76,21.5229,194.5972,55.2214,0.5489,1.0e-04,,,3.6
1687,25.07,19.0259,219.0370,56.1023,0.5431,1.0e-04,,,3.5
1688,27.25,20.8950,178.7349,54.7917,0.5649,1.0e-04,,,3.6
1689,26.91,20.5601,212.6967,54.4896,0.5650,1.0e-04,,,3.5
1690,27.75,21.0396,192.8343,57.9766,0.5617,1.0e-04,26.55,0.47,3.5
1691,28.74,21.9092,193.9358,57.8975,0.5652,1.0e-04,,,3.6
1692,27.61,20.9790,188.0570,56.3229,0.5663,1.0e-04,,,3.6
1693,26.85,20.2075,194.2640,55.2364,0.5646,1.0e-04,,,3.5
1694,28.21,21.8149,172.9856,62.4050,0.5537,1.0e-04,,,3.5
1695,27.01,20.8042,204.3432,61.7422,0.5412,1.0e-04,,,3.5
1696,26.75,20.7002,223.6802,62.1440,0.5386,1.0e-04,,,3.5
1697,26.66,20.4658,205.8057,62.5163,0.5428,1.0e-04,,,3.5
1698,27.04,20.7656,208.8705,56.2500,0.5436,1.0e-04,,,3.5
1699,26.61,20.2891,221.7893,55.0000,0.5461,1.0e-04,,,3.5
1700,27.42,21.3525,182.4472,56.1953,0.5455,1.0e-04,25.83,0.36,3.5
1701,26.61,20.4917,198.9859,58.2609,0.5471,1.0e-04,,,3.5
1702,27.11,20.8457,202.4597,60.7396,0.5428,1.0e-04,,,3.5
1703,27.76,21.3384,205.2409,61.1589,0.5551,1.0e-04,,,3.5
1704,25.87,19.9155,230.4139,59.2898,0.5448,1.0e-04,,,3.5
1705,27.08,20.6064,222.6420,59.4089,0.5497,1.0e-04,,,3.6
1706,26.35,20.0439,202.5441,57.7500,0.5520,1.0e-04,,,3.6
1707,27.47,21.1230,193.7275,55.6823,0.5571,1.0e-04,,,3.6
1708,25.27,19.3223,186.1396,53.6051,0.5566,1.0e-04,,,3.6
1709,25.08,18.9751,190.0273,57.5256,0.5637,1.0e-04,,,3.5
1710,28.08,21.6162,196.8063,59.4925,0.5448,1.0e-04,25.62,0.36,3.6
1711,26.19,20.0249,197.7449,56.8587,0.5575,1.0e-04,,,3.5
1712,25.90,19.8501,207.0272,57.6848,0.5485,1.0e-04,,,3.5
1713,25.96,19.8774,193.3755,58.4402,0.5355,1.0e-04,,,3.6
1714,26.49,20.4556,196.8645,55.2038,0.5424,1.0e-04,,,3.5
1715,26.09,20.2104,199.0354,57.6386,0.5256,1.0e-04,,,3.5
1716,25.86,20.0278,197.7016,55.9972,0.5371,1.0e-04,,,3.5
1717,27.17,20.9927,205.5967,55.3958,0.5417,1.0e-04,,,3.5
1718,27.72,21.7158,209.7368,59.7760,0.5315,1.0e-04,,,3.5
1719,26.63,20.5605,186.9797,60.2364,0.5335,1.0e-04,,,3.5
1720,27.17,20.7886,195.8188,56.1146,0.5514,1.0e-04,25.84,0.36,3.5
1721,26.37,20.2246,205.1680,54.7582,0.5357,1.0e-04,,,3.5
1722,27.65,21.5776,198.4582,56.9219,0.5302,1.0e-04,,,3.6
1723,26.88,20.7129,179.9840,59.6522,0.5481,1.0e-04,,,3.6
1724,27.00,20.7510,221.8385,59.0521,0.5396,1.0e-04,,,5.3
1725,27.51,21.3188,179.2679,57.9870,0.5422,1.0e-04,,,3.5
1726,26.35,20.3862,190.8391,58.3859,0.5319,1.0e-04,,,3.5
1727,26.74,20.7153,195.7315,58.4429,0.5182,1.0e-04,,,3.5
1728,26.80,20.8042,194.1458,58.0707,0.5264,1.0e-04,,,6.4
1729,26.84,20.7817,201.7407,58.8451,0.5322,1.0e-04,,,3.5
1730,26.38,20.1812,213.5910,60.3533,0.5398,1.0e-04,26.41,0.39,3.6
1731,26.91,20.6968,246.0748,60.7422,0.5341,1.0e-04,,,3.6
1732,26.53,20.0918,238.5246,59.3587,0.5467,1.0e-04,,,3.6
1733,27.04,20.3701,189.3690,60.7552,0.5522,1.0e-04,,,5.5
1734,26.96,20.4624,215.8336,60.3776,0.5477,1.0e-04,,,3.6
1735,28.33,21.5571,234.7601,60.4650,0.5515,1.0e-04,,,3.6
1736,26.76,20.0049,220.2042,60.8533,0.5565,1.0e-04,,,3.5
1737,26.77,20.0454,226.8873,61.8016,0.5496,1.0e-04,,,3.5
1738,26.73,19.9043,207.5746,58.6984,0.5510,1.0e-04,,,3.5
1739,27.25,20.2905,207.0959,58.3125,0.5565,1.0e-04,,,3.5
1740,26.12,19.4497,201.5192,56.8098,0.5583,1.0e-04,27.21,0.47,3.5
1741,26.56,19.9541,202.2494,57.1929,0.5606,1.0e-04,,,3.5
1742,28.52,21.7808,194.4614,55.3875,0.5593,1.0e-04,,,3.6
1743,27.17,20.6274,200.7874,59.7891,0.5685,1.0e-04,,,3.6
1744,26.70,20.3701,196.1677,59.1250,0.5581,1.0e-04,,,3.5
1745,26.37,19.8696,237.8164,59.0326,0.5579,1.0e-04,,,3.5
1746,27.54,20.9536,211.6878,58.5443,0.5538,1.0e-04,,,3.6
1747,27.03,20.6064,218.3242,59.7214,0.5510,1.0e-04,,,3.5
1748,26.78,20.2925,199.5009,59.3234,0.5535,1.0e-04,,,3.5
1749,27.21,20.3628,207.4366,59.4688,0.5653,1.0e-04,,,3.6
1750,26.94,20.5054,200.7030,61.0807,0.5476,1.0e-04,26.33,0.39,3.5
1751,28.62,22.0527,228.1745,63.7125,0.5493,1.0e-04,,,3.5
1752,26.99,20.6846,210.0861,59.0339,0.5472,1.0e-04,,,3.5
1753,26.72,20.6040,233.4071,61.6902,0.5447,1.0e-04,,,3.5
1754,27.09,20.8877,219.8550,60.5026,0.5459,1.0e-04,,,3.5
1755,26.90,20.5415,235.8261,59.7109,0.5503,1.0e-04,,,3.6
1756,28.45,21.8979,215.7614,67.2025,0.5447,1.0e-04,,,3.6
1757,28.14,21.6084,225.4880,60.3850,0.5469,1.0e-04,,,3.6
1758,26.50,19.9668,225.0850,61.4728,0.5487,1.0e-04,,,3.6
1759,28.32,21.7983,211.4334,64.2350,0.5532,1.0e-04,,,3.6
1760,25.40,19.3486,231.2711,57.8352,0.5513,1.0e-04,26.03,0.39,5.2
1761,27.72,21.2964,187.3196,58.0339,0.5543,1.0e-04,,,3.5
1762,26.57,20.1421,218.0024,58.1766,0.5488,1.0e-04,,,3.5
1763,27.98,21.2739,211.0259,58.7925,0.5589,1.0e-04,,,3.6
1764,26.75,20.1685,217.2052,59.1549,0.5596,1.0e-04,,,3.6
1765,26.46,20.0264,226.1734,60.3370,0.5586,1.0e-04,,,3.5
1766,26.77,20.0962,198.0592,58.9918,0.5576,1.0e-04,,,3.5
1767,27.66,20.8774,221.6597,61.1016,0.5564,1.0e-04,,,3.5
1768,27.23,20.6113,211.3030,61.8099,0.5527,1.0e-04,,,3.5
1769,27.11,20.2139,216.5315,59.1745,0.5527,1.0e-04,,,3.6
1770,27.37,20.5605,199.4760,59.8177,0.5562,1.0e-04,27.36,0.48,3.5
1771,28.06,21.2349,213.4494,61.8075,0.5535,1.0e-04,,,3.6
1772,26.28,19.9570,225.2651,59.4158,0.5500,1.0e-04,,,3.5
1773,28.01,21.3120,217.9712,63.3650,0.5510,1.0e-04,,,3.5
1774,26.73,20.1919,231.3300,58.0380,0.5581,1.0e-04,,,3.5
1775,26.51,20.0503,223.7293,57.8125,0.5489,1.0e-04,,,3.5
1776,27.43,20.7144,210.1329,60.1484,0.5568,1.0e-04,,,3.6
1777,27.17,20.6328,229.7746,59.4766,0.5593,1.0e-04,,,3.5
1778,27.81,21.0493,219.5774,61.2656,0.5578,1.0e-04,,,3.6
1779,25.99,19.6294,223.6741,55.6712,0.5493,1.0e-04,,,3.6
1780,28.19,21.3853,212.4109,59.4925,0.5474,1.0e-04,26.97,0.43,3.6
1781,27.09,20.5493,236.6941,56.0417,0.5514,1.0e-04,,,3.6
1782,26.47,19.9766,208.3962,57.5815,0.5569,1.0e-04,,,3.6
1783,28.31,21.5522,177.7404,59.6175,0.5560,1.0e-04,,,3.6
1784,26.69,20.2881,222.3286,60.3533,0.5539,1.0e-04,,,3.6
1785,27.07,20.4048,206.4133,62.7135,0.5543,1.0e-04,,,3.6
1786,27.46,20.8257,218.5076,59.4870,0.5571,1.0e-04,,,3.6
1787,28.52,21.9956,221.6137,61.4900,0.5534,1.0e-04,,,3.6
1788,27.05,20.6758,237.0232,60.0365,0.5584,1.0e-04,,,3.6
1789,27.05,20.5669,199.5148,60.9688,0.5576,1.0e-04,,,3.6
1790,26.87,20.6113,207.3602,57.0054,0.5502,1.0e-04,25.63,0.35,3.5
1791,26.65,20.4663,201.9585,54.8533,0.5483,1.0e-04,,,3.5
1792,26.91,20.9590,197.9057,55.2943,0.5378,1.0e-04,,,3.5
1793,26.25,20.3037,211.7706,61.9185,0.5351,1.0e-04,,,3.6
1794,25.62,19.4551,203.0986,51.9261,0.5462,1.0e-04,,,3.5
1795,26.61,20.4790,203.6656,61.3668,0.5471,1.0e-04,,,3.5
1796,26.88,20.5107,186.3930,53.4891,0.5524,1.0e-04,,,3.5
1797,28.37,21.8584,180.6694,59.2500,0.5496,1.0e-04,,,3.5
1798,26.79,20.3813,198.0539,57.0571,0.5496,1.0e-04,,,3.5
1799,27.46,21.1538,247.9926,57.5078,0.5444,1.0e-04,,,3.5
1800,25.96,19.5723,206.4960,57.1196,0.5553,1.0e-04,26.00,0.39,3.5
1801,26.85,20.5483,191.6220,60.1060,0.5570,1.0e-04,,,3.5
1802,26.50,20.3379,209.0243,60.5516,0.5518,1.0e-04,,,3.6
1803,28.92,22.4546,185.8701,59.5250,0.5449,1.0e-04,,,3.6
1804,27.95,21.7690,194.3600,61.1050,0.5308,1.0e-04,,,3.6
1805,27.41,21.3232,239.0679,58.3880,0.5311,1.0e-04,,,3.6
1806,27.70,21.3926,220.9979,57.8411,0.5429,1.0e-04,,,3.5
1807,27.77,21.3203,202.9218,58.4896,0.5416,1.0e-04,,,3.6
1808,26.79,20.4097,206.1085,56.1549,0.5546,1.0e-04,,,3.6
1809,26.89,20.4980,173.0502,56.8152,0.5495,1.0e-04,,,3.6
1810,27.74,21.3149,193.8228,58.4583,0.5484,1.0e-04,25.79,0.37,3.5
1811,26.28,20.0322,184.8474,55.5082,0.5500,1.0e-04,,,3.5
1812,26.18,19.8687,201.3541,54.9429,0.5580,1.0e-04,,,3.6
1813,26.15,19.8491,183.6761,52.7500,0.5516,1.0e-04,,,3.5
1814,26.63,20.5522,187.1543,56.4701,0.5467,1.0e-04,,,3.5
1815,26.28,19.9688,171.9852,54.3533,0.5645,1.0e-04,,,3.5
1816,27.39,20.9683,188.6224,55.5547,0.5583,1.0e-04,,,3.6
1817,26.62,20.4121,202.0839,51.8016,0.5508,1.0e-04,,,3.5
1818,26.11,20.0605,182.8357,52.2337,0.5517,1.0e-04,,,3.5
1819,27.18,21.0137,190.3562,54.4661,0.5412,1.0e-04,,,3.6
1820,27.61,21.2329,180.2633,54.5599,0.5534,1.0e-04,26.32,0.41,3.6
1821,27.29,20.8130,174.3503,54.4635,0.5631,1.0e-04,,,3.6
1822,27.69,21.2192,185.5433,59.1849,0.5545,1.0e-04,,,3.5
1823,26.75,20.4180,190.5483,57.5353,0.5540,1.0e-04,,,3.5
1824,26.28,20.2227,203.4477,55.4891,0.5461,1.0e-04,,,3.5
1825,26.74,20.5815,185.9606,59.0625,0.5521,1.0e-04,,,3.5
1826,26.62,20.2891,210.0451,57.3125,0.5522,1.0e-04,,,3.5
1827,27.73,21.1606,170.2446,55.7500,0.5531,1.0e-04,,,3.5
1828,27.70,21.0132,189.3190,56.4453,0.5603,1.0e-04,,,3.5
1829,27.38,20.8774,180.8313,55.5104,0.5647,1.0e-04,,,3.5
1830,28.16,21.6982,179.5277,59.3700,0.5551,1.0e-04,26.03,0.36,3.6
1831,25.87,19.7529,193.0198,60.8995,0.5542,1.0e-04,,,3.6
1832,27.14,20.6636,213.7969,58.3984,0.5607,1.0e-04,,,3.6
1833,28.03,21.2026,195.4167,64.4125,0.5683,1.0e-04,,,3.6
1834,26.49,20.0127,199.1232,52.8152,0.5593,1.0e-04,,,3.5
1835,27.15,20.6523,178.5918,58.6042,0.5566,1.0e-04,,,3.6
1836,25.99,19.8433,188.6878,57.5571,0.5575,1.0e-04,,,3.6
1837,27.13,20.6978,186.5277,58.2630,0.5549,1.0e-04,,,3.5
1838,27.20,20.8843,171.8363,61.0807,0.5644,1.0e-04,,,3.5
1839,25.64,19.4526,182.0413,55.6392,0.5527,1.0e-04,,,3.5
1840,26.58,20.4365,183.3814,52.4348,0.5445,1.0e-04,25.14,0.31,3.6
1841,26.82,20.7876,193.7665,57.3370,0.5435,1.0e-04,,,3.5
1842,27.58,21.6035,194.3051,58.7500,0.5429,1.0e-04,,,3.6
1843,25.71,19.9097,197.3582,53.9233,0.5472,1.0e-04,,,3.5
1844,26.35,20.2754,219.3530,57.6304,0.5562,1.0e-04,,,3.5
1845,26.51,20.3125,207.4290,55.7745,0.5632,1.0e-04,,,3.5
1846,27.91,21.3428,213.1276,59.9740,0.5608,1.0e-04,,,3.5
1847,26.22,19.6626,219.1232,54.6467,0.5638,1.0e-04,,,3.5
1848,26.92,20.1182,187.9532,57.8698,0.5678,1.0e-04,,,3.5
1849,26.60,20.2202,226.5186,62.9592,0.5558,1.0e-04,,,3.5
1850,27.03,20.7061,205.6064,58.9375,0.5519,1.0e-04,25.12,0.30,3.5
1851,26.56,20.5825,211.6144,57.9158,0.5444,1.0e-04,,,3.5
1852,27.53,21.2798,213.9760,58.5521,0.5462,1.0e-04,,,3.6
1853,27.82,21.6191,192.7721,60.8906,0.5378,1.0e-04,,,3.6
1854,25.48,19.6963,215.6801,58.1562,0.5517,1.0e-04,,,3.6
1855,27.13,21.0293,215.8569,61.5833,0.5433,1.0e-04,,,3.6
1856,26.19,20.2651,209.4650,54.8641,0.5432,1.0e-04,,,3.6
1857,26.70,20.4932,206.7608,58.6196,0.5418,1.0e-04,,,3.6
1858,27.60,21.2363,185.8070,57.0286,0.5479,1.0e-04,,,3.6
1859,26.98,20.7168,207.1049,57.2370,0.5496,1.0e-04,,,3.6
1860,27.58,21.2808,183.2193,60.0052,0.5463,1.0e-04,26.25,0.36,3.6
1861,26.99,20.7280,194.8766,60.5130,0.5451,1.0e-04,,,3.6
1862,27.94,21.7505,194.5681,61.2575,0.5497,1.0e-04,,,6.6
1863,26.88,20.6479,224.2911,60.1522,0.5473,1.0e-04,,,3.5
1864,27.24,21.1851,208.7272,60.2995,0.5373,1.0e-04,,,3.5
1865,27.03,20.9214,224.5463,59.1823,0.5415,1.0e-04,,,3.5
1866,26.26,20.0581,215.0625,57.1576,0.5475,1.0e-04,,,3.5
1867,26.60,20.4648,207.2096,58.2527,0.5484,1.0e-04,,,3.5
1868,28.10,21.7705,186.8693,59.0975,0.5427,1.0e-04,,,3.5
1869,26.45,20.3740,206.0658,61.8560,0.5310,1.0e-04,,,3.5
1870,26.75,20.5991,197.4391,61.2418,0.5504,1.0e-04,27.14,0.38,3.5
1871,27.42,21.1182,219.0982,59.6016,0.5428,1.0e-04,,,3.5
1872,26.19,19.9463,224.6679,61.1332,0.5501,1.0e-04,,,6.1
1873,26.88,20.5073,202.5746,60.3620,0.5487,1.0e-04,,,3.5
1874,27.10,20.6479,220.5828,58.8229,0.5466,1.0e-04,,,3.5
1875,26.93,20.6221,198.3224,61.6146,0.5470,1.0e-04,,,3.5
1876,27.50,21.2080,216.4005,60.3177,0.5280,1.0e-04,,,3.6
1877,27.02,20.9775,221.4940,61.8802,0.5284,1.0e-04,,,3.6
1878,27.90,21.7920,219.6937,61.2109,0.5418,1.0e-04,,,3.6
1879,26.29,20.3955,217.7403,59.9266,0.5390,1.0e-04,,,3.6
1880,26.74,20.7271,240.8996,60.1223,0.5398,1.0e-04,27.16,0.39,3.6
1881,25.91,19.7905,215.1296,59.6359,0.5490,1.0e-04,,,3.6
1882,26.55,20.2681,203.2170,56.3668,0.5585,1.0e-04,,,3.6
1883,27.62,21.1162,197.5164,63.8750,0.5490,1.0e-04,,,3.6
1884,26.42,20.2710,217.2533,55.7201,0.5435,1.0e-04,,,3.5
1885,25.58,19.5962,204.3279,54.8608,0.5517,1.0e-04,,,3.5
1886,27.54,21.3071,216.4740,57.2812,0.5482,1.0e-04,,,3.6
1887,25.94,19.8369,203.1310,59.7310,0.5504,1.0e-04,,,3.5
1888,26.63,20.4346,199.8677,59.5435,0.5463,1.0e-04,,,3.5
1889,26.27,19.9600,203.7755,59.8995,0.5545,1.0e-04,,,3.5
1890,27.99,21.6060,209.5126,60.0750,0.5594,1.0e-04,26.78,0.38,3.5
1891,25.78,19.6040,201.4641,55.4119,0.5574,1.0e-04,,,3.5
1892,25.40,19.0781,211.7003,51.0938,0.5615,1.0e-04,,,3.5
1893,26.03,19.7495,211.2785,54.7391,0.5597,1.0e-04,,,3.5
1894,26.51,19.8882,181.3996,55.7500,0.5678,1.0e-04,,,3.5
1895,26.56,20.1895,191.2909,55.9103,0.5628,1.0e-04,,,4.7
1896,26.99,20.7251,209.0092,60.8906,0.5518,1.0e-04,,,3.8
1897,27.67,21.5879,210.3751,63.4349,0.5441,1.0e-04,,,3.5
1898,28.37,22.1816,206.2694,63.1475,0.5422,1.0e-04,,,3.6
1899,25.72,19.8960,206.5626,59.2358,0.5450,1.0e-04,,,3.5
1900,27.40,21.3027,205.8805,61.7786,0.5362,1.0e-04,26.10,0.34,3.6
1901,26.90,20.8506,219.4094,59.1354,0.5441,1.0e-04,,,3.6
1902,26.24,20.2168,215.6398,59.3207,0.5410,1.0e-04,,,3.6
1903,28.19,21.7788,212.5206,58.4300,0.5444,1.0e-04,,,3.6
1904,28.16,21.9512,213.1361,58.2025,0.5427,1.0e-04,,,3.6
1905,26.85,20.8394,202.2356,63.5788,0.5432,1.0e-04,,,7.0
1906,25.72,19.8608,219.5260,58.6080,0.5339,1.0e-04,,,3.6
1907,27.33,21.0337,205.1571,55.9714,0.5536,1.0e-04,,,3.5
1908,27.08,20.8188,186.5666,57.7760,0.5444,1.0e-04,,,3.5
1909,28.12,21.8726,197.1063,57.4675,0.5388,1.0e-04,,,6.2
1910,26.47,20.4209,200.0395,59.5109,0.5444,1.0e-04,26.81,0.37,3.5
1911,27.07,20.8569,218.7070,56.7214,0.5438,1.0e-04,,,3.5
1912,28.01,21.6826,199.9840,58.5200,0.5432,1.0e-04,,,3.6
1913,26.78,20.5547,200.6536,58.9864,0.5466,1.0e-04,,,3.5
1914,26.96,20.8979,195.3096,59.0130,0.5395,1.0e-04,,,3.5
1915,26.32,20.4136,201.0082,57.1114,0.5340,1.0e-04,,,6.1
1916,26.80,20.6543,198.2169,56.5571,0.5488,1.0e-04,,,3.5
1917,26.16,19.8374,203.2122,54.5299,0.5569,1.0e-04,,,3.5
1918,26.28,19.8521,188.9469,58.6196,0.5560,1.0e-04,,,3.5
1919,27.78,21.3330,187.4088,57.5495,0.5461,1.0e-04,,,3.5
1920,27.43,20.9346,209.1568,54.8698,0.5495,1.0e-04,27.54,0.44,3.5
1921,27.50,20.9556,183.5932,56.7135,0.5521,1.0e-04,,,3.5
1922,27.20,20.8267,180.3780,56.5365,0.5472,1.0e-04,,,3.6
1923,28.24,21.8662,179.5526,58.1725,0.5500,1.0e-04,,,3.6
1924,27.60,21.2158,201.2580,59.2344,0.5437,1.0e-04,,,3.6
1925,26.53,20.3940,189.6935,58.2147,0.5466,1.0e-04,,,3.6
1926,27.08,20.6372,184.9920,56.9870,0.5569,1.0e-04,,,3.6
1927,26.79,20.2256,213.4414,60.5054,0.5524,1.0e-04,,,3.6
1928,26.42,19.9370,214.7986,55.0707,0.5582,1.0e-04,,,3.6
1929,27.34,21.0068,203.8188,59.1615,0.5543,1.0e-04,,,3.6
1930,27.65,21.0986,188.1819,60.0182,0.5576,1.0e-04,27.58,0.45,3.5
1931,27.35,20.7622,207.1229,58.1953,0.5589,1.0e-04,,,3.6
1932,27.72,21.1777,218.9541,63.8177,0.5509,1.0e-04,,,3.6
1933,26.80,20.4082,211.5960,57.6821,0.5554,1.0e-04,,,3.5
1934,26.55,20.2925,201.1694,57.2582,0.5470,1.0e-04,,,3.5
1935,26.37,20.0493,200.8801,56.2201,0.5569,1.0e-04,,,3.5
1936,26.99,20.5410,179.5192,56.0547,0.5540,1.0e-04,,,3.5
1937,27.01,20.7007,213.4226,58.2422,0.5491,1.0e-04,,,3.5
1938,28.25,21.6069,200.7231,60.0600,0.5546,1.0e-04,,,3.5
1939,25.21,18.7598,194.8339,54.6335,0.5619,1.0e-04,,,3.5
1940,27.11,20.6172,186.0717,54.0156,0.5573,1.0e-04,27.56,0.47,3.5
1941,26.92,20.3979,182.0305,56.8906,0.5554,1.0e-04,,,3.5
1942,26.14,19.6279,176.8151,52.0000,0.5592,1.0e-04,,,3.5
1943,27.42,20.7793,169.9354,58.2526,0.5561,1.0e-04,,,3.5
1944,26.56,20.2334,169.6059,55.8641,0.5517,1.0e-04,,,3.5
1945,27.04,20.5996,189.2633,56.3438,0.5581,1.0e-04,,,3.6
1946,27.21,20.8799,171.7303,59.1016,0.5546,1.0e-04,,,3.5
1947,27.51,21.0688,215.7748,55.0417,0.5509,1.0e-04,,,3.6
1948,26.47,20.2715,188.1291,51.0245,0.5521,1.0e-04,,,3.6
1949,25.29,19.4097,199.0084,54.9545,0.5450,1.0e-04,,,3.6
1950,26.88,20.8242,176.8909,55.5380,0.5535,1.0e-04,26.01,0.39,3.6
1951,27.13,20.8384,185.0140,56.4714,0.5491,1.0e-04,,,3.6
1952,26.06,19.9492,182.2847,57.1196,0.5582,1.0e-04,,,3.6
1953,26.32,20.2539,190.0819,53.9239,0.5506,1.0e-04,,,3.6
1954,26.88,20.8750,194.3643,58.6332,0.5524,1.0e-04,,,3.5
1955,27.85,21.5498,179.2964,57.2448,0.5553,1.0e-04,,,3.6
1956,25.74,19.8081,208.5362,58.4460,0.5452,1.0e-04,,,3.5
1957,26.60,20.7090,206.3941,61.6467,0.5291,1.0e-04,,,3.5
1958,26.38,20.2637,216.3170,58.2147,0.5417,1.0e-04,,,3.5
1959,25.53,19.3438,219.9849,57.0795,0.5617,1.0e-04,,,3.5
1960,26.32,19.9561,187.0731,58.4946,0.5636,1.0e-04,26.17,0.36,3.5
1961,26.84,20.5786,184.7429,55.7473,0.5581,1.0e-04,,,3.5
1962,27.60,21.3945,189.4181,60.5365,0.5455,1.0e-04,,,3.5
1963,27.21,21.0488,201.7722,57.9010,0.5492,1.0e-04,,,3.5
1964,27.01,20.7822,191.0130,57.4792,0.5536,1.0e-04,,,3.5
1965,26.64,20.3882,191.4352,59.5163,0.5522,1.0e-04,,,3.5
1966,27.56,21.2891,198.8825,60.3724,0.5649,1.0e-04,,,3.6
1967,28.46,21.8335,209.5491,58.9200,0.5612,1.0e-04,,,3.5
1968,26.74,20.1558,208.5224,58.0462,0.5571,1.0e-04,,,3.5
1969,24.91,18.5562,206.8468,58.8665,0.5610,1.0e-04,,,3.5
1970,27.15,20.1992,212.7257,54.2708,0.5679,1.0e-04,27.43,0.55,3.6
1971,25.65,18.8462,202.0520,54.0483,0.5683,1.0e-04,,,3.5
1972,26.22,19.4507,198.4482,55.3342,0.5644,1.0e-04,,,3.5
1973,26.76,20.1626,179.2951,56.9076,0.5639,1.0e-04,,,3.5
1974,26.84,20.1558,185.4152,55.1712,0.5609,1.0e-04,,,3.6
1975,27.22,20.4985,201.3151,58.6719,0.5574,1.0e-04,,,3.6
1976,25.80,19.4868,206.6890,57.8125,0.5583,1.0e-04,,,3.5
1977,25.57,19.3203,194.0826,57.6477,0.5439,1.0e-04,,,3.6
1978,28.71,21.9966,183.6768,54.9700,0.5621,1.0e-04,,,3.6
1979,27.23,20.6719,201.4469,58.9062,0.5564,1.0e-04,,,3.5
1980,26.92,20.5425,190.5731,58.4297,0.5455,1.0e-04,26.77,0.45,3.5
1981,26.29,19.9351,192.3091,59.7636,0.5476,1.0e-04,,,3.5
1982,27.13,20.8408,204.5188,64.5000,0.5435,1.0e-04,,,3.5
1983,26.25,20.1821,222.8121,62.1549,0.5410,1.0e-04,,,3.5
1984,28.71,22.1899,213.6661,64.3475,0.5438,1.0e-04,,,3.6
1985,27.52,20.8853,250.1169,62.4479,0.5556,1.0e-04,,,3.6
1986,26.66,20.0049,234.5042,61.5842,0.5592,1.0e-04,,,3.5
1987,27.45,20.8169,209.1547,58.4115,0.5508,1.0e-04,,,3.6
1988,26.77,20.3828,210.7158,56.2636,0.5464,1.0e-04,,,3.5
1989,27.82,21.3872,213.0422,59.5469,0.5486,1.0e-04,,,3.5
1990,28.49,22.0376,205.6526,62.7450,0.5415,1.0e-04,26.17,0.35,3.5
1991,26.93,20.7974,222.4041,59.2188,0.5446,1.0e-04,,,3.6
1992,25.62,19.4658,213.6774,59.3210,0.5542,1.0e-04,,,3.5
1993,26.86,20.2476,229.0421,60.6793,0.5515,1.0e-04,,,3.5
1994,26.24,19.7148,197.9763,59.1685,0.5551,1.0e-04,,,3.5
1995,27.45,20.8081,187.8133,58.3151,0.5515,1.0e-04,,,3.6
1996,27.02,20.3208,209.2711,60.9531,0.5538,1.0e-04,,,3.6
1997,27.14,20.5444,220.2542,62.7188,0.5552,1.0e-04,,,3.6
1998,27.54,21.0161,208.1563,59.3464,0.5525,1.0e-04,,,3.6
1999,26.27,19.8989,195.4602,60.2799,0.5596,1.0e-04,,,3.5
2000,26.39,19.9878,204.7082,57.3804,0.5502,1.0e-04,27.07,0.44,3.5
2001,27.78,21.2393,172.5773,59.1849,0.5492,1.0e-04,,,3.6
2002,25.97,19.6895,202.3553,54.5109,0.5526,1.0e-04,,,3.5
2003,26.79,20.5747,204.7241,58.1304,0.5439,1.0e-04,,,3.5
2004,28.06,21.4893,182.9650,55.9800,0.5632,1.0e-04,,,3.5
2005,27.77,21.0371,177.9032,56.9141,0.5566,1.0e-04,,,3.5
2006,27.57,20.9736,202.5796,60.8646,0.5534,1.0e-04,,,3.6
2007,27.90,21.4473,184.3882,58.4740,0.5605,1.0e-04,,,3.6
2008,27.67,21.3472,204.4133,59.7578,0.5457,1.0e-04,,,3.6
2009,26.74,20.5469,223.3977,59.0380,0.5518,1.0e-04,,,3.6
2010,25.89,19.8403,183.5378,56.1196,0.5492,1.0e-04,26.00,0.35,3.5
2011,27.61,21.2852,204.8718,58.5859,0.5541,1.0e-04,,,3.6
2012,26.40,20.1206,214.5962,54.9484,0.5483,1.0e-04,,,3.5
2013,26.77,20.5806,208.1455,57.0190,0.5521,1.0e-04,,,3.5
2014,27.75,21.3901,182.8956,59.4766,0.5550,1.0e-04,,,3.6
2015,26.64,20.6436,198.5319,59.3152,0.5357,1.0e-04,,,3.5
2016,27.44,21.2295,209.5996,61.0911,0.5442,1.0e-04,,,3.5
2017,27.47,21.2104,210.3551,60.5052,0.5473,1.0e-04,,,3.5
2018,25.46,19.5625,202.6403,57.7784,0.5328,1.0e-04,,,3.5
2019,26.37,20.2690,199.7975,58.6929,0.5477,1.0e-04,,,3.5
2020,26.32,20.1011,218.6722,59.4864,0.5408,1.0e-04,26.19,0.36,3.5
2021,26.35,20.2759,206.0692,61.2147,0.5428,1.0e-04,,,3.6
2022,28.21,22.0552,215.0788,62.0675,0.5313,1.0e-04,,,3.5
2023,27.55,21.3857,225.7414,59.4141,0.5429,1.0e-04,,,3.6
2024,27.89,21.5112,223.0572,62.8958,0.5444,1.0e-04,,,3.6
2025,27.55,21.3057,226.3793,61.6016,0.5437,1.0e-04,,,3.5
2026,27.06,20.7534,208.7588,61.3255,0.5460,1.0e-04,,,3.5
2027,28.71,22.0757,185.3490,63.6000,0.5591,1.0e-04,,,3.5
2028,27.29,20.6455,208.6758,57.6328,0.5565,1.0e-04,,,3.6
2029,27.34,20.8345,226.1890,60.7448,0.5501,1.0e-04,,,3.6
2030,27.10,20.8389,226.1931,61.2344,0.5375,1.0e-04,26.44,0.35,3.6
2031,27.94,21.6758,214.5002,62.5025,0.5272,1.0e-04,,,3.6
2032,27.73,21.5571,194.3131,61.5182,0.5352,1.0e-04,,,3.6
2033,25.79,19.8599,248.6758,60.6648,0.5348,1.0e-04,,,6.3
2034,26.46,20.1064,230.7534,59.7663,0.5326,1.0e-04,,,3.5
2035,25.74,19.5112,234.8320,55.8580,0.5470,1.0e-04,,,3.5
2036,26.14,19.9370,204.2384,59.2147,0.5458,1.0e-04,,,6.2
2037,28.39,21.9160,192.5734,64.3525,0.5427,1.0e-04,,,3.6
2038,27.84,21.1807,214.5376,62.1198,0.5435,1.0e-04,,,3.6
2039,27.76,21.2310,195.0056,59.2708,0.5426,1.0e-04,,,3.5
2040,27.25,20.7178,180.5855,60.6094,0.5515,1.0e-04,27.37,0.45,3.5
2041,27.12,20.6567,192.2017,61.4870,0.5562,1.0e-04,,,3.5
2042,26.43,19.8345,208.7481,59.1929,0.5569,1.0e-04,,,3.5
2043,27.49,20.8091,202.9204,56.7083,0.5532,1.0e-04,,,3.5
2044,27.57,20.7734,193.9842,58.5208,0.5562,1.0e-04,,,3.6
2045,27.96,21.0874,174.2384,59.3075,0.5592,1.0e-04,,,3.6
2046,26.38,19.7866,179.6193,55.8370,0.5519,1.0e-04,,,3.5
2047,27.06,20.4287,199.8377,62.7708,0.5541,1.0e-04,,,3.6
2048,26.65,19.9951,183.0336,58.6087,0.5497,1.0e-04,,,3.6
2049,26.58,20.0488,193.1434,54.7772,0.5492,1.0e-04,,,3.6
2050,26.11,19.6753,193.7582,58.0272,0.5489,1.0e-04,27.27,0.50,3.6
2051,27.35,20.6206,203.7756,60.6927,0.5523,1.0e-04,,,3.6
2052,26.31,19.6128,197.5704,55.8913,0.5616,1.0e-04,,,3.5
2053,26.65,20.0190,187.4101,57.7473,0.5605,1.0e-04,,,3.6
2054,27.12,20.5181,184.8826,53.6172,0.5544,1.0e-04,,,3.6
2055,26.35,19.5771,206.3610,57.3696,0.5610,1.0e-04,,,3.6
2056,26.40,19.9175,180.8220,57.0516,0.5626,1.0e-04,,,3.5
2057,25.34,18.7090,180.9751,53.7017,0.5652,1.0e-04,,,3.5
2058,27.08,20.2344,196.7915,56.3984,0.5737,1.0e-04,,,3.5
2059,26.90,20.2217,170.9305,55.2917,0.5675,1.0e-04,,,3.5
2060,28.20,21.3838,185.0317,60.4525,0.5620,1.0e-04,27.15,0.43,3.5
2061,25.96,19.7231,209.8452,61.1114,0.5524,1.0e-04,,,3.5
2062,27.95,21.4727,204.3865,59.9500,0.5590,1.0e-04,,,3.6
2063,26.26,20.1333,231.3678,57.0978,0.5623,1.0e-04,,,3.5
2064,27.60,21.0015,200.7573,58.8932,0.5626,1.0e-04,,,3.5
2065,26.65,20.2363,193.7063,54.1141,0.5632,1.0e-04,,,3.5
2066,27.11,20.4790,188.5572,56.7240,0.5677,1.0e-04,,,3.5
2067,26.21,19.7588,174.1287,54.7690,0.5554,1.0e-04,,,3.5
2068,26.37,19.9272,204.7221,53.5272,0.5538,1.0e-04,,,3.5
2069,27.34,20.6479,184.6356,54.7135,0.5588,1.0e-04,,,3.5
2070,27.17,20.6382,190.2764,61.2891,0.5586,1.0e-04,27.20,0.47,3.5
2071,27.43,20.7002,171.6505,59.2370,0.5595,1.0e-04,,,3.6
2072,26.46,19.8989,170.5472,58.9864,0.5648,1.0e-04,,,3.6
2073,27.52,20.7007,187.9668,56.8542,0.5689,1.0e-04,,,3.6
2074,27.48,20.4731,184.3258,55.4531,0.5672,1.0e-04,,,3.6
2075,27.59,20.7710,184.0860,58.7292,0.5675,1.0e-04,,,3.6
2076,26.72,19.9614,188.6570,57.4103,0.5697,1.0e-04,,,3.5
2077,27.28,20.4951,185.5979,56.5286,0.5706,1.0e-04,,,6.3
2078,27.78,20.8359,203.0696,55.7995,0.5758,1.0e-04,,,3.5
2079,26.43,19.8081,197.6898,57.5516,0.5731,1.0e-04,,,3.5
2080,27.49,20.6421,172.0133,56.9010,0.5709,1.0e-04,27.17,0.49,3.6
2081,27.45,20.7778,169.9905,57.6120,0.5707,1.0e-04,,,3.5
2082,27.27,20.7065,174.5310,55.4375,0.5660,1.0e-04,,,3.5
2083,26.65,20.1992,180.4311,55.7283,0.5646,1.0e-04,,,3.5
2084,26.33,20.0161,182.6744,59.3234,0.5647,1.0e-04,,,3.5
2085,26.92,20.7070,214.5444,56.6458,0.5632,1.0e-04,,,3.5
2086,26.30,20.0918,174.5541,58.5761,0.5665,1.0e-04,,,3.5
2087,26.49,20.2290,206.5226,55.6386,0.5678,1.0e-04,,,3.5
2088,27.83,21.2920,185.6610,56.0234,0.5683,1.0e-04,,,3.5
2089,27.21,20.9126,196.5629,59.7552,0.5630,1.0e-04,,,3.5
2090,26.04,19.9243,181.6592,58.7772,0.5637,1.0e-04,25.51,0.36,3.5
2091,26.89,20.6772,180.3368,57.3594,0.5584,1.0e-04,,,3.5
2092,27.05,20.7583,198.6885,61.1589,0.5631,1.0e-04,,,3.5
2093,29.25,22.6333,184.2064,61.3726,0.5594,1.0e-04,,,3.6
2094,26.59,20.2920,216.0352,58.2065,0.5665,1.0e-04,,,3.6
2095,28.42,22.0376,175.7315,59.0725,0.5610,1.0e-04,,,3.6
2096,27.20,20.9873,224.0904,56.5130,0.5559,1.0e-04,,,3.6
2097,27.65,21.4736,197.0961,57.7266,0.5497,1.0e-04,,,3.6
2098,25.88,19.7217,224.5093,57.4674,0.5576,1.0e-04,,,3.6
2099,26.52,20.1528,192.5683,55.7255,0.5632,1.0e-04,,,3.6
2100,27.68,21.5259,175.9455,57.2474,0.5554,1.0e-04,25.27,0.33,3.6
2101,26.56,20.4199,205.5588,57.0353,0.5521,1.0e-04,,,3.6
2102,27.03,20.8716,204.4870,57.3177,0.5580,1.0e-04,,,3.6
2103,27.26,21.0615,199.3792,57.4036,0.5530,1.0e-04,,,3.6
2104,26.19,20.2627,194.5038,58.9484,0.5500,1.0e-04,,,3.5
2105,26.85,20.6606,224.4389,59.5897,0.5594,1.0e-04,,,3.5
2106,27.14,20.7871,184.7072,53.6172,0.5689,1.0e-04,,,3.5
2107,27.56,21.2354,191.2190,58.0495,0.5567,1.0e-04,,,3.5
2108,26.36,20.1841,192.4400,57.6005,0.5547,1.0e-04,,,3.5
2109,27.70,21.1519,178.3704,59.1094,0.5684,1.0e-04,,,3.5
2110,26.21,19.9995,216.1684,56.5136,0.5620,1.0e-04,26.94,0.41,3.5
2111,28.00,21.5386,193.9134,60.2200,0.5604,1.0e-04,,,3.5
2112,25.55,19.3037,195.6391,57.6733,0.5624,1.0e-04,,,3.5
2113,26.99,20.5708,186.0054,57.7760,0.5662,1.0e-04,,,3.5
2114,26.42,20.0024,179.2698,55.9755,0.5687,1.0e-04,,,3.5
2115,27.06,20.5303,171.3647,55.0651,0.5707,1.0e-04,,,3.5
2116,27.80,21.0332,179.7105,57.7839,0.5755,1.0e-04,,,3.6
2117,27.02,20.6035,208.4166,59.4193,0.5658,1.0e-04,,,3.5
2118,26.10,19.8154,212.2849,57.4565,0.5671,1.0e-04,,,3.5
2119,27.41,21.0718,196.3913,57.1484,0.5648,1.0e-04,,,3.6
2120,27.03,20.6357,167.1426,56.4297,0.5722,1.0e-04,26.76,0.42,3.6
2121,25.91,19.7266,160.3117,54.9429,0.5672,1.0e-04,,,3.6
2122,27.81,21.3804,198.1602,60.4922,0.5697,1.0e-04,,,3.6
2123,27.25,20.7280,194.0121,55.2057,0.5688,1.0e-04,,,3.6
2124,27.74,21.4038,180.0817,54.9167,0.5720,1.0e-04,,,3.6
2125,25.97,19.8706,174.0664,56.2908,0.5665,1.0e-04,,,6.7
2126,24.92,19.1147,209.3356,54.9688,0.5540,1.0e-04,,,3.5
2127,26.61,20.5908,176.7177,55.0598,0.5674,1.0e-04,,,3.5
2128,26.40,20.3232,188.0003,56.0625,0.5594,1.0e-04,,,3.5
2129,26.97,20.5205,185.7431,55.5781,0.5737,1.0e-04,,,3.5
2130,27.06,20.6597,191.7645,56.5234,0.5670,1.0e-04,27.74,0.43,5.2
2131,28.06,21.4253,169.3163,55.0600,0.5759,1.0e-04,,,3.6
2132,25.97,19.5615,184.3186,54.2636,0.5752,1.0e-04,,,3.5
2133,27.98,21.1929,184.5396,55.8525,0.5760,1.0e-04,,,3.5
2134,26.14,19.7632,179.8177,55.4620,0.5742,1.0e-04,,,3.5
2135,26.76,20.3911,169.6237,54.6060,0.5673,1.0e-04,,,3.5
2136,27.69,21.1172,162.9280,55.9349,0.5771,1.0e-04,,,3.5
2137,25.64,19.2446,163.9985,55.7585,0.5773,1.0e-04,,,3.5
2138,25.61,19.1909,163.7772,55.3494,0.5750,1.0e-04,,,3.5
2139,26.61,20.2778,177.3151,54.9457,0.5708,1.0e-04,,,3.5
2140,27.78,21.5732,169.8456,58.0312,0.5696,1.0e-04,24.98,0.31,3.5
2141,27.56,21.4150,180.4438,53.6745,0.5639,1.0e-04,,,3.6
2142,27.09,20.6777,186.5892,57.9401,0.5692,1.0e-04,,,3.6
2143,28.14,21.4956,182.7240,58.1725,0.5699,1.0e-04,,,3.6
2144,26.47,19.7788,191.6478,56.2880,0.5709,1.0e-04,,,3.6
2145,26.23,19.4390,194.7237,53.6168,0.5648,1.0e-04,,,3.6
2146,27.83,20.9185,158.9667,54.9297,0.5809,1.0e-04,,,3.6
2147,25.62,19.1211,196.1156,56.7756,0.5757,1.0e-04,,,3.5
2148,27.42,20.5503,165.4283,54.4141,0.5725,1.0e-04,,,3.5
2149,27.03,20.3994,162.3545,55.2474,0.5704,1.0e-04,,,3.5
2150,28.15,21.3350,185.2045,57.8650,0.5726,1.0e-04,26.93,0.46,3.5
2151,26.56,20.1177,181.4315,56.4266,0.5682,1.0e-04,,,3.5
2152,26.56,20.3931,194.8954,60.7446,0.5744,1.0e-04,,,3.5
2153,26.47,20.0669,185.2695,53.9620,0.5705,1.0e-04,,,3.5
2154,26.87,20.2061,164.1009,56.0272,0.5759,1.0e-04,,,3.5
2155,27.68,21.1255,179.8783,55.3203,0.5717,1.0e-04,,,3.5
2156,26.39,19.9902,190.5375,57.1957,0.5663,1.0e-04,,,3.5
2157,27.49,21.1465,158.2202,58.8125,0.5659,1.0e-04,,,3.5
2158,25.53,19.2915,201.7011,57.5767,0.5594,1.0e-04,,,3.5
2159,25.18,18.9966,202.1778,60.3068,0.5641,1.0e-04,,,3.5
2160,27.64,21.2988,184.6533,59.3203,0.5665,1.0e-04,26.79,0.39,3.5
2161,27.07,20.7324,183.1663,60.1198,0.5559,1.0e-04,,,3.5
2162,27.12,20.9282,166.4600,55.5182,0.5583,1.0e-04,,,3.5
2163,26.69,20.5825,179.5115,54.6413,0.5597,1.0e-04,,,3.5
2164,26.48,20.2910,216.3699,58.8967,0.5526,1.0e-04,,,3.5
2165,28.31,21.8779,189.9277,58.7725,0.5526,1.0e-04,,,3.6
2166,27.07,20.9028,181.2352,55.4896,0.5547,1.0e-04,,,3.6
2167,26.04,19.9312,184.4634,59.5951,0.5609,1.0e-04,,,3.5
2168,27.11,20.4785,176.6651,57.6094,0.5676,1.0e-04,,,3.5
2169,26.81,20.0708,187.3203,53.6875,0.5769,1.0e-04,,,3.5
2170,27.11,20.2949,160.7976,52.3542,0.5769,1.0e-04,27.14,0.52,3.6
2171,26.86,20.1943,195.9072,54.4728,0.5763,1.0e-04,,,3.6
2172,27.60,20.7671,184.1935,58.9505,0.5795,1.0e-04,,,3.6
2173,26.24,19.8604,193.3149,55.6495,0.5722,1.0e-04,,,3.6
2174,26.26,19.8511,180.6795,56.7908,0.5726,1.0e-04,,,3.5
2175,26.70,20.0503,170.9955,54.6603,0.5762,1.0e-04,,,3.6
2176,26.77,20.0898,198.7964,55.0652,0.5677,1.0e-04,,,3.5
2177,27.92,21.2476,209.1167,60.4150,0.5674,1.0e-04,,,3.6
2178,27.82,21.2412,200.6979,59.6432,0.5675,1.0e-04,,,3.6
2179,27.55,21.0288,174.0165,57.6615,0.5666,1.0e-04,,,3.5
2180,25.47,19.2578,168.0388,60.4574,0.5628,1.0e-04,26.59,0.43,3.5
2181,27.05,20.4897,187.2090,54.4505,0.5693,1.0e-04,,,3.6
2182,26.22,19.8525,192.7863,54.7500,0.5717,1.0e-04,,,3.5
2183,25.95,19.5342,183.1709,57.3016,0.5712,1.0e-04,,,3.5
2184,28.29,21.4546,169.1622,58.0175,0.5755,1.0e-04,,,3.6
2185,26.95,20.1987,188.1406,55.3568,0.5663,1.0e-04,,,3.6
2186,25.99,19.5068,185.7373,55.1957,0.5630,1.0e-04,,,3.5
2187,27.44,20.8521,162.8682,56.8516,0.5596,1.0e-04,,,3.6
2188,26.88,20.3892,182.8895,56.5951,0.5612,1.0e-04,,,3.5
2189,26.79,20.2778,184.2912,57.0136,0.5717,1.0e-04,,,3.5
2190,27.96,21.6562,185.2720,58.2250,0.5658,1.0e-04,26.30,0.38,3.6
2191,25.32,19.1963,181.4925,55.5511,0.5686,1.0e-04,,,3.6
2192,27.81,21.2329,157.9907,56.0234,0.5690,1.0e-04,,,3.6
2193,26.94,20.5244,184.5781,54.4896,0.5664,1.0e-04,,,3.6
2194,26.37,19.9497,197.9639,54.6413,0.5675,1.0e-04,,,3.6
2195,26.76,20.3433,157.1973,53.7663,0.5723,1.0e-04,,,3.5
2196,28.26,21.5391,190.2259,58.9000,0.5681,1.0e-04,,,3.6
2197,27.79,21.3838,187.1604,55.5182,0.5641,1.0e-04,,,3.5
2198,27.53,21.1387,183.0904,59.7995,0.5639,1.0e-04,,,3.5
2199,27.88,21.4097,175.9315,62.9870,0.5731,1.0e-04,,,3.6
2200,26.88,20.3916,179.9004,57.9484,0.5653,1.0e-04,26.42,0.38,3.5
2201,28.21,21.7729,201.8014,61.2725,0.5646,1.0e-04,,,3.6
2202,26.74,20.4263,194.7258,57.1060,0.5628,1.0e-04,,,3.6
2203,26.30,20.1455,209.3591,55.7717,0.5696,1.0e-04,,,3.5
2204,25.92,19.8223,180.9838,57.8533,0.5629,1.0e-04,,,3.5
2205,27.35,20.7793,171.2923,57.5599,0.5674,1.0e-04,,,3.6
2206,26.12,19.8789,200.4264,57.0788,0.5633,1.0e-04,,,3.6
2207,26.36,20.1733,189.8401,58.5571,0.5627,1.0e-04,,,3.5
2208,27.17,20.8589,165.2739,55.3359,0.5710,1.0e-04,,,3.5
2209,26.62,20.3257,171.2580,55.3370,0.5684,1.0e-04,,,3.5
2210,27.75,21.2461,199.8751,58.0625,0.5582,1.0e-04,26.74,0.47,3.5
2211,27.05,20.5410,190.0729,58.4427,0.5634,1.0e-04,,,3.5
2212,27.04,20.3472,193.4089,58.4818,0.5692,1.0e-04,,,3.5
2213,26.88,20.1606,172.6015,56.0245,0.5674,1.0e-04,,,3.5
2214,26.84,20.2739,202.6820,61.4728,0.5660,1.0e-04,,,3.5
2215,26.60,20.0181,206.9097,58.6223,0.5638,1.0e-04,,,3.5
2216,26.02,19.4219,185.8649,53.2745,0.5704,1.0e-04,,,3.5
2217,25.83,19.4912,193.1381,55.9716,0.5698,1.0e-04,,,3.5
2218,27.13,20.6670,182.8652,56.6302,0.5592,1.0e-04,,,3.5
2219,26.43,20.0679,188.7660,57.8179,0.5627,1.0e-04,,,3.5
2220,27.35,21.1113,190.9642,58.6589,0.5617,1.0e-04,26.14,0.35,3.5
2221,27.45,21.1538,203.2514,54.4531,0.5675,1.0e-04,,,3.5
2222,26.51,20.2871,183.2246,56.2989,0.5668,1.0e-04,,,3.5
2223,26.22,20.2134,211.4967,57.8940,0.5504,1.0e-04,,,3.5
2224,25.02,19.1147,185.3990,58.9915,0.5552,1.0e-04,,,3.5
2225,27.86,21.7437,196.8045,61.1901,0.5459,1.0e-04,,,3.6
2226,26.53,20.5195,181.6332,59.7989,0.5535,1.0e-04,,,3.6
2227,26.89,20.8701,194.2445,56.3261,0.5534,1.0e-04,,,3.5
2228,27.38,21.3799,198.0229,57.2812,0.5520,1.0e-04,,,3.6
2229,25.41,19.4922,199.6724,54.8778,0.5469,1.0e-04,,,3.5
2230,27.23,21.0918,215.1470,57.9948,0.5469,1.0e-04,27.16,0.41,3.6
2231,27.83,21.3574,173.0114,56.4714,0.5571,1.0e-04,,,3.5
2232,25.89,19.8047,197.1147,54.5511,0.5484,1.0e-04,,,3.5
2233,27.30,21.0752,198.0439,58.0286,0.5509,1.0e-04,,,3.5
2234,26.72,20.4609,192.5078,54.7473,0.5630,1.0e-04,,,3.5
2235,25.93,19.7417,207.4069,59.0082,0.5511,1.0e-04,,,3.5
2236,29.16,22.3223,182.8425,54.7091,0.5689,1.0e-04,,,3.6
2237,26.76,20.2090,206.9260,54.4402,0.5661,1.0e-04,,,3.6
2238,26.68,19.9766,183.6091,55.0897,0.5655,1.0e-04,,,3.5
2239,27.67,20.9473,188.4079,55.3203,0.5680,1.0e-04,,,3.6
2240,26.89,20.5166,194.9434,59.9946,0.5549,1.0e-04,27.43,0.47,3.5
2241,28.72,21.9263,198.9623,63.4625,0.5643,1.0e-04,,,3.5
2242,27.92,21.3896,201.5440,60.7300,0.5646,1.0e-04,,,3.5
2243,27.64,20.9287,206.1685,58.9922,0.5630,1.0e-04,,,3.5
2244,26.20,19.5933,219.7502,57.7065,0.5698,1.0e-04,,,3.6
2245,27.05,20.1763,191.9800,59.5286,0.5788,1.0e-04,,,3.6
2246,27.32,20.4204,165.5239,57.0521,0.5700,1.0e-04,,,6.5
2247,25.82,19.2935,199.4854,58.1761,0.5768,1.0e-04,,,3.5
2248,26.82,20.0293,197.0356,57.8804,0.5736,1.0e-04,,,3.5
2249,26.51,19.6777,178.5587,56.6413,0.5741,1.0e-04,,,3.5
2250,27.51,20.6958,190.7645,55.5026,0.5655,1.0e-04,27.03,0.43,3.6
2251,28.25,21.6548,171.1614,58.6775,0.5679,1.0e-04,,,3.6
2252,27.01,20.6807,179.1206,56.7760,0.5704,1.0e-04,,,3.6
2253,27.01,20.3369,183.1289,57.8958,0.5780,1.0e-04,,,3.6
2254,27.75,21.0781,168.6934,57.7604,0.5726,1.0e-04,,,3.6
2255,27.03,20.4585,177.6199,54.6406,0.5700,1.0e-04,,,3.5
2256,26.86,20.2432,190.4996,54.0842,0.5657,1.0e-04,,,3.5
2257,24.89,18.5020,154.3095,55.4375,0.5797,1.0e-04,,,3.5
2258,27.33,20.7178,192.9036,57.3776,0.5691,1.0e-04,,,3.5
2259,27.68,20.9883,208.0458,59.0859,0.5695,1.0e-04,,,3.5
2260,27.31,20.8730,199.7477,56.6094,0.5675,1.0e-04,26.55,0.36,3.5
2261,26.43,20.2319,180.1576,57.7663,0.5649,1.0e-04,,,5.3
2262,26.80,20.5332,198.2429,55.3886,0.5585,1.0e-04,,,3.6
2263,27.18,20.9287,191.1616,58.4427,0.5612,1.0e-04,,,3.5
2264,26.21,20.0977,198.7144,60.7582,0.5466,1.0e-04,,,3.5
2265,28.12,21.8662,181.2429,57.6250,0.5549,1.0e-04,,,3.6
2266,26.59,20.3657,178.5220,57.4674,0.5652,1.0e-04,,,3.6
2267,26.92,20.6523,226.6234,65.9896,0.5550,1.0e-04,,,3.6
2268,28.24,21.8154,196.1660,63.2675,0.5651,1.0e-04,,,3.6
2269,26.40,20.1987,214.2073,60.2826,0.5597,1.0e-04,,,3.6
2270,26.55,20.3164,213.8324,55.9266,0.5630,1.0e-04,26.66,0.36,3.6
2271,27.55,21.2720,216.9752,61.6927,0.5595,1.0e-04,,,3.6
2272,26.99,20.6304,209.3179,64.8932,0.5641,1.0e-04,,,3.6
2273,25.25,19.1323,219.6885,61.0540,0.5590,1.0e-04,,,3.6
2274,26.98,20.8633,224.6510,62.4193,0.5579,1.0e-04,,,3.6
2275,26.49,20.2695,249.2987,63.5652,0.5670,1.0e-04,,,3.5
2276,27.12,20.5830,193.4085,61.9740,0.5765,1.0e-04,,,3.5
2277,25.04,18.7607,246.2607,61.4261,0.5713,1.0e-04,,,3.5
2278,27.14,20.5752,212.1316,58.8958,0.5758,1.0e-04,,,3.5
2279,27.86,21.4224,231.5136,60.3464,0.5634,1.0e-04,,,3.5
2280,26.78,20.5869,213.8236,58.1114,0.5588,1.0e-04,27.43,0.39,3.5
2281,26.84,20.4624,184.6465,60.7364,0.5619,1.0e-04,,,3.5
2282,28.09,21.5625,206.4876,59.6900,0.5630,1.0e-04,,,3.5
2283,27.42,21.1514,187.2980,60.1536,0.5559,1.0e-04,,,3.5
2284,27.56,21.3218,196.1279,58.6641,0.5431,1.0e-04,,,3.5
2285,27.76,21.2412,224.6048,60.1042,0.5590,1.0e-04,,,3.5
2286,26.61,20.3760,194.1335,58.2038,0.5579,1.0e-04,,,3.5
2287,25.99,19.9233,188.0847,60.0353,0.5528,1.0e-04,,,3.5
2288,26.85,20.6440,216.5451,59.2582,0.5500,1.0e-04,,,3.6
2289,26.96,20.9023,201.8965,59.1380,0.5377,1.0e-04,,,3.6
2290,27.09,20.9561,217.7139,60.4089,0.5490,1.0e-04,25.85,0.29,3.6
2291,26.49,20.6411,248.6814,60.0272,0.5360,1.0e-04,,,3.6
2292,27.25,21.0840,222.2217,55.6771,0.5522,1.0e-04,,,3.6
2293,27.48,21.1582,204.3285,62.1120,0.5541,1.0e-04,,,3.6
2294,27.01,20.5786,235.4304,63.8906,0.5524,1.0e-04,,,3.6
2295,27.24,20.8813,217.1757,62.1719,0.5599,1.0e-04,,,3.6
2296,26.34,20.1943,212.0483,60.7527,0.5484,1.0e-04,,,3.5
2297,28.15,21.8052,222.6238,65.0525,0.5445,1.0e-04,,,3.6
2298,26.76,20.2397,218.5428,62.2473,0.5605,1.0e-04,,,3.5
2299,27.51,20.8042,191.7050,62.4323,0.5644,1.0e-04,,,3.6
2300,27.66,20.8281,192.7252,59.5104,0.5683,1.0e-04,26.65,0.54,3.6
2301,27.32,20.5039,230.2147,59.9375,0.5680,1.0e-04,,,3.5
2302,27.91,20.8530,227.2774,60.9245,0.5653,1.0e-04,,,3.6
2303,26.83,19.9917,212.5343,56.7935,0.5686,1.0e-04,,,3.5
2304,28.04,21.4028,186.8441,60.8500,0.5620,1.0e-04,,,3.6
2305,28.13,21.4121,194.8670,62.7000,0.5737,1.0e-04,,,3.5
2306,27.92,21.1099,223.0648,60.4525,0.5720,1.0e-04,,,3.5
2307,26.79,20.4004,186.8293,62.7446,0.5672,1.0e-04,,,3.5
2308,27.10,20.5146,198.3016,62.5990,0.5724,1.0e-04,,,3.6
2309,29.08,22.0005,223.8375,59.4159,0.5637,1.0e-04,,,3.6
2310,27.89,21.1807,198.1799,63.6979,0.5684,1.0e-04,27.11,0.49,3.5
2311,26.24,19.6274,205.5004,54.3152,0.5690,1.0e-04,,,3.6
2312,27.91,21.3286,181.0568,61.0000,0.5635,1.0e-04,,,3.6
2313,26.51,19.9707,184.1633,56.9755,0.5681,1.0e-04,,,3.6
2314,27.74,21.0776,205.4759,60.1719,0.5627,1.0e-04,,,3.6
2315,27.23,20.5078,186.2324,58.4609,0.5631,1.0e-04,,,3.6
2316,27.74,20.9878,191.8050,53.9349,0.5650,1.0e-04,,,3.6
2317,27.59,20.9536,160.6783,57.3490,0.5645,1.0e-04,,,3.6
2318,26.76,20.0586,195.6258,58.5109,0.5630,1.0e-04,,,3.6
2319,27.36,20.5518,182.0540,59.2500,0.5680,1.0e-04,,,3.6
2320,28.23,21.5273,187.9460,59.2975,0.5608,1.0e-04,27.45,0.47,3.6
2321,26.77,20.2446,173.6933,58.6984,0.5716,1.0e-04,,,3.5
2322,27.16,20.6899,198.9194,59.5000,0.5610,1.0e-04,,,3.5
2323,26.12,19.7466,194.8530,59.0625,0.5655,1.0e-04,,,3.5
2324,25.90,19.5171,199.4367,54.6359,0.5597,1.0e-04,,,3.5
2325,26.71,20.0093,185.7996,55.2880,0.5692,1.0e-04,,,3.5
2326,28.11,21.3198,198.4933,60.4600,0.5636,1.0e-04,,,3.5
2327,25.82,19.5474,197.8886,56.7642,0.5588,1.0e-04,,,3.5
2328,26.63,19.9917,172.8521,55.2310,0.5689,1.0e-04,,,3.5
2329,27.57,20.9390,202.8127,60.1510,0.5673,1.0e-04,,,3.5
2330,26.32,20.0322,179.1362,58.6087,0.5637,1.0e-04,27.09,0.44,3.5
2331,26.96,20.5107,183.4601,57.0208,0.5592,1.0e-04,,,3.5
2332,26.98,20.4800,200.2156,56.6016,0.5717,1.0e-04,,,3.5
2333,26.22,19.8530,196.0870,59.9076,0.5600,1.0e-04,,,3.6
2334,26.24,20.1079,196.0525,59.4293,0.5517,1.0e-04,,,3.6
2335,27.27,20.8994,190.6560,56.2604,0.5589,1.0e-04,,,3.6
2336,27.12,20.6646,197.3729,59.6927,0.5583,1.0e-04,,,3.6
2337,26.11,19.7007,211.7202,61.1793,0.5563,1.0e-04,,,3.6
2338,26.74,20.0488,198.3651,59.3424,0.5641,1.0e-04,,,3.6
2339,27.21,20.5522,205.7974,59.8750,0.5657,1.0e-04,,,3.6
2340,26.48,19.7681,209.6764,55.6739,0.5665,1.0e-04,27.17,0.53,3.6
2341,26.22,19.5718,179.6915,52.7065,0.5667,1.0e-04,,,3.6
2342,27.01,20.1128,200.1860,58.0990,0.5642,1.0e-04,,,3.5
2343,26.19,19.5869,180.2158,56.4266,0.5721,1.0e-04,,,3.5
2344,26.27,19.7358,182.6515,53.8152,0.5700,1.0e-04,,,3.5
2345,27.03,20.6367,180.0488,56.2943,0.5661,1.0e-04,,,3.6
2346,27.06,20.7510,199.6036,59.5078,0.5658,1.0e-04,,,3.5
2347,27.08,20.6133,189.8388,60.5182,0.5703,1.0e-04,,,3.5
2348,26.32,20.1045,195.8843,57.8478,0.5611,1.0e-04,,,3.5
2349,27.02,20.7085,181.7566,58.9115,0.5607,1.0e-04,,,3.6
2350,27.14,20.9731,184.5193,58.5599,0.5577,1.0e-04,26.60,0.36,3.5
2351,26.30,20.1675,184.5407,57.1902,0.5610,1.0e-04,,,3.5
2352,25.91,20.0830,193.5957,53.5924,0.5556,1.0e-04,,,3.5
2353,26.18,20.2441,174.0213,52.8397,0.5581,1.0e-04,,,3.5
2354,25.74,19.8306,219.3198,63.2670,0.5587,1.0e-04,,,3.5
2355,26.76,20.4175,199.7249,60.3886,0.5560,1.0e-04,,,3.5
2356,27.06,20.7759,178.7843,57.1432,0.5575,1.0e-04,,,3.5
2357,26.13,19.7573,203.7570,54.7880,0.5701,1.0e-04,,,3.5
2358,26.73,20.4194,179.8223,58.7527,0.5690,1.0e-04,,,3.5
2359,27.20,20.6377,172.7060,60.3151,0.5794,1.0e-04,,,3.6
2360,24.54,18.3257,206.9963,54.1935,0.5717,1.0e-04,26.93,0.45,3.5
2361,27.07,20.4756,205.3711,56.9792,0.5744,1.0e-04,,,3.6
2362,27.02,20.6509,207.3027,61.7031,0.5644,1.0e-04,,,3.6
2363,26.37,20.0693,207.8774,60.0408,0.5685,1.0e-04,,,3.6
2364,27.08,20.8208,189.9461,59.2031,0.5683,1.0e-04,,,3.5
2365,27.11,21.0371,207.1610,59.4375,0.5505,1.0e-04,,,3.5
2366,27.51,21.4575,204.5942,59.9036,0.5467,1.0e-04,,,3.6
2367,26.82,20.6309,182.6395,59.7527,0.5628,1.0e-04,,,3.5
2368,25.89,19.7368,218.6483,63.3560,0.5594,1.0e-04,,,3.6
2369,25.15,18.8418,198.4572,56.5341,0.5643,1.0e-04,,,3.5
2370,26.25,19.9121,188.4688,61.7772,0.5659,1.0e-04,27.08,0.35,3.5
2371,26.52,20.3257,207.5079,60.2418,0.5599,1.0e-04,,,3.5
2372,26.36,20.1465,212.0698,59.3397,0.5609,1.0e-04,,,3.5
2373,26.79,20.5698,215.4149,56.7147,0.5714,1.0e-04,,,3.5
2374,28.44,21.8569,208.1481,60.2600,0.5620,1.0e-04,,,3.5
2375,26.52,20.2622,211.6412,62.5951,0.5610,1.0e-04,,,3.5
2376,26.22,19.9448,196.5891,58.6223,0.5644,1.0e-04,,,3.5
2377,27.34,21.0186,193.6560,58.1250,0.5699,1.0e-04,,,3.5
2378,26.50,20.2456,206.0078,60.0734,0.5676,1.0e-04,,,3.5
2379,25.53,19.2539,241.6234,61.9233,0.5752,1.0e-04,,,3.5
2380,25.94,19.5386,190.1806,59.4620,0.5728,1.0e-04,26.74,0.39,3.6
2381,26.78,20.5103,216.8849,59.9022,0.5649,1.0e-04,,,3.5
2382,27.83,21.3271,201.6042,60.1797,0.5646,1.0e-04,,,3.5
2383,26.04,19.8584,210.7985,64.0353,0.5596,1.0e-04,,,3.5
2384,26.61,20.4453,212.5462,63.0516,0.5585,1.0e-04,,,3.5
2385,26.90,20.5903,218.0960,62.1745,0.5692,1.0e-04,,,3.6
2386,26.39,20.1230,238.6684,60.3859,0.5495,1.0e-04,,,3.5
2387,26.22,19.8979,231.5988,62.7554,0.5652,1.0e-04,,,3.5
2388,26.73,20.2842,206.2318,59.1712,0.5743,1.0e-04,,,3.5
2389,26.58,20.2100,216.0952,61.0435,0.5739,1.0e-04,,,3.5
2390,26.66,20.3125,214.1665,61.4130,0.5659,1.0e-04,27.34,0.43,3.5
2391,27.15,20.6816,197.8484,60.4896,0.5567,1.0e-04,,,3.6
2392,26.40,20.0176,201.0140,59.9321,0.5627,1.0e-04,,,3.5
2393,27.04,20.6265,196.6513,60.7266,0.5655,1.0e-04,,,3.6
2394,27.13,20.7534,220.9697,58.8073,0.5643,1.0e-04,,,3.5
2395,26.61,20.3384,201.3741,63.0054,0.5578,1.0e-04,,,3.5
2396,26.80,20.3193,211.4605,57.3533,0.5633,1.0e-04,,,3.5
2397,28.37,21.8770,180.6325,65.9800,0.5610,1.0e-04,,,3.5
2398,25.52,19.4961,214.1574,58.4460,0.5582,1.0e-04,,,3.5
2399,25.92,19.7852,191.3381,61.5272,0.5642,1.0e-04,,,3.5
2400,29.56,22.6821,210.1449,61.8582,0.5675,1.0e-04,27.58,0.41,3.6
2401,26.58,20.2788,218.4771,61.5489,0.5583,1.0e-04,,,3.5
2402,28.29,21.6860,205.7886,63.7975,0.5657,1.0e-04,,,3.5
2403,26.21,20.0498,212.2324,58.9755,0.5607,1.0e-04,,,3.5
2404,26.95,20.5615,214.6525,57.7865,0.5576,1.0e-04,,,3.6
2405,26.62,20.2910,212.5614,61.3098,0.5620,1.0e-04,,,3.5
2406,27.37,20.8154,224.8882,60.9688,0.5675,1.0e-04,,,3.6
2407,27.02,20.4849,204.3280,62.4870,0.5671,1.0e-04,,,3.5
2408,28.78,21.8179,223.4279,63.3450,0.5660,1.0e-04,,,3.6
2409,27.23,20.6123,210.8589,60.3151,0.5694,1.0e-04,,,3.5
2410,26.69,20.2998,234.8523,61.9783,0.5613,1.0e-04,27.16,0.45,3.5
2411,27.43,20.8848,199.4377,63.7214,0.5628,1.0e-04,,,3.5
2412,27.13,20.3188,227.6899,61.5729,0.5690,1.0e-04,,,3.5
2413,27.04,20.3013,209.4184,68.6615,0.5744,1.0e-04,,,3.5
2414,27.14,20.5625,203.8564,63.3307,0.5646,1.0e-04,,,3.5
2415,26.43,19.7881,209.9064,56.0190,0.5768,1.0e-04,,,3.6
2416,26.74,20.0933,207.3994,61.9321,0.5647,1.0e-04,,,3.5
2417,27.70,21.0063,202.0002,67.3958,0.5693,1.0e-04,,,3.5
2418,27.73,21.2036,222.4147,64.2135,0.5648,1.0e-04,,,3.6
2419,26.75,20.4478,233.1655,65.0652,0.5608,1.0e-04,,,3.5
2420,27.53,21.0010,216.8480,64.1042,0.5699,1.0e-04,27.58,0.46,3.6
2421,27.03,20.4951,239.6183,60.3802,0.5671,1.0e-04,,,3.6
2422,26.31,19.7720,214.7828,56.4076,0.5732,1.0e-04,,,3.5
2423,27.83,21.1118,192.3543,58.2031,0.5677,1.0e-04,,,3.6
2424,26.72,20.0615,192.4794,61.3723,0.5668,1.0e-04,,,3.5
2425,27.51,20.8638,192.5299,62.3229,0.5717,1.0e-04,,,3.5
2426,27.46,20.9526,207.4948,60.5312,0.5659,1.0e-04,,,3.6
2427,27.22,20.7627,217.1675,60.0443,0.5615,1.0e-04,,,3.5
2428,26.98,20.3672,223.3255,62.5651,0.5592,1.0e-04,,,3.5
2429,28.28,21.5381,207.5033,63.0975,0.5604,1.0e-04,,,3.5
2430,26.28,19.6562,230.6709,60.1576,0.5703,1.0e-04,27.70,0.50,3.5
2431,27.19,20.5693,224.4098,63.7005,0.5555,1.0e-04,,,3.5
2432,26.09,19.4966,214.2164,63.2717,0.5610,1.0e-04,,,3.5
2433,28.50,21.7588,204.9043,63.9225,0.5634,1.0e-04,,,3.6
2434,28.41,21.6182,225.2903,65.8825,0.5663,1.0e-04,,,3.5
2435,27.06,20.3657,211.2544,60.1224,0.5748,1.0e-04,,,3.6
2436,26.17,19.5342,241.2812,58.7446,0.5762,1.0e-04,,,3.6
2437,26.42,19.8018,197.0524,58.0054,0.5689,1.0e-04,,,3.5
2438,26.00,19.1611,204.4279,56.6359,0.5719,1.0e-04,,,3.5
2439,26.15,19.4902,204.0397,57.8696,0.5680,1.0e-04,,,3.5
2440,25.75,19.1675,220.6278,57.0540,0.5639,1.0e-04,27.62,0.48,3.5
2441,25.81,19.3813,186.1126,54.1562,0.5744,1.0e-04,,,3.5
2442,26.91,20.1729,178.8936,56.0495,0.5684,1.0e-04,,,3.6
2443,26.76,19.8833,198.8348,52.8967,0.5686,1.0e-04,,,3.5
2444,25.74,19.0991,170.3122,54.0483,0.5702,1.0e-04,,,3.5
2445,27.15,20.3291,196.1120,58.6875,0.5685,1.0e-04,,,3.5
2446,26.42,19.6987,207.9408,56.9076,0.5721,1.0e-04,,,3.5
2447,25.66,19.2085,217.4387,60.0284,0.5698,1.0e-04,,,3.5
2448,27.72,21.1724,199.3797,64.4167,0.5659,1.0e-04,,,3.5
2449,26.56,20.0239,235.9421,59.6902,0.5707,1.0e-04,,,3.5
2450,26.56,20.0444,190.6267,57.3832,0.5736,1.0e-04,27.80,0.45,3.5
2451,25.90,19.4263,213.9773,58.5571,0.5639,1.0e-04,,,3.5
2452,26.74,20.6079,190.2969,60.1793,0.5567,1.0e-04,,,3.5
2453,27.17,20.9336,214.2825,63.7214,0.5578,1.0e-04,,,3.5
2454,27.14,20.7939,225.9629,61.3359,0.5613,1.0e-04,,,3.5
2455,26.17,19.8516,214.9566,60.7038,0.5576,1.0e-04,,,3.5
2456,25.93,19.5898,197.4376,59.5082,0.5654,1.0e-04,,,3.5
2457,27.43,20.8384,213.9601,59.4062,0.5610,1.0e-04,,,3.5
2458,26.91,20.3521,187.0587,61.5859,0.5680,1.0e-04,,,3.5
2459,28.29,21.6650,198.1870,62.5175,0.5660,1.0e-04,,,3.5
2460,26.48,20.1699,198.8154,60.7310,0.5640,1.0e-04,27.78,0.45,3.5
2461,25.92,19.4614,234.0107,59.5163,0.5698,1.0e-04,,,3.5
2462,27.51,20.9985,188.5593,56.7995,0.5655,1.0e-04,,,3.5
2463,29.00,22.5591,207.2721,62.6659,0.5604,1.0e-04,,,3.5
2464,27.37,20.9556,204.1025,60.7109,0.5622,1.0e-04,,,3.6
2465,27.38,20.9067,200.5513,59.6172,0.5678,1.0e-04,,,3.6
2466,27.93,21.5537,205.1249,56.2638,0.5647,1.0e-04,,,3.6
2467,26.92,20.6606,215.1671,63.1849,0.5573,1.0e-04,,,3.6
2468,27.42,20.9868,210.7586,61.1458,0.5660,1.0e-04,,,3.5
2469,28.00,21.4146,196.0282,60.6175,0.5588,1.0e-04,,,3.6
2470,29.14,22.3652,197.6176,60.5673,0.5613,1.0e-04,27.27,0.45,3.6
2471,27.40,20.8130,187.4088,63.1276,0.5686,1.0e-04,,,3.6
2472,27.65,21.0596,187.1343,60.9792,0.5600,1.0e-04,,,3.6
2473,26.67,20.3716,220.1944,59.9864,0.5536,1.0e-04,,,3.6
2474,27.45,21.3398,211.5831,59.2422,0.5485,1.0e-04,,,3.6
2475,26.56,20.5918,195.4724,59.1902,0.5516,1.0e-04,,,3.5
2476,27.32,21.1069,200.9623,57.9453,0.5575,1.0e-04,,,3.6
2477,25.90,19.9097,199.8267,56.4891,0.5470,1.0e-04,,,3.5
2478,26.70,20.5249,212.9902,61.3913,0.5475,1.0e-04,,,3.5
2479,26.79,20.4795,187.2307,56.7364,0.5541,1.0e-04,,,3.5
2480,27.08,20.7046,200.5091,60.8229,0.5625,1.0e-04,26.40,0.44,3.5
2481,27.85,21.2725,198.1294,60.9609,0.5561,1.0e-04,,,3.5
2482,26.34,20.0078,213.7397,62.1712,0.5645,1.0e-04,,,3.5
2483,27.14,20.8604,194.6849,60.4583,0.5573,1.0e-04,,,3.5
2484,27.66,21.2344,220.6033,65.2943,0.5506,1.0e-04,,,3.5
2485,27.60,21.1001,213.0695,60.8698,0.5648,1.0e-04,,,3.5
2486,27.00,20.5029,220.4675,61.6536,0.5538,1.0e-04,,,3.6
2487,26.76,20.3013,187.0746,55.3859,0.5529,1.0e-04,,,3.6
2488,27.26,20.8809,182.1716,62.2682,0.5604,1.0e-04,,,3.6
2489,28.09,21.5308,197.0615,61.9625,0.5605,1.0e-04,,,3.6
2490,26.70,20.4160,215.1377,61.5924,0.5586,1.0e-04,26.56,0.33,3.6
2491,28.46,22.2163,222.5885,62.6450,0.5504,1.0e-04,,,3.6
2492,26.48,20.5259,216.2632,61.7418,0.5492,1.0e-04,,,3.6
2493,27.50,21.2778,203.4295,59.2214,0.5533,1.0e-04,,,3.6
2494,26.20,20.0190,198.4488,57.4864,0.5530,1.0e-04,,,3.5
2495,27.24,20.7114,203.6132,59.3880,0.5675,1.0e-04,,,3.6
2496,27.38,20.7495,201.3087,58.5234,0.5675,1.0e-04,,,3.5
2497,28.32,21.9351,188.4095,56.9050,0.5581,1.0e-04,,,3.5
2498,26.78,20.6138,199.3484,59.0380,0.5524,1.0e-04,,,3.5
2499,27.16,20.9961,206.2595,56.3568,0.5553,1.0e-04,,,3.5
2500,27.18,21.1143,208.2167,60.0990,0.5480,1.0e-04,24.89,0.26,3.6
2501,25.92,20.2192,214.4259,60.5951,0.5391,1.0e-04,,,3.5
2502,26.46,20.4468,195.9221,57.7174,0.5371,1.0e-04,,,3.5
2503,29.32,22.8345,161.4718,62.7548,0.5560,1.0e-04,,,3.6
2504,27.70,21.2925,187.6678,55.8568,0.5623,1.0e-04,,,3.5
2505,26.19,20.0137,197.4274,57.3913,0.5587,1.0e-04,,,3.5
2506,28.24,21.7949,184.6717,57.8275,0.5573,1.0e-04,,,3.6
2507,28.06,21.7100,176.6382,54.4400,0.5563,1.0e-04,,,3.5
2508,26.43,20.2856,175.4536,59.4701,0.5527,1.0e-04,,,3.5
2509,26.76,20.4282,200.4968,59.7228,0.5567,1.0e-04,,,3.5
2510,27.54,21.1675,188.8134,59.4245,0.5610,1.0e-04,26.14,0.38,3.6
2511,26.35,20.1914,195.1109,60.8614,0.5601,1.0e-04,,,3.6
2512,26.99,20.7134,199.6165,63.3099,0.5569,1.0e-04,,,3.6
2513,26.42,20.1377,225.2623,62.4429,0.5577,1.0e-04,,,3.5
2514,27.91,21.6606,199.4696,60.7175,0.5483,1.0e-04,,,3.6
2515,25.57,19.5928,198.4392,56.5369,0.5439,1.0e-04,,,3.5
2516,26.89,20.8086,216.0868,62.3776,0.5454,1.0e-04,,,3.6
2517,25.15,19.1016,216.8128,54.7415,0.5573,1.0e-04,,,3.5
2518,26.11,19.9600,195.5219,60.6984,0.5648,1.0e-04,,,3.6
2519,27.70,21.3374,201.3011,62.1745,0.5550,1.0e-04,,,3.5
2520,27.04,20.8843,233.2212,64.1641,0.5457,1.0e-04,26.65,0.42,3.5
2521,26.88,20.5254,202.1269,59.2878,0.5588,1.0e-04,,,3.5
2522,27.73,21.4541,192.5624,58.8802,0.5608,1.0e-04,,,3.6
2523,25.31,19.4170,208.4219,62.3665,0.5526,1.0e-04,,,3.5
2524,26.39,20.3296,208.6133,61.0897,0.5608,1.0e-04,,,3.5
2525,26.00,20.0591,227.9266,56.4457,0.5476,1.0e-04,,,3.5
2526,26.58,20.6597,179.5024,59.0679,0.5567,1.0e-04,,,3.5
2527,27.46,21.2456,203.4064,57.1979,0.5549,1.0e-04,,,3.6
2528,27.85,21.3262,222.8798,63.7031,0.5601,1.0e-04,,,3.5
2529,27.06,20.7046,195.2754,61.7109,0.5538,1.0e-04,,,3.5
2530,26.92,20.5117,236.6414,60.4349,0.5634,1.0e-04,27.96,0.45,3.5
2531,27.88,21.2319,202.6313,61.3099,0.5662,1.0e-04,,,3.5
2532,27.53,21.0811,198.2513,62.3594,0.5638,1.0e-04,,,3.5
2533,28.32,21.6982,209.3716,61.4375,0.5592,1.0e-04,,,3.5
2534,27.21,20.9634,204.1697,65.3438,0.5626,1.0e-04,,,3.5
2535,26.72,20.1792,232.5964,63.1549,0.5706,1.0e-04,,,3.5
2536,26.18,19.7305,214.5168,60.8397,0.5698,1.0e-04,,,3.5
2537,28.31,21.7549,238.4240,62.0825,0.5548,1.0e-04,,,3.6
2538,26.46,20.0762,223.0297,60.9565,0.5580,1.0e-04,,,3.6
2539,27.09,20.5454,208.0660,59.5521,0.5556,1.0e-04,,,3.6
2540,26.50,19.8350,221.0168,59.6359,0.5675,1.0e-04,27.08,0.43,3.6
2541,27.55,21.0562,211.2440,62.1406,0.5625,1.0e-04,,,3.6
2542,25.70,19.3423,222.8819,64.6307,0.5648,1.0e-04,,,3.5
2543,26.24,19.6606,207.1084,63.9158,0.5655,1.0e-04,,,3.5
2544,27.74,20.9546,232.3954,67.0286,0.5621,1.0e-04,,,3.5
2545,26.51,19.9668,226.1105,64.1685,0.5680,1.0e-04,,,3.5
2546,27.64,20.7793,231.8560,63.8490,0.5574,1.0e-04,,,3.6
2547,26.60,19.9316,230.4123,64.6902,0.5529,1.0e-04,,,3.5
2548,25.78,19.3594,221.7761,61.8636,0.5566,1.0e-04,,,3.5
2549,26.07,19.9458,233.2807,59.8995,0.5527,1.0e-04,,,3.5
2550,28.17,21.8320,217.3216,63.4000,0.5412,1.0e-04,26.65,0.36,3.5
2551,27.44,21.1636,200.4868,59.5781,0.5550,1.0e-04,,,3.5
2552,27.39,21.1265,213.7900,56.6016,0.5525,1.0e-04,,,3.5
2553,26.01,19.8970,194.2776,57.5299,0.5535,1.0e-04,,,3.5
2554,27.95,21.6816,204.5007,62.1675,0.5520,1.0e-04,,,3.5
2555,26.61,20.5171,218.0891,60.8451,0.5497,1.0e-04,,,3.5
2556,26.74,20.7563,223.1569,61.3234,0.5434,1.0e-04,,,3.5
2557,26.79,20.5957,228.4288,62.9755,0.5515,1.0e-04,,,3.5
2558,26.56,20.4780,233.8840,65.6359,0.5351,1.0e-04,,,3.5
2559,26.38,20.3057,208.2544,60.3804,0.5351,1.0e-04,,,3.5
2560,27.31,21.0171,194.4735,63.5339,0.5526,1.0e-04,26.41,0.34,3.6
2561,27.88,21.7251,206.7855,60.8359,0.5420,1.0e-04,,,3.6
2562,27.88,21.5654,224.3282,63.7943,0.5475,1.0e-04,,,3.5
2563,26.43,20.1670,241.6844,62.9130,0.5459,1.0e-04,,,3.5
2564,27.17,20.8818,237.7775,61.9557,0.5553,1.0e-04,,,3.5
2565,26.75,20.4351,191.5513,60.8804,0.5487,1.0e-04,,,3.5
2566,26.43,20.2739,232.8142,64.7038,0.5562,1.0e-04,,,3.5
2567,26.84,20.8638,245.9782,64.0924,0.5358,1.0e-04,,,3.5
2568,26.57,20.6738,229.1754,61.5815,0.5401,1.0e-04,,,3.5
2569,28.10,22.0630,253.9565,66.9900,0.5382,1.0e-04,,,3.6
2570,26.69,20.6904,263.1112,64.9212,0.5409,1.0e-04,25.87,0.31,3.5
2571,27.56,21.4038,232.1590,64.3672,0.5463,1.0e-04,,,3.5
2572,27.02,20.9932,217.9441,65.5599,0.5407,1.0e-04,,,3.5
2573,26.83,20.6572,207.5215,63.6413,0.5541,1.0e-04,,,3.5
2574,28.31,21.9297,185.5443,61.2575,0.5583,1.0e-04,,,3.5
2575,27.19,20.6611,215.9206,58.4922,0.5663,1.0e-04,,,3.5
2576,27.30,20.7178,217.1453,63.2552,0.5571,1.0e-04,,,3.5
2577,27.63,21.1499,217.3235,60.5026,0.5579,1.0e-04,,,3.6
2578,26.33,20.0322,204.0073,61.5815,0.5632,1.0e-04,,,3.6
2579,27.24,20.6895,201.1169,63.6406,0.5589,1.0e-04,,,3.6
2580,26.70,20.0688,188.5668,57.7310,0.5648,1.0e-04,27.02,0.43,3.5
2581,28.98,22.2695,197.3109,65.6298,0.5555,1.0e-04,,,3.6
2582,27.15,20.8965,195.8374,60.9297,0.5540,1.0e-04,,,3.6
2583,28.34,22.0024,208.7436,63.2400,0.5503,1.0e-04,,,3.6
2584,27.82,21.4834,201.9706,60.6693,0.5575,1.0e-04,,,3.5
2585,28.48,21.9106,212.6490,62.9475,0.5612,1.0e-04,,,3.5
2586,25.47,19.2476,237.8853,61.4375,0.5561,1.0e-04,,,3.5
2587,27.43,20.9561,207.9080,63.1797,0.5639,1.0e-04,,,3.6
2588,26.76,20.2568,177.3954,56.2853,0.5658,1.0e-04,,,3.5
2589,26.58,19.9751,228.4153,59.1440,0.5730,1.0e-04,,,3.5
2590,27.51,20.9229,188.0328,58.6927,0.5591,1.0e-04,27.76,0.46,3.6
2591,28.21,21.4697,204.1840,62.2050,0.5609,1.0e-04,,,3.6
2592,27.45,21.0210,223.3429,62.6380,0.5606,1.0e-04,,,3.6
2593,29.09,22.5020,185.6344,63.7861,0.5608,1.0e-04,,,3.6
2594,26.75,20.4873,213.4305,65.1114,0.5597,1.0e-04,,,3.5
2595,27.96,21.2974,236.4667,62.7700,0.5575,1.0e-04,,,3.5
2596,28.11,21.4917,212.1797,58.6975,0.5618,1.0e-04,,,3.5
2597,26.26,19.8037,218.4175,61.3641,0.5606,1.0e-04,,,3.5
2598,27.52,20.9575,225.1301,62.6745,0.5573,1.0e-04,,,3.6
2599,27.02,20.3691,228.2648,60.3151,0.5599,1.0e-04,,,3.6
2600,26.65,20.0303,201.3171,60.9538,0.5661,1.0e-04,27.41,0.52,3.6
2601,27.45,20.6025,221.3517,60.2188,0.5678,1.0e-04,,,3.5
2602,26.76,20.0679,188.7396,59.6141,0.5694,1.0e-04,,,3.6
2603,27.21,20.7192,231.5448,61.5156,0.5585,1.0e-04,,,3.6
2604,27.01,20.5347,205.7595,60.1042,0.5742,1.0e-04,,,3.6
2605,27.68,20.8735,219.8508,59.6172,0.5627,1.0e-04,,,3.6
2606,28.38,21.6655,182.6896,56.5725,0.5696,1.0e-04,,,3.6
2607,27.01,20.6743,195.5022,63.8177,0.5643,1.0e-04,,,3.5
2608,28.60,22.0981,209.6023,65.7750,0.5596,1.0e-04,,,3.5
2609,27.41,20.9990,236.7629,64.1771,0.5612,1.0e-04,,,3.5
2610,27.66,21.1528,203.1351,62.8672,0.5682,1.0e-04,26.51,0.39,3.5
2611,27.57,21.1206,221.7324,61.1484,0.5603,1.0e-04,,,3.5
2612,27.32,20.9551,227.4807,57.8750,0.5565,1.0e-04,,,3.5
2613,26.59,20.6001,228.6628,57.9946,0.5481,1.0e-04,,,3.5
2614,26.16,19.9897,196.8016,56.8207,0.5585,1.0e-04,,,3.6
2615,26.66,20.5205,201.9513,60.4103,0.5641,1.0e-04,,,3.5
2616,27.07,20.6426,190.8563,63.1172,0.5657,1.0e-04,,,3.5
2617,27.96,21.3394,208.1726,57.4075,0.5619,1.0e-04,,,3.5
2618,25.62,19.4106,187.9934,54.2500,0.5649,1.0e-04,,,3.5
2619,26.76,20.3872,207.7689,58.9293,0.5702,1.0e-04,,,3.5
2620,27.64,21.3091,203.9075,61.8359,0.5642,1.0e-04,26.29,0.42,3.6
2621,26.83,20.4248,203.5588,55.0788,0.5713,1.0e-04,,,3.6
2622,27.12,20.4692,179.8188,54.9635,0.5671,1.0e-04,,,3.6
2623,26.42,19.8110,189.2101,56.0136,0.5754,1.0e-04,,,3.5
2624,27.97,21.0586,203.9963,59.8550,0.5732,1.0e-04,,,3.6
2625,26.88,20.0601,205.7614,54.2044,0.5821,1.0e-04,,,3.5
2626,27.86,20.9209,179.5836,56.7161,0.5703,1.0e-04,,,3.5
2627,27.92,21.3691,177.5758,56.1536,0.5726,1.0e-04,,,3.6
2628,26.95,20.3740,173.6719,62.2812,0.5753,1.0e-04,,,3.5
2629,28.38,21.5693,195.0339,59.5550,0.5655,1.0e-04,,,3.5
2630,27.84,20.8716,190.0341,58.3932,0.5677,1.0e-04,28.15,0.54,3.5
2631,26.55,19.7778,199.1546,60.9511,0.5716,1.0e-04,,,3.5
2632,25.92,19.3545,200.9309,59.8071,0.5711,1.0e-04,,,3.5
2633,25.91,19.5259,221.6174,61.1033,0.5644,1.0e-04,,,3.5
2634,27.09,20.7544,183.0021,58.7578,0.5722,1.0e-04,,,3.5
2635,26.03,19.6714,191.0531,59.1168,0.5711,1.0e-04,,,3.5
2636,26.36,20.0757,205.3327,62.1957,0.5670,1.0e-04,,,3.5
2637,25.70,19.5264,216.4996,60.5739,0.5593,1.0e-04,,,3.5
2638,26.94,20.6982,202.8736,62.0443,0.5577,1.0e-04,,,3.6
2639,27.25,20.7749,190.7937,58.0547,0.5657,1.0e-04,,,3.6
2640,27.11,20.3213,198.1177,60.9505,0.5714,1.0e-04,26.96,0.49,3.6
2641,26.71,20.1318,188.8881,60.1359,0.5720,1.0e-04,,,3.6
2642,26.55,20.1338,196.2475,58.0571,0.5656,1.0e-04,,,3.6
2643,25.97,19.4507,186.4380,55.9810,0.5786,1.0e-04,,,3.6
2644,25.89,19.4199,200.3776,57.6766,0.5723,1.0e-04,,,3.6
2645,24.84,18.4644,221.7393,57.5804,0.5784,1.0e-04,,,3.5
2646,27.22,20.7617,205.1944,55.8073,0.5820,1.0e-04,,,3.6
2647,26.94,20.2456,178.6040,54.4896,0.5797,1.0e-04,,,3.6
2648,27.19,20.6050,171.6373,56.3073,0.5807,1.0e-04,,,3.6
2649,28.53,21.7593,167.7706,51.8425,0.5805,1.0e-04,,,3.6
2650,28.80,21.9355,164.3259,53.8225,0.5782,1.0e-04,27.09,0.52,3.6
2651,28.20,21.2891,163.0994,59.4950,0.5749,1.0e-04,,,3.6
2652,27.83,21.1455,159.1684,60.3281,0.5804,1.0e-04,,,3.5
2653,27.81,20.8613,180.5172,58.4766,0.5766,1.0e-04,,,3.5
2654,26.34,19.7129,209.6741,62.2418,0.5704,1.0e-04,,,3.5
2655,27.11,20.2393,190.0396,56.2734,0.5809,1.0e-04,,,3.5
2656,27.31,20.4429,191.0347,61.4635,0.5741,1.0e-04,,,3.5
2657,26.84,19.8677,201.8728,60.8370,0.5663,1.0e-04,,,3.5
2658,27.55,20.6108,196.5350,61.5885,0.5708,1.0e-04,,,3.5
2659,26.59,19.6821,205.8687,64.3424,0.5682,1.0e-04,,,3.5
2660,27.49,20.5337,226.1682,60.0859,0.5675,1.0e-04,27.88,0.60,3.5
2661,26.58,19.5640,202.2390,61.1440,0.5707,1.0e-04,,,3.5
2662,26.60,19.8198,217.3829,59.9837,0.5652,1.0e-04,,,3.5
2663,27.40,20.6440,212.5216,59.7057,0.5679,1.0e-04,,,3.6
2664,26.70,19.7690,225.5769,56.5462,0.5757,1.0e-04,,,3.6
2665,27.21,20.3613,182.3644,58.2396,0.5772,1.0e-04,,,3.6
2666,27.09,20.3667,196.2702,58.1380,0.5804,1.0e-04,,,3.6
2667,26.46,19.7026,194.4183,55.8207,0.5820,1.0e-04,,,3.6
2668,26.38,19.6294,167.4425,56.6250,0.5820,1.0e-04,,,3.6
2669,27.85,20.9224,175.2175,51.5156,0.5769,1.0e-04,,,3.6
2670,27.68,20.7129,189.3156,61.8177,0.5769,1.0e-04,27.99,0.55,3.6
2671,27.62,20.6763,184.3465,57.4792,0.5771,1.0e-04,,,3.6
2672,28.04,20.9644,179.4160,58.5925,0.5832,1.0e-04,,,3.6
2673,27.41,20.5845,184.3081,56.3750,0.5818,1.0e-04,,,3.6
2674,27.15,20.4062,169.6252,59.0052,0.5800,1.0e-04,,,3.6
2675,27.52,21.0742,166.4677,58.3125,0.5723,1.0e-04,,,3.6
2676,26.67,20.3115,183.0199,58.6467,0.5661,1.0e-04,,,3.5
2677,27.59,21.0981,200.2633,62.0599,0.5696,1.0e-04,,,3.6
2678,26.29,19.9590,185.8578,57.0951,0.5736,1.0e-04,,,3.5
2679,27.37,21.0708,164.5592,55.2656,0.5689,1.0e-04,,,3.5
2680,26.71,20.4199,177.5638,57.9239,0.5726,1.0e-04,27.18,0.45,3.5
2681,28.19,21.5063,197.7674,61.6050,0.5657,1.0e-04,,,3.6
2682,26.98,20.1895,199.7446,56.8698,0.5801,1.0e-04,,,3.5
2683,26.95,20.2070,175.7000,55.2734,0.5822,1.0e-04,,,3.5
2684,27.35,20.7471,191.8470,59.2083,0.5803,1.0e-04,,,3.5
2685,27.14,20.5527,194.0064,54.5859,0.5765,1.0e-04,,,3.6
2686,27.72,20.8921,159.4808,55.4401,0.5820,1.0e-04,,,3.6
2687,26.68,20.2148,171.7384,60.1658,0.5730,1.0e-04,,,3.6
2688,28.67,22.0337,189.8798,60.6950,0.5778,1.0e-04,,,3.6
2689,28.23,21.7061,169.7865,60.1275,0.5734,1.0e-04,,,3.6
2690,27.66,20.8955,168.2492,58.9922,0.5784,1.0e-04,26.83,0.46,3.6
2691,26.22,19.7549,208.5340,61.8995,0.5691,1.0e-04,,,3.6
2692,27.54,20.7197,186.9545,59.9401,0.5760,1.0e-04,,,3.6
2693,25.90,19.2495,196.3761,52.8016,0.5808,1.0e-04,,,3.6
2694,27.44,20.6841,190.5163,61.0807,0.5785,1.0e-04,,,3.6
2695,28.01,21.1387,188.6906,58.0700,0.5799,1.0e-04,,,6.3
2696,26.30,19.4517,185.4981,55.8750,0.5814,1.0e-04,,,3.5
2697,25.73,19.0273,166.4738,52.7131,0.5773,1.0e-04,,,3.5
2698,27.79,20.7534,158.8003,56.0911,0.5771,1.0e-04,,,3.5
2699,26.95,20.1553,158.9125,52.9271,0.5834,1.0e-04,,,3.5
2700,27.52,20.6362,160.0294,57.7083,0.5884,1.0e-04,27.08,0.46,3.6
2701,27.47,20.9053,178.5099,54.9297,0.5777,1.0e-04,,,3.5
2702,25.88,19.6138,158.3831,55.6960,0.5815,1.0e-04,,,3.5
2703,26.86,20.4424,166.8907,57.2255,0.5815,1.0e-04,,,3.5
2704,25.90,19.6948,160.3666,53.5571,0.5813,1.0e-04,,,3.5
2705,26.12,19.7725,167.5540,55.4701,0.5833,1.0e-04,,,3.5
2706,26.41,20.0127,170.5563,55.2582,0.5814,1.0e-04,,,3.5
2707,25.55,19.1655,166.5259,53.3068,0.5828,1.0e-04,,,3.5
2708,26.59,20.1235,153.7946,56.8505,0.5890,1.0e-04,,,3.5
2709,25.42,19.0688,186.2573,56.3807,0.5743,1.0e-04,,,3.5
2710,25.99,19.5806,169.5882,56.3342,0.5820,1.0e-04,26.94,0.49,3.5
2711,26.65,19.9985,198.2324,54.1033,0.5831,1.0e-04,,,3.6
2712,26.10,19.4980,181.5452,54.4864,0.5872,1.0e-04,,,3.6
2713,27.37,20.4541,181.3623,57.7422,0.5857,1.0e-04,,,3.6
2714,27.02,20.3574,156.8954,56.0234,0.5888,1.0e-04,,,3.6
2715,26.89,20.2217,172.2997,55.7005,0.5892,1.0e-04,,,3.6
2716,26.51,20.0601,176.9298,58.5788,0.5766,1.0e-04,,,3.6
2717,26.84,20.2598,184.2777,55.6603,0.5840,1.0e-04,,,3.6
2718,27.06,20.3657,181.5668,58.9453,0.5893,1.0e-04,,,3.6
2719,27.58,20.7817,177.4310,58.1589,0.5869,1.0e-04,,,3.6
2720,27.34,20.5029,188.7377,57.2188,0.5784,1.0e-04,26.83,0.43,3.5
2721,28.11,21.5420,195.2510,57.5175,0.5773,1.0e-04,,,3.6
2722,26.52,20.1992,180.4673,56.4130,0.5842,1.0e-04,,,3.5
2723,27.74,21.0244,169.4723,58.2005,0.5902,1.0e-04,,,3.5
2724,28.71,22.1343,172.2929,58.3825,0.5915,1.0e-04,,,3.6
2725,27.33,20.8623,189.6335,59.7812,0.5835,1.0e-04,,,3.6
2726,27.50,21.2314,192.0479,60.7266,0.5779,1.0e-04,,,3.6
2727,27.78,21.4355,202.7231,61.8906,0.5755,1.0e-04,,,3.6
2728,25.92,19.7534,188.4304,57.0353,0.5771,1.0e-04,,,3.5
2729,27.45,20.9043,170.3732,56.9323,0.5775,1.0e-04,,,3.5
2730,27.39,20.6011,166.7790,56.6875,0.5788,1.0e-04,26.98,0.43,3.5
2731,27.72,21.2275,214.7374,59.7448,0.5693,1.0e-04,,,3.5
2732,27.14,20.6367,189.8190,58.7057,0.5663,1.0e-04,,,3.6
2733,26.89,20.4468,174.7437,56.1304,0.5742,1.0e-04,,,3.5
2734,25.92,19.5552,186.2042,57.2582,0.5740,1.0e-04,,,3.5
2735,27.20,20.6240,168.8394,56.2891,0.5728,1.0e-04,,,3.5
2736,26.53,19.9722,197.5661,59.6223,0.5835,1.0e-04,,,3.5
2737,27.88,21.2456,175.9751,60.2396,0.5697,1.0e-04,,,3.6
2738,26.13,19.7852,210.4606,59.3424,0.5698,1.0e-04,,,3.6
2739,26.67,20.4028,180.5512,59.5707,0.5713,1.0e-04,,,3.6
2740,26.54,20.3784,191.7787,54.9022,0.5566,1.0e-04,26.69,0.38,3.5
2741,27.98,21.6147,186.2536,59.6725,0.5603,1.0e-04,,,3.5
2742,25.94,19.8115,205.2196,57.9647,0.5654,1.0e-04,,,3.6
2743,26.05,19.7109,210.1993,60.6576,0.5650,1.0e-04,,,3.5
2744,27.34,20.7104,206.6702,57.1693,0.5738,1.0e-04,,,3.6
2745,28.47,21.6826,191.7997,60.3750,0.5735,1.0e-04,,,3.5
2746,26.04,19.6221,189.9100,58.3859,0.5719,1.0e-04,,,3.5
2747,27.89,21.3516,178.9251,56.8151,0.5649,1.0e-04,,,3.5
2748,27.29,21.1108,182.4905,58.5990,0.5681,1.0e-04,,,3.5
2749,26.97,20.6055,195.7965,55.4010,0.5641,1.0e-04,,,3.5
2750,27.89,21.2627,169.8713,59.5156,0.5654,1.0e-04,27.55,0.40,3.5
2751,26.21,19.8911,194.7538,57.8533,0.5600,1.0e-04,,,3.5
2752,26.38,20.1514,197.2289,58.6087,0.5599,1.0e-04,,,3.5
2753,26.98,20.5703,197.9662,60.3802,0.5692,1.0e-04,,,3.5
2754,26.81,20.5957,198.8499,60.2391,0.5601,1.0e-04,,,3.5
2755,26.46,20.3599,206.0561,61.0978,0.5516,1.0e-04,,,3.5
2756,25.48,19.4160,223.8534,60.3750,0.5552,1.0e-04,,,3.5
2757,26.96,20.7754,215.3182,59.1641,0.5661,1.0e-04,,,3.5
2758,27.65,21.1943,202.7813,59.8750,0.5714,1.0e-04,,,3.5
2759,27.45,20.7061,165.1335,56.8151,0.5770,1.0e-04,,,3.6
2760,27.07,20.2500,202.7544,56.2005,0.5692,1.0e-04,26.31,0.44,3.5
2761,26.46,20.0112,173.2207,57.3967,0.5824,1.0e-04,,,3.5
2762,27.39,20.7812,197.0276,58.1875,0.5765,1.0e-04,,,3.6
2763,26.82,20.3193,173.6944,53.0000,0.5766,1.0e-04,,,3.6
2764,27.10,20.4893,204.9258,56.2682,0.5734,1.0e-04,,,3.6
2765,26.46,20.0103,175.9301,58.1332,0.5782,1.0e-04,,,3.5
2766,27.61,21.0396,169.9520,56.6901,0.5734,1.0e-04,,,3.5
2767,27.31,20.6309,179.5018,55.0208,0.5798,1.0e-04,,,3.5
2768,27.23,20.5854,183.5380,56.2344,0.5794,1.0e-04,,,3.5
2769,26.31,19.5752,172.7804,54.5734,0.5842,1.0e-04,,,3.5
2770,27.05,20.1880,177.2995,57.7995,0.5777,1.0e-04,27.78,0.52,3.6
2771,28.13,21.2314,186.4853,60.2275,0.5770,1.0e-04,,,3.6
2772,26.96,20.2163,171.7355,54.6172,0.5859,1.0e-04,,,3.6
2773,27.32,20.6279,180.1404,56.0833,0.5742,1.0e-04,,,3.5
2774,25.88,19.1191,160.3961,52.8234,0.5755,1.0e-04,,,3.5
2775,27.57,20.7852,172.3448,57.6589,0.5794,1.0e-04,,,3.5
2776,26.82,20.1616,193.5388,58.9973,0.5752,1.0e-04,,,3.5
2777,27.98,21.0361,177.0998,53.6350,0.5831,1.0e-04,,,3.6
2778,26.56,19.7866,182.9155,56.8424,0.5747,1.0e-04,,,3.6
2779,26.60,20.1631,191.2564,55.7799,0.5680,1.0e-04,,,3.6
2780,27.58,20.9912,165.0545,55.4531,0.5704,1.0e-04,28.09,0.48,3.6
2781,26.06,19.5166,181.7431,57.9701,0.5718,1.0e-04,,,3.5
2782,27.14,20.5303,183.8032,61.3750,0.5772,1.0e-04,,,3.6
2783,27.42,20.8008,196.4668,62.4505,0.5767,1.0e-04,,,3.5
2784,28.13,21.3662,193.7927,58.2800,0.5862,1.0e-04,,,3.6
2785,28.42,21.6338,170.2275,61.5025,0.5802,1.0e-04,,,3.9
2786,26.12,19.4868,196.0115,56.0299,0.5836,1.0e-04,,,3.7
2787,28.17,21.3223,162.1612,56.1225,0.5869,1.0e-04,,,3.5
2788,25.75,19.4253,181.3583,55.6392,0.5827,1.0e-04,,,3.5
2789,26.49,19.9707,187.9609,54.4755,0.5917,1.0e-04,,,3.6
2790,26.58,20.1694,187.4754,60.5299,0.5792,1.0e-04,26.44,0.42,3.5
2791,26.74,20.3193,186.1665,54.3207,0.5773,1.0e-04,,,3.5
2792,25.56,19.0176,191.9936,57.5028,0.5862,1.0e-04,,,3.5
2793,26.29,19.5449,161.0616,51.8152,0.5817,1.0e-04,,,3.5
2794,27.86,20.7666,160.9210,56.6667,0.5806,1.0e-04,,,3.5
2795,26.49,19.7124,146.0315,48.8288,0.5771,1.0e-04,,,3.5
2796,27.25,20.6709,173.6929,53.4688,0.5826,1.0e-04,,,3.5
2797,27.52,20.8711,176.4799,57.3594,0.5790,1.0e-04,,,3.6
2798,27.16,20.3213,171.8405,55.1042,0.5873,1.0e-04,,,3.6
2799,25.66,19.0337,179.0747,53.2500,0.5846,1.0e-04,,,3.5
2800,26.14,19.4878,165.2737,58.4484,0.5827,1.0e-04,27.06,0.48,3.6
2801,27.14,20.4580,170.4865,54.7083,0.5828,1.0e-04,,,3.5
2802,25.83,19.3965,171.9746,53.1165,0.5823,1.0e-04,,,3.5
2803,27.13,20.5068,160.3992,53.0312,0.5827,1.0e-04,,,6.8
2804,28.32,21.6567,160.5881,56.6925,0.5820,1.0e-04,,,3.5
2805,25.96,19.5386,172.3359,57.5571,0.5825,1.0e-04,,,3.5
2806,25.92,19.3066,198.3985,57.3179,0.5795,1.0e-04,,,3.5
2807,26.78,20.1377,186.2771,51.9212,0.5802,1.0e-04,,,3.5
2808,27.66,21.1250,151.0140,54.1146,0.5773,1.0e-04,,,3.5
2809,27.09,20.5728,169.1764,55.2578,0.5785,1.0e-04,,,3.5
2810,27.39,20.5957,172.8465,51.4766,0.5844,1.0e-04,27.30,0.46,3.6
2811,26.35,19.8667,179.5988,57.0951,0.5839,1.0e-04,,,3.6
2812,27.20,20.4463,159.5478,53.5182,0.5825,1.0e-04,,,3.5
2813,26.44,19.9126,176.5520,53.5978,0.5805,1.0e-04,,,3.5
2814,27.65,20.9189,160.9953,57.2161,0.5849,1.0e-04,,,3.5
2815,27.49,20.8242,174.7614,52.2760,0.5725,1.0e-04,,,3.6
2816,27.70,21.0898,172.9133,54.5729,0.5751,1.0e-04,,,3.5
2817,26.96,20.5410,175.4113,57.2135,0.5768,1.0e-04,,,3.5
2818,28.18,21.9341,178.7686,58.8125,0.5604,1.0e-04,,,3.6
2819,26.73,20.3599,198.1712,55.0924,0.5729,1.0e-04,,,3.5
2820,27.04,20.4521,178.7608,56.5078,0.5809,1.0e-04,27.59,0.42,3.6
2821,26.46,20.0664,193.5979,56.0380,0.5684,1.0e-04,,,3.5
2822,27.07,20.4863,185.0549,55.0729,0.5756,1.0e-04,,,3.6
2823,27.27,20.5332,179.5792,54.9557,0.5790,1.0e-04,,,3.6
2824,25.36,19.1650,178.6213,58.0227,0.5764,1.0e-04,,,3.5
2825,26.93,20.5166,172.3710,60.4792,0.5719,1.0e-04,,,3.6
2826,26.28,19.9868,188.6456,54.2473,0.5759,1.0e-04,,,3.6
2827,26.26,19.6646,189.3009,53.7391,0.5804,1.0e-04,,,3.5
2828,27.02,20.4229,170.8676,57.4219,0.5740,1.0e-04,,,3.6
2829,26.50,19.6616,172.0526,57.9837,0.5745,1.0e-04,,,3.5
2830,27.08,20.3130,185.0151,56.1016,0.5794,1.0e-04,28.36,0.50,3.5
2831,26.42,19.7583,177.2941,58.1576,0.5744,1.0e-04,,,3.5
2832,26.04,19.6958,169.2832,52.0462,0.5791,1.0e-04,,,3.5
2833,27.68,20.9937,181.8695,57.5339,0.5769,1.0e-04,,,3.5
2834,25.56,19.2837,180.8307,56.1477,0.5755,1.0e-04,,,3.5
2835,26.50,19.9507,173.9367,57.9130,0.5725,1.0e-04,,,3.6
2836,26.97,20.1636,183.2948,56.2839,0.5742,1.0e-04,,,3.6
2837,27.07,20.0845,172.6525,55.1068,0.5757,1.0e-04,,,3.5
2838,26.71,20.0947,185.7341,58.5543,0.5691,1.0e-04,,,3.5
2839,27.82,21.2612,164.6863,55.1068,0.5668,1.0e-04,,,3.6
2840,27.80,21.1299,173.0277,57.3672,0.5750,1.0e-04,27.46,0.45,3.5
2841,28.07,21.4219,157.2885,56.6350,0.5806,1.0e-04,,,3.6
2842,26.86,20.2754,174.0733,59.2120,0.5758,1.0e-04,,,3.6
2843,27.86,21.1631,177.8368,60.8125,0.5805,1.0e-04,,,3.6
2844,27.19,20.5479,174.7539,55.4531,0.5797,1.0e-04,,,3.6
2845,26.62,20.3369,193.1884,55.0326,0.5700,1.0e-04,,,3.6
2846,25.53,19.3896,189.8544,56.3665,0.5702,1.0e-04,,,3.6
2847,27.27,21.1230,175.0592,54.8021,0.5667,1.0e-04,,,3.6
2848,27.79,21.3667,160.8118,59.6693,0.5646,1.0e-04,,,3.6
2849,27.22,20.8062,195.9651,54.1380,0.5584,1.0e-04,,,3.6
2850,27.78,21.4087,161.0143,58.2135,0.5697,1.0e-04,26.94,0.43,3.5
2851,26.63,20.1787,181.9201,55.8560,0.5743,1.0e-04,,,3.5
2852,26.18,19.9697,171.3214,55.3179,0.5681,1.0e-04,,,3.5
2853,25.83,19.7563,170.5895,53.3892,0.5700,1.0e-04,,,3.5
2854,27.23,20.9712,192.4173,60.3906,0.5561,1.0e-04,,,3.5
2855,26.86,20.7334,165.0822,53.6440,0.5572,1.0e-04,,,3.5
2856,26.98,20.9985,188.3059,62.4896,0.5462,1.0e-04,,,3.5
2857,25.97,20.3369,232.5223,57.4837,0.5282,1.0e-04,,,3.5
2858,26.88,21.0791,211.8835,60.8886,0.5445,1.0e-04,,,3.5
2859,27.29,21.3052,190.4234,53.0833,0.5535,1.0e-04,,,3.5
2860,26.48,20.3174,173.5048,57.6087,0.5745,1.0e-04,26.57,0.35,3.5
2861,27.65,21.3589,198.7820,59.5547,0.5600,1.0e-04,,,3.6
2862,27.33,21.1602,183.1856,59.7448,0.5605,1.0e-04,,,3.6
2863,26.82,20.5352,203.3664,56.3043,0.5617,1.0e-04,,,3.6
2864,27.71,21.3237,188.4458,55.5495,0.5569,1.0e-04,,,3.6
2865,27.13,20.7949,194.4120,58.2734,0.5602,1.0e-04,,,3.6
2866,27.36,20.8438,193.4734,58.9974,0.5572,1.0e-04,,,3.6
2867,26.41,20.2715,171.5783,58.9429,0.5513,1.0e-04,,,3.6
2868,26.46,20.5361,189.4365,57.1168,0.5500,1.0e-04,,,3.6
2869,26.90,20.7935,192.7008,57.7663,0.5535,1.0e-04,,,3.6
2870,26.34,20.3696,176.5990,54.1902,0.5498,1.0e-04,26.63,0.32,3.6
2871,26.33,20.3076,184.9976,54.3777,0.5524,1.0e-04,,,3.6
2872,28.48,22.1641,192.9090,59.4000,0.5511,1.0e-04,,,3.6
2873,26.65,20.5083,193.7147,57.7717,0.5475,1.0e-04,,,3.5
2874,26.53,20.2539,189.2057,60.8098,0.5645,1.0e-04,,,3.5
2875,27.30,20.7656,185.7252,56.8698,0.5598,1.0e-04,,,3.5
2876,27.12,20.6001,186.1119,57.8932,0.5663,1.0e-04,,,3.5
2877,26.68,20.3921,179.9332,58.0299,0.5634,1.0e-04,,,3.5
2878,28.89,22.1279,159.8363,60.0250,0.5688,1.0e-04,,,3.6
2879,26.69,20.2939,188.2974,58.4158,0.5727,1.0e-04,,,3.5
2880,27.11,20.7656,176.3490,60.6198,0.5608,1.0e-04,26.45,0.36,3.5
2881,26.98,20.7026,191.5942,60.7266,0.5580,1.0e-04,,,3.5
2882,26.56,20.4092,203.5874,58.3043,0.5627,1.0e-04,,,3.5
2883,27.09,20.9067,193.8895,64.2448,0.5534,1.0e-04,,,3.5
2884,26.37,20.1147,217.5949,60.5788,0.5592,1.0e-04,,,3.5
2885,25.41,19.2412,201.1042,53.7500,0.5639,1.0e-04,,,3.5
2886,27.93,21.5327,199.8065,59.3850,0.5587,1.0e-04,,,3.6
2887,26.65,20.6074,203.5771,60.6359,0.5534,1.0e-04,,,3.6
2888,28.92,22.5986,200.1352,61.0024,0.5540,1.0e-04,,,3.7
2889,27.21,21.2363,207.4826,60.6120,0.5334,1.0e-04,,,3.6
2890,26.66,20.6963,216.3004,60.1332,0.5473,1.0e-04,26.15,0.29,3.6
2891,27.20,21.2798,189.8138,58.8984,0.5417,1.0e-04,,,3.6
2892,25.36,19.6846,214.9579,61.1420,0.5296,1.0e-04,,,3.6
2893,26.26,20.3721,218.1359,60.9212,0.5286,1.0e-04,,,3.6
2894,26.40,20.6084,193.3435,60.1549,0.5370,1.0e-04,,,3.6
2895,26.97,21.0010,196.7297,60.7578,0.5442,1.0e-04,,,3.6
2896,27.92,21.9595,214.0383,57.9167,0.5314,1.0e-04,,,3.6
2897,28.31,22.2524,193.1335,57.2800,0.5445,1.0e-04,,,3.8
2898,26.74,20.8452,198.8325,58.8560,0.5384,1.0e-04,,,3.5
2899,27.60,21.5488,210.4082,61.9036,0.5452,1.0e-04,,,3.6
2900,26.85,20.7554,199.7061,59.5516,0.5477,1.0e-04,27.60,0.39,3.6
2901,26.22,19.9810,216.3669,59.9266,0.5565,1.0e-04,,,3.5
2902,26.52,20.1753,213.2221,61.6277,0.5630,1.0e-04,,,3.5
2903,26.68,20.3462,220.1003,61.2962,0.5515,1.0e-04,,,3.5
2904,27.45,21.0762,230.2641,61.6927,0.5595,1.0e-04,,,3.5
2905,28.02,21.3389,208.6929,58.7175,0.5573,1.0e-04,,,3.5
2906,26.70,20.1299,207.0346,61.9973,0.5608,1.0e-04,,,3.5
2907,27.90,21.1143,203.4604,56.9974,0.5677,1.0e-04,,,3.5
2908,27.72,21.0532,180.6949,59.6615,0.5728,1.0e-04,,,3.5
2909,27.54,20.8828,183.5853,59.4453,0.5663,1.0e-04,,,3.6
2910,26.00,19.2871,213.7511,54.1250,0.5727,1.0e-04,28.01,0.50,3.6
2911,28.15,21.2617,206.5288,60.6900,0.5651,1.0e-04,,,3.6
2912,27.60,20.8765,189.5200,60.6146,0.5708,1.0e-04,,,3.6
2913,26.70,20.1206,213.4640,54.3261,0.5661,1.0e-04,,,3.6
2914,26.72,20.3779,200.4042,57.4239,0.5641,1.0e-04,,,3.6
2915,26.77,20.6685,195.4818,56.9837,0.5570,1.0e-04,,,3.6
2916,26.60,20.5820,197.5859,58.7011,0.5405,1.0e-04,,,3.6
2917,27.34,21.1655,195.1736,61.5078,0.5612,1.0e-04,,,3.6
2918,27.44,21.2905,204.2950,59.3620,0.5538,1.0e-04,,,3.6
2919,25.90,19.7412,184.5964,59.4402,0.5657,1.0e-04,,,3.5
2920,27.05,20.7656,189.1948,57.3333,0.5680,1.0e-04,27.19,0.40,3.6
2921,27.22,20.8428,205.6563,59.7344,0.5711,1.0e-04,,,3.6
2922,26.01,19.7759,205.1007,56.5136,0.5539,1.0e-04,,,3.5
2923,26.87,20.5532,199.6595,60.8478,0.5543,1.0e-04,,,3.5
2924,26.12,20.2632,198.6398,54.9864,0.5529,1.0e-04,,,3.5
2925,26.62,20.5820,180.1651,58.1549,0.5465,1.0e-04,,,3.5
2926,27.55,21.2749,205.2844,61.4505,0.5491,1.0e-04,,,3.5
2927,26.91,20.3711,186.7812,60.4565,0.5595,1.0e-04,,,3.5
2928,26.35,20.0469,212.2983,62.4538,0.5614,1.0e-04,,,3.5
2929,28.07,21.6270,201.8023,65.0925,0.5524,1.0e-04,,,3.5
2930,27.19,21.0811,198.1743,63.9271,0.5518,1.0e-04,27.43,0.39,3.5
2931,27.92,21.4917,196.8288,61.4087,0.5637,1.0e-04,,,3.6
2932,27.77,21.0562,206.3370,61.4766,0.5652,1.0e-04,,,3.6
2933,28.29,21.5552,194.9993,61.1825,0.5657,1.0e-04,,,3.6
2934,27.61,20.9355,233.3136,62.4661,0.5554,1.0e-04,,,3.6
2935,26.75,20.3286,216.8269,57.1495,0.5592,1.0e-04,,,3.6
2936,26.86,20.3135,222.6507,58.0516,0.5674,1.0e-04,,,3.6
2937,27.95,21.3101,206.1836,55.8875,0.5657,1.0e-04,,,3.6
2938,27.23,20.6968,197.4719,59.1146,0.5612,1.0e-04,,,3.6
2939,25.55,19.5166,203.7201,62.1818,0.5553,1.0e-04,,,3.5
2940,26.81,20.6851,181.4990,59.2174,0.5515,1.0e-04,26.57,0.36,3.6
2941,26.13,19.9199,209.2792,59.7663,0.5533,1.0e-04,,,3.6
2942,26.62,20.5508,209.8896,58.9620,0.5460,1.0e-04,,,3.5
2943,27.38,21.2002,205.0875,58.1328,0.5594,1.0e-04,,,3.5
2944,26.47,20.1187,199.9674,54.0217,0.5468,1.0e-04,,,3.5
2945,26.32,19.9360,176.1905,57.3560,0.5758,1.0e-04,,,3.5
2946,26.10,19.8618,195.8961,57.4783,0.5603,1.0e-04,,,3.5
2947,27.06,20.6621,196.1787,57.0234,0.5674,1.0e-04,,,3.5
2948,27.35,20.8687,196.5551,57.0365,0.5674,1.0e-04,,,3.5
2949,28.19,21.7559,188.5266,61.7650,0.5594,1.0e-04,,,3.6
2950,26.77,20.5547,209.7743,61.9457,0.5569,1.0e-04,27.93,0.42,3.5
2951,26.51,20.1123,172.5524,61.1413,0.5572,1.0e-04,,,3.5
2952,27.34,20.8892,206.9919,57.4505,0.5565,1.0e-04,,,3.5
2953,26.32,19.9023,199.1358,62.7582,0.5545,1.0e-04,,,3.5
2954,27.38,20.9258,198.1840,61.1875,0.5611,1.0e-04,,,3.5
2955,28.16,21.6870,211.4839,63.4875,0.5616,1.0e-04,,,3.5
2956,26.32,20.1826,204.7940,60.5272,0.5571,1.0e-04,,,3.5
2957,27.94,21.5898,209.8814,59.7300,0.5528,1.0e-04,,,3.6
2958,28.01,21.6514,189.8611,58.7625,0.5589,1.0e-04,,,3.6
2959,26.62,20.4756,190.5589,64.8234,0.5661,1.0e-04,,,3.6
2960,27.19,20.8667,186.3639,63.2292,0.5584,1.0e-04,27.21,0.41,3.6
2961,27.23,20.8516,204.8402,61.4349,0.5562,1.0e-04,,,3.6
2962,27.43,20.7988,210.8101,63.1771,0.5576,1.0e-04,,,3.6
2963,28.45,21.7104,224.0206,61.4300,0.5666,1.0e-04,,,3.6
2964,27.63,20.9170,229.5840,63.1719,0.5685,1.0e-04,,,3.6
2965,25.85,19.1411,239.0604,59.3125,0.5690,1.0e-04,,,3.5
2966,27.10,20.2817,176.5046,57.8333,0.5765,1.0e-04,,,3.6
2967,26.53,19.8130,187.1558,57.8723,0.5746,1.0e-04,,,3.5
2968,27.70,21.1191,192.6704,60.4297,0.5700,1.0e-04,,,3.5
2969,26.45,19.9912,194.4728,59.1413,0.5657,1.0e-04,,,3.5
2970,27.52,21.0566,213.0279,63.7734,0.5704,1.0e-04,27.48,0.44,3.5
2971,27.80,21.2607,202.4968,60.4974,0.5663,1.0e-04,,,3.6
2972,26.76,20.3296,227.2540,63.7853,0.5629,1.0e-04,,,3.5
2973,24.83,18.8115,205.2007,55.7768,0.5660,1.0e-04,,,3.5
2974,26.46,20.2153,214.2480,65.1739,0.5620,1.0e-04,,,3.5
2975,26.31,20.0664,210.0081,58.3723,0.5616,1.0e-04,,,3.5
2976,26.90,20.3550,196.3731,55.4427,0.5711,1.0e-04,,,3.5
2977,27.42,20.8472,183.9277,50.9271,0.5700,1.0e-04,,,3.5
2978,27.56,20.7764,164.7341,55.6849,0.5748,1.0e-04,,,3.5
2979,27.27,20.8877,176.0350,56.8672,0.5574,1.0e-04,,,3.5
2980,27.37,20.8779,187.3861,58.7500,0.5587,1.0e-04,27.08,0.43,3.6
2981,26.48,20.1191,180.0328,57.3859,0.5619,1.0e-04,,,3.6
2982,26.89,20.2866,181.2377,56.1087,0.5659,1.0e-04,,,3.6
2983,25.18,18.9258,190.7191,55.5341,0.5571,1.0e-04,,,3.6
2984,27.70,20.8271,181.9961,57.6302,0.5668,1.0e-04,,,3.6
2985,27.33,20.6157,162.6109,54.3099,0.5678,1.0e-04,,,3.6
2986,26.64,20.0898,185.2275,57.5652,0.5704,1.0e-04,,,3.6
2987,26.30,19.5444,174.5718,54.6467,0.5681,1.0e-04,,,3.6
2988,27.16,20.4209,181.9831,54.6016,0.5646,1.0e-04,,,3.6
2989,25.75,19.2485,166.8448,56.2898,0.5708,1.0e-04,,,3.6
2990,26.88,20.1040,184.8891,57.4837,0.5665,1.0e-04,28.29,0.53,3.5
2991,26.59,19.8745,163.1158,56.7690,0.5655,1.0e-04,,,3.7
2992,28.08,21.2446,191.3746,54.5600,0.5669,1.0e-04,,,3.5
2993,25.97,19.5908,185.6820,58.8804,0.5674,1.0e-04,,,3.5
2994,26.62,20.1050,169.9164,61.1522,0.5709,1.0e-04,,,3.5
2995,26.62,20.1104,183.3571,59.7038,0.5715,1.0e-04,,,3.5
2996,27.02,20.6831,191.1504,58.8932,0.5609,1.0e-04,,,3.5
2997,26.64,20.2222,191.8824,57.0571,0.5630,1.0e-04,,,3.5
2998,27.07,20.6187,194.4784,57.1927,0.5676,1.0e-04,,,3.5
2999,28.07,21.3979,174.8892,55.5300,0.5659,1.0e-04,,,3.5
3000,26.77,20.3530,215.4561,58.3505,0.5656,1.0e-04,27.78,0.45,3.5
3001,27.21,20.6582,177.3953,59.2839,0.5678,1.0e-04,,,3.5
3002,26.17,19.7715,196.9255,58.6603,0.5692,1.0e-04,,,3.5
3003,27.50,20.6636,194.3527,61.8385,0.5723,1.0e-04,,,3.6
3004,27.24,20.5552,194.4047,59.8516,0.5702,1.0e-04,,,3.6
3005,27.27,20.7319,170.7008,57.7656,0.5722,1.0e-04,,,3.5
3006,28.04,21.4287,184.3473,60.3450,0.5695,1.0e-04,,,3.6
3007,25.25,18.7583,204.6347,59.2017,0.5676,1.0e-04,,,3.5
3008,27.47,20.6631,193.5666,59.3542,0.5658,1.0e-04,,,3.6
3009,28.54,21.7559,183.2382,62.6075,0.5671,1.0e-04,,,3.6
3010,27.87,21.2329,203.6696,61.1042,0.5714,1.0e-04,26.39,0.42,3.6
3011,27.05,20.6528,228.0718,67.4635,0.5638,1.0e-04,,,3.5
3012,26.80,20.2441,205.4787,59.3478,0.5636,1.0e-04,,,3.6
3013,26.37,19.7808,209.3980,59.5625,0.5668,1.0e-04,,,3.6
3014,26.43,19.7515,183.9972,55.2201,0.5752,1.0e-04,,,3.5
3015,26.73,19.9844,193.3626,55.7092,0.5646,1.0e-04,,,3.5
3016,27.71,21.1260,182.9780,57.3932,0.5748,1.0e-04,,,3.5
3017,27.69,21.0000,201.8831,59.8776,0.5658,1.0e-04,,,3.5
3018,26.40,19.9946,191.2269,54.2391,0.5701,1.0e-04,,,3.5
3019,27.27,20.7358,179.9225,57.1901,0.5765,1.0e-04,,,3.5
3020,27.96,21.0464,184.8809,63.1075,0.5772,1.0e-04,27.38,0.49,3.5
3021,27.58,20.8687,211.6920,64.7266,0.5757,1.0e-04,,,3.5
3022,27.60,20.8950,227.9379,57.1589,0.5737,1.0e-04,,,3.5
3023,26.25,19.5664,181.6806,62.0408,0.5671,1.0e-04,,,3.5
3024,27.21,20.4370,203.5212,60.5234,0.5694,1.0e-04,,,3.6
3025,26.24,19.6040,204.2217,58.0951,0.5722,1.0e-04,,,3.5
3026,25.92,19.3398,218.3316,59.3397,0.5695,1.0e-04,,,3.5
3027,27.57,20.7827,173.6076,55.9062,0.5698,1.0e-04,,,3.6
3028,27.16,20.4492,208.0109,59.3542,0.5733,1.0e-04,,,3.5
3029,27.35,20.8130,172.5255,56.7682,0.5725,1.0e-04,,,3.6
3030,25.80,19.4111,199.8803,56.1051,0.5732,1.0e-04,27.47,0.43,3.5
3031,26.94,20.5234,208.8872,57.7656,0.5665,1.0e-04,,,3.6
3032,27.65,21.2339,191.2054,59.9010,0.5728,1.0e-04,,,3.5
3033,26.53,20.3052,223.2686,60.6196,0.5647,1.0e-04,,,3.5
3034,27.70,21.2520,184.6560,59.5339,0.5698,1.0e-04,,,3.6
3035,27.58,21.0796,185.9027,60.9688,0.5755,1.0e-04,,,3.6
3036,28.24,21.3389,192.0245,60.8325,0.5734,1.0e-04,,,3.6
3037,26.12,19.3115,200.7298,58.2337,0.5738,1.0e-04,,,3.5
3038,28.78,21.8584,196.0346,64.1475,0.5726,1.0e-04,,,3.6
3039,27.25,20.5220,195.3865,62.1458,0.5614,1.0e-04,,,3.5
3040,27.19,20.6440,192.4421,57.0547,0.5602,1.0e-04,27.46,0.47,3.5
3041,27.61,20.9521,195.8593,59.0833,0.5642,1.0e-04,,,3.6
3042,28.70,21.9551,194.1849,61.6075,0.5662,1.0e-04,,,3.6
3043,26.56,19.9531,217.4181,62.4592,0.5664,1.0e-04,,,3.5
3044,26.98,20.2280,199.1468,63.2135,0.5661,1.0e-04,,,3.6
3045,27.35,20.6895,212.3965,62.9661,0.5704,1.0e-04,,,3.6
3046,26.70,20.2334,219.2706,63.5299,0.5659,1.0e-04,,,3.6
3047,27.11,20.6958,228.9615,64.0573,0.5687,1.0e-04,,,3.6
3048,25.76,19.4136,213.2413,60.4943,0.5724,1.0e-04,,,3.5
3049,27.70,20.8101,183.4994,58.3906,0.5743,1.0e-04,,,3.6
3050,26.79,20.3257,187.8546,61.8804,0.5718,1.0e-04,26.44,0.46,3.5
3051,26.46,19.8999,179.4988,60.6033,0.5733,1.0e-04,,,3.5
3052,26.40,20.0103,227.2004,60.8098,0.5655,1.0e-04,,,3.5
3053,28.98,22.1299,201.9161,59.7188,0.5692,1.0e-04,,,3.5
3054,25.38,19.2104,209.8742,57.2472,0.5627,1.0e-04,,,3.5
3055,27.30,21.0010,191.3537,61.3073,0.5657,1.0e-04,,,3.5
3056,27.98,21.5571,198.7897,60.8325,0.5723,1.0e-04,,,3.6
3057,27.74,21.3545,216.3813,60.5964,0.5681,1.0e-04,,,3.6
3058,27.66,21.0898,219.9502,64.4219,0.5541,1.0e-04,,,3.6
3059,28.23,21.4253,184.1724,65.3500,0.5713,1.0e-04,,,3.6
3060,26.54,19.9775,210.9020,61.6793,0.5674,1.0e-04,27.65,0.43,3.5
3061,28.79,22.0122,190.1495,63.9975,0.5695,1.0e-04,,,3.6
3062,26.09,19.6030,221.2867,62.1603,0.5748,1.0e-04,,,3.5
3063,27.25,20.6938,199.9635,61.7552,0.5677,1.0e-04,,,3.6
3064,27.42,20.8584,178.8772,56.2578,0.5674,1.0e-04,,,3.6
3065,27.36,20.7720,188.8839,60.2917,0.5687,1.0e-04,,,3.5
3066,27.73,21.0830,175.8501,56.0417,0.5644,1.0e-04,,,3.6
3067,27.52,20.8491,190.4042,63.2917,0.5652,1.0e-04,,,3.6
3068,26.98,20.3467,206.4217,58.2448,0.5674,1.0e-04,,,3.5
3069,27.72,21.1094,186.1451,60.4974,0.5663,1.0e-04,,,3.6
3070,26.24,19.8096,183.1361,59.6332,0.5706,1.0e-04,27.46,0.46,3.5
3071,26.41,19.9551,222.1386,60.8723,0.5659,1.0e-04,,,3.6
3072,27.95,21.4043,191.9250,59.5400,0.5662,1.0e-04,,,3.6
3073,26.60,20.4956,205.8188,62.5788,0.5649,1.0e-04,,,3.5
3074,26.90,20.5420,215.9700,61.8071,0.5671,1.0e-04,,,3.5
3075,27.58,21.1509,185.3006,64.0260,0.5663,1.0e-04,,,3.5
3076,26.40,19.9062,215.5542,59.7255,0.5722,1.0e-04,,,3.5
3077,27.29,20.5889,209.7935,64.8464,0.5672,1.0e-04,,,3.5
3078,27.16,20.3892,195.6244,64.7031,0.5696,1.0e-04,,,3.5
3079,27.24,20.5723,199.0069,61.6276,0.5710,1.0e-04,,,3.5
3080,27.01,20.3926,204.8712,60.8464,0.5732,1.0e-04,27.14,0.42,3.5
3081,25.45,19.2646,229.3795,59.0455,0.5637,1.0e-04,,,3.5
3082,27.82,21.3472,217.8430,62.4688,0.5578,1.0e-04,,,3.5
3083,27.29,21.0830,203.1417,59.4036,0.5623,1.0e-04,,,3.5
3084,27.82,21.3574,189.2498,61.8542,0.5728,1.0e-04,,,3.5
3085,27.51,20.8726,197.0955,59.5547,0.5733,1.0e-04,,,3.6
3086,27.23,20.7393,194.4485,57.5234,0.5688,1.0e-04,,,3.5
3087,27.01,20.4678,199.4744,62.1146,0.5711,1.0e-04,,,3.6
3088,26.31,19.9692,200.5906,58.5815,0.5694,1.0e-04,,,3.6
3089,26.58,19.9888,205.9006,66.5951,0.5770,1.0e-04,,,3.6
3090,27.95,21.2744,192.2809,61.8350,0.5745,1.0e-04,26.39,0.39,3.6
3091,27.65,21.2026,215.1251,58.2969,0.5663,1.0e-04,,,3.6
3092,26.17,19.9082,188.3813,53.8967,0.5740,1.0e-04,,,3.6
3093,26.45,20.3203,197.2818,56.3207,0.5631,1.0e-04,,,3.6
3094,27.94,21.3203,194.9884,60.7250,0.5746,1.0e-04,,,3.6
3095,26.79,20.5259,178.9958,54.2065,0.5788,1.0e-04,,,3.6
3096,26.52,20.2656,161.1354,53.1821,0.5698,1.0e-04,,,3.6
3097,26.88,20.5874,180.4735,57.3777,0.5618,1.0e-04,,,3.5
3098,27.99,21.8169,183.2480,55.6075,0.5658,1.0e-04,,,3.6
3099,26.54,20.4683,199.8639,57.7717,0.5562,1.0e-04,,,3.5
3100,25.85,19.9634,195.5908,53.7756,0.5573,1.0e-04,26.58,0.33,3.5
3101,27.63,21.3564,188.0255,55.1458,0.5606,1.0e-04,,,3.5
3102,26.64,20.5967,175.8453,57.8614,0.5654,1.0e-04,,,3.5
3103,25.59,19.5078,181.4043,51.1818,0.5709,1.0e-04,,,3.5
3104,27.01,20.5649,171.2550,56.0391,0.5752,1.0e-04,,,3.5
3105,27.62,21.1831,188.8179,54.7031,0.5667,1.0e-04,,,3.5
3106,27.08,20.4839,174.7117,54.0677,0.5773,1.0e-04,,,3.5
3107,26.45,19.9565,165.0253,54.7174,0.5698,1.0e-04,,,3.5
3108,27.59,21.0454,175.9155,59.2812,0.5709,1.0e-04,,,3.6
3109,26.75,20.4312,183.3070,58.1875,0.5696,1.0e-04,,,3.6
3110,27.65,21.2446,165.3842,54.6406,0.5624,1.0e-04,27.08,0.40,3.6
3111,26.06,19.7090,179.4432,56.8261,0.5714,1.0e-04,,,3.6
3112,26.57,20.3408,177.5265,61.4022,0.5638,1.0e-04,,,3.6
3113,27.04,20.7393,178.8703,57.4453,0.5696,1.0e-04,,,3.6
3114,26.45,20.1665,187.8145,60.5272,0.5625,1.0e-04,,,3.6
3115,27.35,20.8330,178.9793,59.8229,0.5743,1.0e-04,,,3.6
3116,25.74,19.4551,192.7301,58.8381,0.5812,1.0e-04,,,3.5
3117,28.88,22.1519,172.5767,54.7450,0.5733,1.0e-04,,,3.6
3118,25.75,19.4189,194.2252,57.4716,0.5689,1.0e-04,,,3.5
3119,28.02,21.0591,184.8072,58.6875,0.5749,1.0e-04,,,3.6
3120,26.86,20.1948,186.7561,58.9293,0.5769,1.0e-04,27.75,0.48,3.5
3121,27.86,21.1616,176.5838,58.3275,0.5703,1.0e-04,,,3.5
3122,26.84,19.9951,180.3374,57.3016,0.5779,1.0e-04,,,3.5
3123,27.09,20.2310,166.8886,55.4870,0.5796,1.0e-04,,,3.6
3124,26.67,19.7505,184.5652,57.6060,0.5741,1.0e-04,,,3.5
3125,26.38,19.6846,175.4998,59.4022,0.5834,1.0e-04,,,3.5
3126,27.24,20.6455,161.2892,56.0599,0.5693,1.0e-04,,,3.6
3127,26.81,20.4712,174.3415,56.6630,0.5686,1.0e-04,,,3.5
3128,26.57,20.2319,174.0684,53.0870,0.5684,1.0e-04,,,3.5
3129,27.02,20.6177,155.9327,56.8542,0.5760,1.0e-04,,,3.5
3130,25.77,19.8267,172.6322,54.5540,0.5693,1.0e-04,26.71,0.35,3.5
3131,25.91,19.8403,178.5181,57.4864,0.5541,1.0e-04,,,3.5
3132,27.33,21.1934,169.5257,58.0625,0.5631,1.0e-04,,,3.5
3133,27.10,20.9219,174.5607,59.5781,0.5566,1.0e-04,,,3.5
3134,26.50,20.1953,168.7651,56.9647,0.5849,1.0e-04,,,3.6
3135,28.41,21.8535,176.5109,60.1725,0.5753,1.0e-04,,,3.6
3136,27.57,21.1816,178.2971,63.1276,0.5689,1.0e-04,,,3.6
3137,27.09,20.5615,186.9862,64.5755,0.5726,1.0e-04,,,3.6
3138,27.82,21.1782,178.3373,56.9948,0.5749,1.0e-04,,,3.6
3139,28.04,21.3203,173.1316,61.0250,0.5716,1.0e-04,,,3.6
3140,26.90,20.6641,181.8101,61.0755,0.5727,1.0e-04,26.39,0.37,3.6
3141,27.30,21.0190,166.5784,57.4427,0.5724,1.0e-04,,,3.6
3142,25.58,19.5098,192.5590,59.6080,0.5699,1.0e-04,,,3.5
3143,27.58,20.9873,190.9364,57.7109,0.5750,1.0e-04,,,3.6
3144,27.14,20.4028,193.0145,59.5365,0.5741,1.0e-04,,,3.5
3145,26.59,19.9712,186.5545,55.2337,0.5778,1.0e-04,,,3.5
3146,26.67,20.0454,187.2808,57.9158,0.5715,1.0e-04,,,3.5
3147,28.15,21.4810,174.6793,62.5875,0.5752,1.0e-04,,,3.5
3148,27.02,20.4531,192.8761,63.2734,0.5787,1.0e-04,,,3.5
3149,26.78,20.3022,197.8316,59.8397,0.5798,1.0e-04,,,3.5
3150,26.29,19.8887,198.6665,58.0924,0.5757,1.0e-04,27.43,0.47,3.5
3151,26.60,20.0605,191.9989,62.6848,0.5767,1.0e-04,,,3.5
3152,27.80,21.1919,201.6887,61.4583,0.5789,1.0e-04,,,3.5
3153,27.77,21.1719,202.1430,63.1328,0.5752,1.0e-04,,,3.5
3154,26.31,19.9761,211.5623,57.6658,0.5803,1.0e-04,,,3.5
3155,27.15,20.7388,201.2122,58.1927,0.5671,1.0e-04,,,3.5
3156,28.00,21.4424,182.1794,60.2375,0.5716,1.0e-04,,,3.5
3157,25.84,19.5386,196.0278,57.8182,0.5772,1.0e-04,,,3.5
3158,26.90,20.5044,185.8943,59.6328,0.5759,1.0e-04,,,3.5
3159,27.34,21.1621,211.7926,59.7604,0.5735,1.0e-04,,,3.6
3160,25.60,19.4346,181.9424,60.5597,0.5680,1.0e-04,26.48,0.35,3.6
3161,27.11,20.9297,210.9234,58.5599,0.5588,1.0e-04,,,3.6
3162,26.30,20.1577,200.4004,59.6332,0.5631,1.0e-04,,,3.6
3163,26.65,20.5386,195.5483,59.5489,0.5743,1.0e-04,,,3.5
3164,26.18,20.1187,200.5997,58.6033,0.5593,1.0e-04,,,3.5
3165,26.29,20.1436,201.7503,61.2527,0.5652,1.0e-04,,,3.5
3166,28.14,22.0854,208.4605,60.7700,0.5452,1.0e-04,,,3.6
3167,26.83,20.9331,193.9904,57.2880,0.5588,1.0e-04,,,3.5
3168,26.51,20.5273,186.3795,59.5815,0.5680,1.0e-04,,,3.5
3169,25.93,19.7812,217.1252,61.1576,0.5735,1.0e-04,,,3.5
3170,26.52,20.0693,188.5565,61.1359,0.5822,1.0e-04,26.34,0.43,3.5
3171,25.80,19.5166,207.8705,61.6534,0.5790,1.0e-04,,,3.5
3172,27.22,20.7451,192.8234,60.3724,0.5762,1.0e-04,,,3.5
3173,27.31,20.7837,208.6043,59.1771,0.5690,1.0e-04,,,3.5
3174,27.49,21.0859,180.5097,58.5156,0.5697,1.0e-04,,,3.5
3175,27.03,20.5664,178.8887,57.6432,0.5698,1.0e-04,,,3.5
3176,26.22,19.6250,189.9544,56.8940,0.5722,1.0e-04,,,3.5
3177,27.47,20.9409,189.4686,56.8672,0.5673,1.0e-04,,,3.6
3178,27.28,20.6406,164.6940,56.8776,0.5803,1.0e-04,,,3.5
3179,26.69,20.1240,180.1695,60.2717,0.5736,1.0e-04,,,3.5
3180,26.59,20.2485,163.6331,56.0652,0.5710,1.0e-04,25.96,0.31,3.5
3181,27.15,21.0640,167.4514,58.2812,0.5520,1.0e-04,,,3.5
3182,25.78,19.7041,193.0589,61.3324,0.5671,1.0e-04,,,3.5
3183,26.05,20.0298,196.6788,58.8614,0.5506,1.0e-04,,,3.5
3184,26.60,20.4058,189.9102,56.8370,0.5617,1.0e-04,,,3.5
3185,28.60,22.1362,162.4771,57.7375,0.5639,1.0e-04,,,3.6
3186,26.13,19.9282,169.9277,55.5136,0.5723,1.0e-04,,,3.5
3187,26.06,19.8452,182.4016,58.5245,0.5682,1.0e-04,,,3.5
3188,27.13,20.6455,183.6054,54.7109,0.5766,1.0e-04,,,3.6
3189,28.14,21.6562,187.8016,56.3925,0.5701,1.0e-04,,,3.6
3190,26.82,20.5244,168.7520,55.0734,0.5662,1.0e-04,27.05,0.37,3.6
3191,25.06,19.0737,167.3990,54.2017,0.5634,1.0e-04,,,3.5
3192,26.93,20.6743,182.1641,54.5078,0.5649,1.0e-04,,,3.5
3193,25.49,19.5435,181.7233,54.4119,0.5646,1.0e-04,,,3.5
3194,26.44,20.2124,173.6981,54.5245,0.5646,1.0e-04,,,3.5
3195,26.32,20.1416,177.5325,52.4457,0.5587,1.0e-04,,,3.5
3196,28.44,22.1606,186.5186,59.3025,0.5533,1.0e-04,,,3.6
3197,25.85,19.8643,170.6969,52.9773,0.5654,1.0e-04,,,3.5
3198,27.67,21.1704,177.1513,57.9479,0.5764,1.0e-04,,,3.5
3199,25.49,19.2666,168.0659,55.9773,0.5727,1.0e-04,,,3.5
3200,27.44,20.7236,191.0292,57.1458,0.5749,1.0e-04,27.31,0.42,3.5
3201,27.55,21.1440,190.4443,60.3255,0.5700,1.0e-04,,,3.5
3202,27.48,20.7778,165.0773,57.9688,0.5686,1.0e-04,,,3.5
3203,28.10,21.0796,180.7909,60.9800,0.5678,1.0e-04,,,3.5
3204,27.14,20.5923,193.6490,57.6667,0.5747,1.0e-04,,,3.6
3205,28.96,22.2031,183.4253,65.2115,0.5800,1.0e-04,,,3.6
3206,27.28,20.7974,185.2436,62.7812,0.5807,1.0e-04,,,3.5
3207,27.16,20.5620,212.2517,60.7109,0.5684,1.0e-04,,,3.5
3208,26.23,19.8647,186.9991,59.8913,0.5812,1.0e-04,,,3.5
3209,27.40,20.9863,176.5317,61.8958,0.5695,1.0e-04,,,3.6
3210,27.26,20.8882,197.1363,64.4427,0.5677,1.0e-04,26.62,0.37,3.6
3211,26.99,20.6211,200.0570,60.7656,0.5651,1.0e-04,,,3.6
3212,27.85,21.3027,192.3098,63.5104,0.5679,1.0e-04,,,3.5
3213,27.57,21.0864,188.9217,61.1146,0.5700,1.0e-04,,,3.5
3214,26.47,20.0068,212.0252,58.6875,0.5705,1.0e-04,,,3.5
3215,24.71,18.5669,212.6086,53.6429,0.5715,1.0e-04,,,3.5
3216,26.55,19.8921,184.3058,56.3886,0.5746,1.0e-04,,,3.5
3217,28.35,21.4546,193.0805,59.9800,0.5817,1.0e-04,,,3.6
3218,26.73,19.9150,199.3371,59.2283,0.5809,1.0e-04,,,3.6
3219,27.67,20.7793,161.8116,56.0885,0.5831,1.0e-04,,,3.6
3220,25.55,19.0669,186.9092,57.0597,0.5786,1.0e-04,28.11,0.46,3.5
3221,26.13,19.6655,169.9367,52.1250,0.5803,1.0e-04,,,3.6
3222,27.59,20.9736,167.3827,61.8151,0.5762,1.0e-04,,,3.6
3223,27.64,21.0962,180.6476,60.7891,0.5733,1.0e-04,,,3.6
3224,26.59,20.3979,198.7456,59.0380,0.5701,1.0e-04,,,3.5
3225,28.19,21.6885,196.3029,63.2025,0.5743,1.0e-04,,,3.6
3226,27.05,20.6934,198.7648,63.7760,0.5824,1.0e-04,,,3.5
3227,29.03,22.2588,190.4953,60.7476,0.5770,1.0e-04,,,3.5
3228,26.99,20.2852,182.0947,60.8568,0.5776,1.0e-04,,,3.6
3229,25.49,19.1597,223.2606,61.5739,0.5774,1.0e-04,,,3.5
3230,26.73,20.2456,195.2753,61.6739,0.5762,1.0e-04,26.69,0.38,3.5
3231,27.63,21.3242,184.9472,61.5625,0.5703,1.0e-04,,,3.5
3232,26.60,20.5317,189.9139,61.4701,0.5758,1.0e-04,,,3.5
3233,27.12,20.8701,196.3676,55.4948,0.5697,1.0e-04,,,3.5
3234,25.71,19.7778,189.4609,58.1733,0.5670,1.0e-04,,,3.6
3235,27.72,21.5776,163.1960,57.8099,0.5740,1.0e-04,,,3.6
3236,28.05,21.8096,172.4395,60.1750,0.5624,1.0e-04,,,3.6
3237,26.46,20.5610,178.7365,58.5027,0.5462,1.0e-04,,,3.6
3238,26.87,21.0068,200.0793,55.9239,0.5423,1.0e-04,,,3.6
3239,25.70,19.9702,217.5489,56.9517,0.5453,1.0e-04,,,3.5
3240,26.38,20.7544,191.1384,56.1712,0.5221,1.0e-04,25.43,0.27,3.6
3241,27.28,21.2905,199.8830,57.7266,0.5485,1.0e-04,,,3.6
3242,26.92,20.9116,177.3474,58.3568,0.5445,1.0e-04,,,3.6
3243,26.18,20.1270,182.4056,59.7609,0.5468,1.0e-04,,,3.6
3244,25.73,19.8315,182.8424,55.4091,0.5574,1.0e-04,,,3.5
3245,26.75,20.6592,223.0802,61.3696,0.5525,1.0e-04,,,3.5
3246,26.52,20.3291,201.1904,59.5625,0.5604,1.0e-04,,,3.6
3247,26.91,20.8872,195.0473,60.6823,0.5353,1.0e-04,,,3.6
3248,26.25,20.4521,226.4534,62.3424,0.5378,1.0e-04,,,3.5
3249,26.36,20.2939,206.0992,61.8967,0.5518,1.0e-04,,,3.5
3250,28.14,21.7729,184.5708,62.6725,0.5547,1.0e-04,26.57,0.39,3.5
3251,25.51,19.2729,204.1365,60.6278,0.5482,1.0e-04,,,3.5
3252,25.57,19.3330,208.4200,54.4773,0.5615,1.0e-04,,,3.5
3253,28.14,21.4409,169.4121,60.4825,0.5627,1.0e-04,,,3.6
3254,27.46,20.8662,175.9016,60.0339,0.5732,1.0e-04,,,3.5
3255,27.65,20.9961,181.7390,60.6120,0.5699,1.0e-04,,,3.5
3256,27.55,20.8745,162.8759,58.4271,0.5733,1.0e-04,,,3.5
3257,24.70,18.1465,200.7182,56.9107,0.5671,1.0e-04,,,3.5
3258,28.03,20.9756,180.0522,62.8025,0.5647,1.0e-04,,,3.5
3259,27.03,20.2207,184.1357,59.7500,0.5675,1.0e-04,,,3.5
3260,25.29,18.7612,181.6673,59.8722,0.5652,1.0e-04,28.44,0.55,3.5
3261,27.05,20.1426,176.8234,60.4115,0.5671,1.0e-04,,,3.6
3262,27.09,20.5098,188.4766,56.1927,0.5661,1.0e-04,,,3.6
3263,27.16,20.7090,185.3531,62.1979,0.5628,1.0e-04,,,3.6
3264,27.16,20.6099,184.9757,62.6719,0.5729,1.0e-04,,,3.6
3265,25.94,19.5264,174.9135,55.0543,0.5742,1.0e-04,,,3.6
3266,28.20,21.5269,174.3170,61.0950,0.5804,1.0e-04,,,3.6
3267,26.88,20.5469,192.9378,57.7880,0.5668,1.0e-04,,,3.5
3268,24.96,18.8950,181.6992,55.6790,0.5684,1.0e-04,,,3.5
3269,28.75,22.3081,189.9276,60.1600,0.5627,1.0e-04,,,3.6
3270,27.44,21.0522,181.1375,58.5312,0.5579,1.0e-04,26.29,0.32,3.6
3271,26.62,20.5366,190.9202,61.2962,0.5560,1.0e-04,,,3.5
3272,25.77,19.7534,198.4441,58.3977,0.5518,1.0e-04,,,3.5
3273,27.04,20.9692,184.4203,60.3359,0.5497,1.0e-04,,,3.5
3274,27.38,21.1196,181.6878,63.2474,0.5649,1.0e-04,,,3.5
3275,28.36,21.7500,185.8085,63.0175,0.5603,1.0e-04,,,3.5
3276,27.71,20.9419,205.1233,60.2448,0.5641,1.0e-04,,,3.6
3277,27.31,20.8179,181.4602,64.1354,0.5626,1.0e-04,,,3.5
3278,26.13,19.8511,185.6446,61.9457,0.5553,1.0e-04,,,3.5
3279,26.53,20.2388,182.8104,57.2473,0.5644,1.0e-04,,,3.5
3280,28.42,21.6562,183.6484,60.0750,0.5617,1.0e-04,27.89,0.52,3.5
3281,27.10,20.3296,198.2282,58.5703,0.5580,1.0e-04,,,3.5
3282,28.32,21.4473,195.4458,61.1875,0.5616,1.0e-04,,,3.5
3283,26.45,19.9565,200.0466,56.6929,0.5561,1.0e-04,,,3.5
3284,27.57,21.0908,195.5540,61.4974,0.5617,1.0e-04,,,3.6
3285,27.85,21.3696,180.4556,63.2708,0.5584,1.0e-04,,,3.6
3286,27.03,20.6860,190.9607,61.7969,0.5522,1.0e-04,,,3.6
3287,27.77,21.6885,201.8384,65.4557,0.5387,1.0e-04,,,3.6
3288,26.34,20.4629,219.9977,55.2147,0.5481,1.0e-04,,,3.6
3289,27.18,21.0605,194.9087,64.8385,0.5544,1.0e-04,,,3.6
3290,27.42,21.1875,211.7305,61.7266,0.5533,1.0e-04,27.75,0.37,3.6
3291,27.08,20.7822,223.4513,64.3438,0.5539,1.0e-04,,,3.6
3292,26.83,20.4541,217.6800,59.1793,0.5588,1.0e-04,,,3.5
3293,26.09,19.8608,186.0646,58.7826,0.5598,1.0e-04,,,3.5
3294,27.39,20.7896,197.3858,63.2812,0.5561,1.0e-04,,,3.6
3295,26.45,20.0845,205.1580,58.1848,0.5583,1.0e-04,,,3.5
3296,27.38,20.8872,198.9440,62.8568,0.5507,1.0e-04,,,3.5
3297,26.25,19.7988,187.8757,57.4810,0.5609,1.0e-04,,,3.5
3298,25.82,19.6553,188.6251,57.7415,0.5630,1.0e-04,,,3.5
3299,27.66,21.1670,176.9624,59.2839,0.5726,1.0e-04,,,3.5
3300,26.64,20.1489,166.1635,53.9266,0.5654,1.0e-04,26.87,0.43,3.5
3301,26.69,20.2739,185.9083,57.7636,0.5606,1.0e-04,,,3.5
3302,27.22,20.6846,183.3303,60.1745,0.5592,1.0e-04,,,3.5
3303,27.10,20.4453,180.1420,56.9271,0.5738,1.0e-04,,,3.5
3304,27.84,21.2764,172.5246,61.1406,0.5664,1.0e-04,,,3.5
3305,26.67,20.4092,178.9367,58.8098,0.5656,1.0e-04,,,3.5
3306,26.55,20.1318,170.9972,53.5000,0.5701,1.0e-04,,,3.5
3307,27.27,20.6152,151.7238,60.5599,0.5737,1.0e-04,,,3.5
3308,28.41,21.8188,187.7937,61.6475,0.5633,1.0e-04,,,3.6
3309,24.58,18.5156,206.8570,58.1667,0.5669,1.0e-04,,,3.5
3310,24.35,18.1523,191.5172,52.6161,0.5722,1.0e-04,25.80,0.34,3.6
3311,25.71,19.6504,176.6550,54.7386,0.5608,1.0e-04,,,3.6
3312,27.51,21.1040,167.8314,57.5469,0.5632,1.0e-04,,,3.6
3313,27.21,20.8672,179.8789,58.5573,0.5596,1.0e-04,,,3.6
3314,26.58,20.4995,186.9980,59.2690,0.5578,1.0e-04,,,3.5
3315,27.71,21.2964,181.8617,59.9453,0.5675,1.0e-04,,,3.6
3316,24.79,18.5674,176.7807,60.7619,0.5665,1.0e-04,,,3.5
3317,27.57,20.7920,181.3381,56.6458,0.5733,1.0e-04,,,3.5
3318,26.81,20.0898,188.7847,61.0625,0.5798,1.0e-04,,,3.5
3319,26.70,19.9370,203.8277,60.5924,0.5788,1.0e-04,,,3.5
3320,27.56,20.8555,195.1228,59.0885,0.5770,1.0e-04,26.52,0.41,3.5
3321,26.50,20.1143,195.2009,57.3451,0.5698,1.0e-04,,,3.5
3322,27.10,20.4751,181.2218,56.7370,0.5761,1.0e-04,,,3.5
3323,28.14,21.3887,177.4281,59.6300,0.5672,1.0e-04,,,3.5
3324,27.67,21.1641,194.6848,59.7031,0.5684,1.0e-04,,,3.6
3325,27.43,20.9414,180.5444,58.3307,0.5658,1.0e-04,,,3.5
3326,26.83,20.4688,167.2042,59.4783,0.5726,1.0e-04,,,3.5
3327,27.36,20.8491,179.5040,59.8229,0.5701,1.0e-04,,,3.5
3328,27.67,21.0195,194.4063,57.3203,0.5666,1.0e-04,,,3.5
3329,28.19,21.4526,187.7017,59.1775,0.5671,1.0e-04,,,3.5
3330,26.61,19.9385,195.0609,57.0761,0.5718,1.0e-04,27.57,0.48,3.5
3331,27.12,20.4639,181.8435,58.3750,0.5691,1.0e-04,,,3.6
3332,27.68,21.1382,202.5753,58.4193,0.5720,1.0e-04,,,3.6
3333,25.94,19.7373,176.5842,60.3478,0.5676,1.0e-04,,,3.6
3334,28.17,21.5967,178.7815,57.0800,0.5602,1.0e-04,,,3.6
3335,27.40,20.6709,153.2448,57.2578,0.5728,1.0e-04,,,3.6
3336,27.59,20.6509,182.6649,58.2630,0.5715,1.0e-04,,,3.6
3337,26.35,19.4634,197.4887,58.4348,0.5633,1.0e-04,,,3.6
3338,26.60,19.6489,183.3475,58.4402,0.5684,1.0e-04,,,3.6
3339,26.79,19.6504,208.9188,60.7255,0.5642,1.0e-04,,,3.6
3340,26.22,19.1880,196.3006,57.6386,0.5603,1.0e-04,27.55,0.61,3.6
3341,26.31,19.2188,191.3767,54.4511,0.5671,1.0e-04,,,3.6
3342,25.89,19.0889,187.8088,54.4403,0.5752,1.0e-04,,,3.5
3343,27.69,20.7739,181.5589,55.3854,0.5748,1.0e-04,,,3.6
3344,26.49,19.8799,166.8023,57.5054,0.5764,1.0e-04,,,3.5
3345,27.11,20.6743,159.9013,61.0573,0.5714,1.0e-04,,,3.5
3346,27.68,21.0249,185.1029,56.0547,0.5786,1.0e-04,,,3.5
3347,26.22,19.8062,210.2501,62.0217,0.5764,1.0e-04,,,3.5
3348,26.93,20.4702,182.4818,59.9427,0.5773,1.0e-04,,,3.5
3349,26.41,19.8198,179.1225,59.4674,0.5780,1.0e-04,,,3.5
3350,27.06,20.3965,182.6608,60.5078,0.5745,1.0e-04,26.52,0.46,3.5
3351,27.66,21.0605,169.2256,59.6641,0.5733,1.0e-04,,,3.5
3352,28.20,21.3716,187.6696,57.6725,0.5745,1.0e-04,,,3.6
3353,28.33,21.5762,168.7300,59.3975,0.5761,1.0e-04,,,3.5
3354,26.95,20.1069,184.6350,59.4818,0.5726,1.0e-04,,,3.5
3355,27.08,20.0205,188.7469,57.2812,0.5669,1.0e-04,,,3.5
3356,26.38,19.5137,178.6320,56.6332,0.5684,1.0e-04,,,3.5
3357,27.01,19.9775,156.5332,53.9609,0.5771,1.0e-04,,,3.6
3358,28.24,21.1504,169.0495,53.3400,0.5757,1.0e-04,,,3.6
3359,27.63,20.7598,160.5765,55.0417,0.5718,1.0e-04,,,3.6
3360,27.87,20.9160,157.7865,58.8516,0.5694,1.0e-04,27.58,0.57,3.6
3361,26.73,19.7944,177.0916,58.7065,0.5765,1.0e-04,,,3.6
3362,25.80,19.3628,170.0947,57.8608,0.5732,1.0e-04,,,3.5
3363,25.88,19.3975,194.7047,57.5057,0.5750,1.0e-04,,,3.5
3364,28.22,21.4468,164.3743,57.8175,0.5778,1.0e-04,,,3.6
3365,27.10,20.4033,176.8994,58.1745,0.5794,1.0e-04,,,3.5
3366,25.84,19.1182,193.7236,57.3636,0.5758,1.0e-04,,,3.5
3367,26.60,19.7754,160.4338,56.5815,0.5817,1.0e-04,,,3.6
3368,27.35,20.5776,178.9111,60.1094,0.5714,1.0e-04,,,3.5
3369,26.28,19.6396,173.6778,59.2853,0.5691,1.0e-04,,,3.5
3370,26.87,20.3003,161.5494,60.7663,0.5746,1.0e-04,27.62,0.49,3.5
3371,26.11,19.5674,204.8205,58.9620,0.5759,1.0e-04,,,3.5
3372,27.38,20.7856,185.3165,60.8698,0.5795,1.0e-04,,,3.5
3373,27.38,20.9023,175.4672,61.7214,0.5667,1.0e-04,,,3.5
3374,26.78,20.2642,202.5026,61.0082,0.5752,1.0e-04,,,3.5
3375,26.93,20.5732,179.5062,59.2708,0.5646,1.0e-04,,,3.6
3376,27.01,20.6074,177.3932,61.2943,0.5656,1.0e-04,,,3.6
3377,26.76,20.3237,183.2755,59.7065,0.5616,1.0e-04,,,3.5
3378,26.62,20.2471,176.8503,58.3315,0.5662,1.0e-04,,,3.5
3379,27.69,21.0176,197.3849,61.5260,0.5707,1.0e-04,,,3.6
3380,28.45,21.7246,169.3907,63.0625,0.5707,1.0e-04,26.31,0.37,3.5
3381,27.84,21.3442,177.2362,61.2969,0.5775,1.0e-04,,,3.5
3382,26.82,20.4185,195.6021,64.1277,0.5663,1.0e-04,,,3.6
3383,26.72,20.2554,183.9576,64.6984,0.5755,1.0e-04,,,3.6
3384,28.47,21.9346,184.4353,64.2150,0.5691,1.0e-04,,,3.6
3385,27.57,21.1108,172.2172,63.5911,0.5708,1.0e-04,,,3.6
3386,27.27,20.8350,181.4303,60.3594,0.5702,1.0e-04,,,3.5
3387,27.82,21.2305,182.2654,61.9792,0.5639,1.0e-04,,,3.6
3388,27.39,21.0747,204.2508,61.9245,0.5550,1.0e-04,,,3.6
3389,27.75,21.2930,198.1216,60.1484,0.5504,1.0e-04,,,3.6
3390,27.05,20.6587,165.8641,60.1120,0.5696,1.0e-04,27.55,0.41,3.6
3391,27.15,20.7075,181.6258,62.8021,0.5637,1.0e-04,,,3.6
3392,27.47,21.0332,179.2905,63.3359,0.5649,1.0e-04,,,3.6
3393,26.79,20.4526,201.5374,62.6060,0.5648,1.0e-04,,,3.5
3394,27.29,20.7285,196.0465,62.1432,0.5597,1.0e-04,,,3.5
3395,27.05,20.4761,218.0701,63.1615,0.5663,1.0e-04,,,3.5
3396,27.03,20.4478,211.2918,59.6432,0.5633,1.0e-04,,,3.6
3397,27.30,20.5591,206.8611,61.9818,0.5682,1.0e-04,,,3.5
3398,26.68,20.0557,178.5125,58.4375,0.5698,1.0e-04,,,3.5
3399,27.23,20.5576,185.1326,56.8646,0.5691,1.0e-04,,,3.5
3400,27.16,20.3892,194.2384,57.1068,0.5731,1.0e-04,27.96,0.50,3.5
3401,26.85,20.1230,177.9778,59.4728,0.5739,1.0e-04,,,3.5
3402,26.35,19.7534,174.7828,58.0462,0.5767,1.0e-04,,,3.5
3403,27.40,20.5767,162.2559,55.7448,0.5839,1.0e-04,,,3.5
3404,27.00,20.2954,164.6522,53.9167,0.5798,1.0e-04,,,3.6
3405,26.56,19.8833,184.3924,54.5870,0.5788,1.0e-04,,,3.6
3406,27.66,20.8530,177.4830,60.4245,0.5739,1.0e-04,,,3.6
3407,26.77,20.1226,197.5220,55.6957,0.5773,1.0e-04,,,3.6
3408,27.18,20.4512,193.0016,58.1354,0.5772,1.0e-04,,,3.5
3409,26.21,19.9575,175.2449,58.5054,0.5721,1.0e-04,,,3.5
3410,26.83,20.5742,186.3188,60.8424,0.5742,1.0e-04,26.81,0.36,3.5
3411,25.69,19.5708,190.0045,56.2188,0.5748,1.0e-04,,,3.5
3412,27.00,20.5308,163.8770,56.7734,0.5862,1.0e-04,,,3.5
3413,26.76,20.3301,148.2220,55.7609,0.5779,1.0e-04,,,3.5
3414,26.31,19.8320,148.8216,52.9755,0.5781,1.0e-04,,,3.5
3415,27.12,20.4907,161.6516,52.7500,0.5869,1.0e-04,,,3.5
3416,27.01,20.3955,152.7507,54.9141,0.5776,1.0e-04,,,3.5
3417,28.14,21.5073,176.7072,56.3100,0.5817,1.0e-04,,,3.6
3418,27.58,21.0146,171.0415,54.5182,0.5789,1.0e-04,,,3.5
3419,26.95,20.2324,166.7447,58.1380,0.5777,1.0e-04,,,3.6
3420,29.20,22.5459,159.7706,59.1971,0.5692,1.0e-04,28.25,0.45,3.6
3421,27.74,21.0244,161.2647,56.3073,0.5789,1.0e-04,,,3.5
3422,26.53,20.1543,178.2442,53.9864,0.5741,1.0e-04,,,3.5
3423,26.82,20.6802,170.0347,55.3288,0.5728,1.0e-04,,,3.5
3424,27.03,20.6724,163.2764,58.0312,0.5737,1.0e-04,,,3.6
3425,28.27,21.8174,160.7092,58.3700,0.5634,1.0e-04,,,3.5
3426,25.62,19.6157,181.8059,57.5369,0.5694,1.0e-04,,,3.5
3427,26.49,20.0649,173.7970,56.6821,0.5709,1.0e-04,,,3.5
3428,27.25,20.7056,158.0698,57.2422,0.5740,1.0e-04,,,3.6
3429,26.74,20.2568,187.7021,51.1114,0.5700,1.0e-04,,,3.6
3430,26.91,20.5430,141.5769,56.2891,0.5736,1.0e-04,27.72,0.41,3.6
3431,27.17,20.6621,151.4915,53.4297,0.5764,1.0e-04,,,3.6
3432,27.32,20.7651,148.0939,54.7760,0.5774,1.0e-04,,,3.5
3433,27.93,21.2500,163.3493,55.6250,0.5841,1.0e-04,,,3.6
3434,27.90,21.0044,157.5692,58.4400,0.5776,1.0e-04,,,3.6
3435,26.26,19.6626,175.5377,56.1522,0.5831,1.0e-04,,,3.5
3436,27.22,20.3677,178.8624,59.4427,0.5826,1.0e-04,,,3.6
3437,26.79,19.9326,158.0521,57.8614,0.5906,1.0e-04,,,3.5
3438,28.10,21.1162,178.7052,55.7925,0.5817,1.0e-04,,,3.6
3439,25.92,19.3604,170.5688,55.6603,0.5760,1.0e-04,,,3.5
3440,26.73,20.2593,171.7124,59.5625,0.5769,1.0e-04,27.91,0.44,3.5
3441,28.02,21.3237,167.1154,58.4925,0.5761,1.0e-04,,,3.5
3442,27.64,21.1704,183.1617,54.7839,0.5763,1.0e-04,,,3.5
3443,27.40,20.9556,161.7971,56.5182,0.5795,1.0e-04,,,3.5
3444,26.82,20.3394,163.8367,54.8261,0.5799,1.0e-04,,,3.5
3445,27.02,20.5239,186.3078,57.0104,0.5683,1.0e-04,,,3.5
3446,25.68,19.1987,164.4055,57.5312,0.5746,1.0e-04,,,3.5
3447,25.87,19.3154,162.3861,51.2898,0.5879,1.0e-04,,,3.5
3448,27.09,20.5605,169.5351,55.0026,0.5734,1.0e-04,,,3.6
3449,27.76,21.2988,178.2619,57.0208,0.5678,1.0e-04,,,3.5
3450,26.46,20.2676,163.7475,53.2853,0.5753,1.0e-04,27.27,0.38,3.5
3451,27.50,21.0767,158.5084,55.0286,0.5743,1.0e-04,,,3.5
3452,27.11,20.7827,167.3768,55.1589,0.5777,1.0e-04,,,3.5
3453,28.57,21.9937,169.4250,55.8150,0.5778,1.0e-04,,,3.5
3454,27.78,20.9697,170.2416,60.1380,0.5819,1.0e-04,,,3.6
3455,27.17,20.4932,167.6847,59.5182,0.5805,1.0e-04,,,3.6
3456,27.93,21.1172,163.3114,61.0475,0.5839,1.0e-04,,,3.6
3457,27.20,20.4614,191.2712,59.3047,0.5812,1.0e-04,,,3.5
3458,26.43,19.9443,201.6732,62.4103,0.5816,1.0e-04,,,3.5
3459,28.17,21.5898,203.2656,62.5125,0.5712,1.0e-04,,,3.5
3460,25.77,19.6304,192.5393,59.7386,0.5756,1.0e-04,27.75,0.42,3.5
3461,26.75,20.3989,181.8026,61.5435,0.5737,1.0e-04,,,3.6
3462,27.46,20.8013,198.5033,61.1432,0.5840,1.0e-04,,,3.6
3463,27.59,20.9756,180.0796,59.5391,0.5743,1.0e-04,,,3.6
3464,28.30,21.7070,166.2096,60.8625,0.5733,1.0e-04,,,3.6
3465,26.95,20.5220,168.5627,57.3438,0.5762,1.0e-04,,,3.6
3466,26.53,20.2446,191.0036,60.2310,0.5713,1.0e-04,,,3.6
3467,27.10,20.5562,198.0134,58.6823,0.5756,1.0e-04,,,3.6
3468,27.22,20.7188,186.9511,68.4818,0.5774,1.0e-04,,,3.6
3469,26.54,20.1060,204.9849,59.3832,0.5777,1.0e-04,,,3.6
3470,27.46,21.0146,187.7104,62.3906,0.5597,1.0e-04,27.16,0.38,3.6
3471,27.21,20.8032,180.0981,58.4714,0.5705,1.0e-04,,,3.5
3472,25.97,19.7246,191.5023,58.3451,0.5729,1.0e-04,,,3.5
3473,26.25,20.0332,183.8169,57.9783,0.5746,1.0e-04,,,3.5
3474,27.57,21.0591,171.0486,58.4349,0.5774,1.0e-04,,,3.5
3475,26.11,19.8838,188.7218,59.1712,0.5775,1.0e-04,,,3.5
3476,27.40,21.0850,195.7566,63.9479,0.5659,1.0e-04,,,3.5
3477,27.92,21.3745,206.9426,65.5500,0.5738,1.0e-04,,,3.6
3478,27.12,20.8613,209.6290,60.8906,0.5595,1.0e-04,,,3.5
3479,26.93,20.5435,188.1502,58.2760,0.5697,1.0e-04,,,3.5
3480,26.54,20.2793,192.7795,58.6033,0.5717,1.0e-04,26.58,0.33,3.5
3481,27.18,20.9966,201.6462,59.3411,0.5647,1.0e-04,,,3.6
3482,25.96,19.9663,191.1505,59.8315,0.5727,1.0e-04,,,3.6
3483,27.55,21.3047,164.0693,57.0599,0.5750,1.0e-04,,,3.6
3484,27.24,21.0645,185.3642,57.5443,0.5632,1.0e-04,,,3.6
3485,26.98,20.8335,182.4477,60.2005,0.5670,1.0e-04,,,3.6
3486,26.43,20.2583,189.2406,56.2880,0.5635,1.0e-04,,,3.6
3487,25.93,19.9438,190.4192,58.8804,0.5615,1.0e-04,,,3.6
3488,27.41,21.3589,193.8844,58.7552,0.5689,1.0e-04,,,3.6
3489,27.16,21.1787,179.1639,61.9036,0.5547,1.0e-04,,,3.6
3490,26.56,20.3115,181.9172,56.5217,0.5705,1.0e-04,26.77,0.32,3.5
3491,26.63,20.6064,176.8428,60.2935,0.5518,1.0e-04,,,3.5
3492,27.00,20.8130,192.6871,59.7760,0.5665,1.0e-04,,,3.6
3493,26.72,20.5142,207.1764,61.2228,0.5605,1.0e-04,,,3.5
3494,25.83,19.7490,206.4883,60.7131,0.5582,1.0e-04,,,3.5
3495,26.50,20.2930,182.8429,59.4891,0.5708,1.0e-04,,,3.5
3496,26.41,20.1245,222.7674,58.9375,0.5721,1.0e-04,,,3.5
3497,27.21,20.9316,183.7732,59.2005,0.5696,1.0e-04,,,3.6
3498,27.45,20.8989,195.3167,56.0990,0.5744,1.0e-04,,,3.5
3499,27.36,20.9663,174.3837,57.8333,0.5598,1.0e-04,,,3.5
3500,28.49,22.1274,182.0008,60.9275,0.5648,1.0e-04,26.76,0.35,3.6
3501,27.15,20.9502,171.7448,58.1172,0.5591,1.0e-04,,,3.5
3502,27.00,20.7075,185.3583,63.4141,0.5683,1.0e-04,,,3.5
3503,25.54,19.3643,182.5232,62.2188,0.5700,1.0e-04,,,3.5
3504,26.35,20.2275,196.8332,64.6685,0.5593,1.0e-04,,,3.5
3505,27.56,21.0278,202.0884,60.3255,0.5738,1.0e-04,,,3.5
3506,27.18,20.7827,193.6118,57.4401,0.5643,1.0e-04,,,3.6
3507,26.80,20.1377,203.2035,60.1141,0.5678,1.0e-04,,,3.6
3508,27.08,20.6675,176.4682,56.0990,0.5680,1.0e-04,,,3.6
3509,28.16,21.6323,192.6704,62.8300,0.5666,1.0e-04,,,3.6
3510,27.24,20.6079,190.8616,61.3333,0.5733,1.0e-04,27.97,0.44,3.6
3511,27.81,21.1895,182.7089,59.0807,0.5691,1.0e-04,,,3.6
3512,27.54,20.8608,190.2224,58.6693,0.5735,1.0e-04,,,3.6
3513,25.82,19.3901,196.0823,56.9489,0.5687,1.0e-04,,,3.6
3514,26.75,19.9414,177.0519,57.5598,0.5736,1.0e-04,,,3.6
3515,26.92,20.2593,195.0433,59.2734,0.5684,1.0e-04,,,3.6
3516,27.14,20.6484,186.6415,59.6979,0.5682,1.0e-04,,,3.6
3517,25.72,19.4600,189.4962,57.3494,0.5715,1.0e-04,,,3.5
3518,25.18,18.8350,169.7616,54.0000,0.5690,1.0e-04,,,3.5
3519,26.49,20.0273,182.8952,57.5353,0.5747,1.0e-04,,,3.5
3520,27.67,21.0825,158.5794,58.1016,0.5802,1.0e-04,28.31,0.47,3.6
3521,26.87,20.2285,186.3161,55.5516,0.5783,1.0e-04,,,3.5
3522,27.76,21.1108,172.5543,60.7969,0.5756,1.0e-04,,,3.6
3523,25.62,19.0562,165.1865,52.9432,0.5789,1.0e-04,,,3.5
3524,28.48,21.7100,172.7819,60.2775,0.5680,1.0e-04,,,3.5
3525,26.30,20.0806,191.4167,58.1875,0.5672,1.0e-04,,,3.5
3526,26.92,20.4702,178.7564,59.3438,0.5614,1.0e-04,,,3.5
3527,26.98,20.6289,182.3276,58.8854,0.5636,1.0e-04,,,3.5
3528,27.52,21.2612,183.5808,58.4167,0.5729,1.0e-04,,,3.5
3529,26.40,20.2681,218.4736,59.7065,0.5624,1.0e-04,,,3.5
3530,25.58,19.6274,197.4148,61.0966,0.5689,1.0e-04,27.62,0.41,3.5
3531,26.04,19.6704,197.3706,61.4266,0.5741,1.0e-04,,,3.6
3532,26.06,19.4932,201.2377,62.7935,0.5716,1.0e-04,,,3.6
3533,28.20,21.5942,207.2740,60.3775,0.5687,1.0e-04,,,3.6
3534,27.98,21.4604,191.6784,61.9125,0.5760,1.0e-04,,,3.6
3535,26.92,20.5967,165.6104,59.4844,0.5786,1.0e-04,,,3.6
3536,25.70,19.2217,187.9609,59.6420,0.5801,1.0e-04,,,3.5
3537,25.56,19.0288,218.2645,60.3040,0.5800,1.0e-04,,,3.5
3538,26.02,19.3887,196.1636,56.5054,0.5801,1.0e-04,,,3.5
3539,26.71,20.0381,188.4212,58.7799,0.5729,1.0e-04,,,3.6
3540,28.46,21.6216,187.4386,61.4375,0.5793,1.0e-04,27.90,0.46,3.5
3541,26.80,20.2109,178.3851,55.8750,0.5826,1.0e-04,,,3.5
3542,27.75,21.0371,186.6675,57.7656,0.5761,1.0e-04,,,3.5
3543,27.48,20.8906,181.7253,60.6094,0.5748,1.0e-04,,,3.5
3544,27.72,20.8545,188.4487,59.5260,0.5815,1.0e-04,,,3.5
3545,27.97,21.0117,218.0474,62.8525,0.5754,1.0e-04,,,3.6
3546,27.72,20.8369,179.7058,62.6641,0.5784,1.0e-04,,,3.5
3547,26.29,19.5361,206.7938,59.3940,0.5764,1.0e-04,,,3.5
3548,26.00,19.3530,171.6756,56.9973,0.5844,1.0e-04,,,3.5
3549,26.62,20.0439,163.5549,55.7799,0.5789,1.0e-04,,,3.5
3550,28.24,21.3057,182.3725,56.4575,0.5835,1.0e-04,28.41,0.51,3.6
3551,26.51,19.9009,195.4999,56.7745,0.5791,1.0e-04,,,3.5
3552,27.09,20.3975,182.0159,59.8958,0.5806,1.0e-04,,,3.6
3553,26.13,19.6172,182.5047,57.3424,0.5797,1.0e-04,,,3.5
3554,26.08,19.4517,166.5767,57.4348,0.5802,1.0e-04,,,3.5
3555,26.75,19.9556,181.6536,57.6440,0.5802,1.0e-04,,,3.5
3556,27.41,20.6948,161.2617,56.7604,0.5845,1.0e-04,,,3.6
3557,28.46,21.8228,169.8386,58.0300,0.5787,1.0e-04,,,3.6
3558,25.42,19.1304,185.2197,59.4801,0.5741,1.0e-04,,,3.5
3559,26.70,20.4575,180.5821,62.0408,0.5804,1.0e-04,,,3.6
3560,25.65,19.5840,204.7813,58.1136,0.5635,1.0e-04,26.05,0.31,3.5
3561,25.60,19.6533,176.7483,54.6932,0.5734,1.0e-04,,,3.6
3562,27.04,20.7822,179.8729,55.9688,0.5679,1.0e-04,,,3.6
3563,28.59,22.0005,164.3935,57.1025,0.5809,1.0e-04,,,3.6
3564,27.17,20.8271,164.5117,52.6536,0.5762,1.0e-04,,,3.6
3565,26.75,20.5591,150.6069,58.9429,0.5703,1.0e-04,,,3.5
3566,26.76,20.3154,167.0732,57.5951,0.5825,1.0e-04,,,3.6
3567,26.80,20.4834,167.6724,57.2772,0.5754,1.0e-04,,,3.5
3568,26.49,20.1455,179.7522,58.3995,0.5769,1.0e-04,,,3.5
3569,26.07,19.7153,162.6121,54.7527,0.5785,1.0e-04,,,3.5
3570,27.46,21.0322,171.7426,60.0156,0.5690,1.0e-04,27.20,0.36,3.6
3571,27.64,21.2559,157.6825,58.7005,0.5705,1.0e-04,,,3.5
3572,26.85,20.6626,182.2546,57.5190,0.5745,1.0e-04,,,3.5
3573,26.54,20.2261,208.6918,55.0000,0.5719,1.0e-04,,,3.5
3574,27.84,21.2812,181.1689,57.4661,0.5782,1.0e-04,,,3.5
3575,26.17,19.8618,176.0088,54.3234,0.5750,1.0e-04,,,3.5
3576,28.86,22.0117,181.2109,60.7175,0.5704,1.0e-04,,,3.6
3577,26.69,20.0151,173.4824,54.2228,0.5788,1.0e-04,,,3.5
3578,26.89,20.2324,151.9610,58.0755,0.5809,1.0e-04,,,3.5
3579,26.81,20.2578,153.9755,56.0435,0.5784,1.0e-04,,,3.5
3580,27.09,20.5356,158.1145,59.3099,0.5790,1.0e-04,27.78,0.44,3.6
3581,26.19,19.8315,165.2546,56.5245,0.5659,1.0e-04,,,3.6
3582,27.60,21.1680,185.4735,55.3490,0.5668,1.0e-04,,,3.5
3583,26.18,19.7036,182.0410,53.6223,0.5751,1.0e-04,,,3.6
3584,26.93,19.9761,155.6913,56.7917,0.5710,1.0e-04,,,3.6
3585,26.48,19.4668,156.0664,52.5707,0.5758,1.0e-04,,,3.5
3586,26.82,19.7993,168.4651,54.9457,0.5807,1.0e-04,,,3.5
3587,26.58,19.5117,162.3726,52.0516,0.5695,1.0e-04,,,3.5
3588,26.97,20.0010,168.0390,54.1849,0.5758,1.0e-04,,,3.5
3589,26.98,20.1060,161.3702,54.1484,0.5785,1.0e-04,,,3.5
3590,26.69,19.8721,172.3438,52.3696,0.5776,1.0e-04,28.45,0.51,3.5
3591,26.65,19.9307,153.1430,56.3587,0.5796,1.0e-04,,,3.5
3592,28.30,21.4160,149.6300,54.7275,0.5767,1.0e-04,,,3.5
3593,27.63,20.9043,175.7412,58.5833,0.5835,1.0e-04,,,3.5
3594,25.89,19.0713,168.9534,56.8913,0.5804,1.0e-04,,,3.5
3595,26.45,19.6587,164.3155,53.3940,0.5816,1.0e-04,,,3.5
3596,26.98,20.2412,160.8039,57.1849,0.5763,1.0e-04,,,3.6
3597,26.35,19.5703,169.4403,59.0788,0.5832,1.0e-04,,,3.5
3598,27.03,20.3438,158.3888,57.6042,0.5815,1.0e-04,,,3.6
3599,27.82,21.1387,162.7250,56.7292,0.5819,1.0e-04,,,3.5
3600,26.94,20.2666,163.4927,57.4010,0.5742,1.0e-04,27.41,0.45,3.5
3601,27.21,20.6392,152.2359,55.4844,0.5802,1.0e-04,,,3.5
3602,26.34,19.5947,180.4426,53.1630,0.5808,1.0e-04,,,3.5
3603,26.84,20.0640,158.6644,53.4620,0.5827,1.0e-04,,,3.5
3604,26.75,20.2290,169.1112,54.6522,0.5758,1.0e-04,,,3.5
3605,27.47,20.8164,152.0671,54.7083,0.5833,1.0e-04,,,3.6
3606,27.24,20.7271,162.5396,59.9609,0.5765,1.0e-04,,,3.5
3607,26.55,20.1064,189.0073,57.2500,0.5711,1.0e-04,,,3.5
3608,26.77,20.4053,178.8498,56.5217,0.5718,1.0e-04,,,3.5
3609,27.06,20.6689,179.6463,54.9844,0.5786,1.0e-04,,,3.5
3610,26.89,20.5117,175.1764,57.4511,0.5725,1.0e-04,27.10,0.44,3.5
3611,26.99,20.4155,178.5158,59.0573,0.5791,1.0e-04,,,3.5
3612,26.50,20.0981,184.6232,55.7935,0.5760,1.0e-04,,,3.6
3613,26.89,20.3374,187.1680,58.7057,0.5662,1.0e-04,,,3.5
3614,28.20,21.6885,163.4864,59.6975,0.5752,1.0e-04,,,3.7
3615,27.68,21.2681,169.8006,56.3125,0.5689,1.0e-04,,,3.6
3616,26.76,20.3623,160.5908,55.8016,0.5723,1.0e-04,,,3.5
3617,27.23,20.5225,167.9219,63.0078,0.5752,1.0e-04,,,3.6
3618,27.32,20.6514,190.9577,62.3125,0.5691,1.0e-04,,,3.6
3619,26.83,20.3281,170.3666,59.8696,0.5700,1.0e-04,,,3.5
3620,26.75,20.3687,192.1849,61.2717,0.5741,1.0e-04,27.16,0.41,3.5
3621,27.52,20.9927,167.3852,57.7500,0.5735,1.0e-04,,,3.6
3622,26.97,20.5220,204.5723,60.8229,0.5700,1.0e-04,,,3.5
3623,25.88,19.6914,191.7335,56.6506,0.5642,1.0e-04,,,3.5
3624,27.35,20.7671,175.0793,62.6823,0.5708,1.0e-04,,,3.6
3625,28.82,22.0942,169.3911,64.2850,0.5725,1.0e-04,,,3.5
3626,26.28,19.8765,191.6342,59.6630,0.5730,1.0e-04,,,3.5
3627,28.64,21.8354,185.8815,63.4350,0.5773,1.0e-04,,,3.5
3628,28.08,21.5532,188.3138,60.2450,0.5760,1.0e-04,,,3.5
3629,26.77,20.3149,187.6430,59.4158,0.5764,1.0e-04,,,3.5
3630,27.33,20.5854,195.8934,59.3177,0.5781,1.0e-04,28.60,0.50,3.5
3631,27.00,20.2607,204.5146,60.8802,0.5773,1.0e-04,,,3.6
3632,27.65,20.8052,186.6424,60.3516,0.5759,1.0e-04,,,3.5
3633,27.23,20.4932,193.7731,58.9453,0.5699,1.0e-04,,,3.5
3634,26.04,19.7134,183.1540,58.3424,0.5712,1.0e-04,,,3.5
3635,27.96,21.2515,181.7307,59.4350,0.5753,1.0e-04,,,3.5
3636,28.42,21.6011,187.4461,62.9975,0.5620,1.0e-04,,,3.5
3637,28.23,21.6035,178.2442,63.3300,0.5664,1.0e-04,,,3.6
3638,27.15,20.8921,220.2151,65.7786,0.5550,1.0e-04,,,3.6
3639,26.56,20.4141,202.7562,64.2609,0.5730,1.0e-04,,,3.5
3640,26.43,20.1113,202.3775,66.9457,0.5599,1.0e-04,27.00,0.40,3.5
3641,27.12,20.6660,221.7712,64.7005,0.5610,1.0e-04,,,3.6
3642,27.94,21.5234,188.5743,61.7875,0.5604,1.0e-04,,,3.6
3643,26.40,20.1846,206.2225,60.8397,0.5601,1.0e-04,,,3.6
3644,27.13,20.8545,214.8179,58.0365,0.5554,1.0e-04,,,3.5
3645,26.91,20.4434,194.3603,57.4974,0.5714,1.0e-04,,,3.5
3646,27.57,21.0894,198.5538,64.1953,0.5632,1.0e-04,,,3.8
3647,27.92,21.4766,183.5863,60.7975,0.5618,1.0e-04,,,3.6
3648,27.36,21.0957,191.0871,61.8984,0.5612,1.0e-04,,,3.5
3649,27.00,20.5938,180.9863,59.1016,0.5618,1.0e-04,,,3.5
3650,28.14,21.6631,187.3972,64.1825,0.5600,1.0e-04,26.49,0.32,3.5
3651,27.04,20.9648,202.2329,60.8646,0.5602,1.0e-04,,,3.5
3652,25.97,20.0684,207.0927,55.2011,0.5549,1.0e-04,,,3.5
3653,26.00,20.1450,188.5428,60.3288,0.5367,1.0e-04,,,3.5
3654,26.49,20.4800,177.3288,54.7038,0.5498,1.0e-04,,,3.5
3655,26.68,20.6387,187.3039,55.0136,0.5492,1.0e-04,,,3.5
3656,26.43,20.2524,181.8235,60.3641,0.5653,1.0e-04,,,3.5
3657,28.58,22.1567,174.3189,59.3800,0.5583,1.0e-04,,,3.5
3658,26.57,20.3042,176.6318,58.4239,0.5576,1.0e-04,,,3.5
3659,26.76,20.2661,185.3846,56.3641,0.5591,1.0e-04,,,3.5
3660,27.17,20.6636,190.7005,59.6510,0.5619,1.0e-04,27.26,0.40,3.6
3661,27.82,21.3159,177.2147,61.6979,0.5600,1.0e-04,,,3.6
3662,27.78,21.2222,179.9649,58.3724,0.5612,1.0e-04,,,3.6
3663,26.79,20.3926,178.9875,63.2011,0.5598,1.0e-04,,,3.6
3664,27.27,21.0596,187.1761,62.1719,0.5468,1.0e-04,,,3.5
3665,26.71,20.3994,196.4938,60.8397,0.5586,1.0e-04,,,3.5
3666,26.71,20.5557,199.5021,62.4511,0.5486,1.0e-04,,,3.6
3667,27.07,20.8809,185.3959,59.3073,0.5503,1.0e-04,,,3.6
3668,28.40,21.8389,201.2495,57.6350,0.5609,1.0e-04,,,3.6
3669,26.09,19.6357,169.4785,58.9049,0.5615,1.0e-04,,,3.6
3670,26.12,19.8413,200.0887,58.8424,0.5615,1.0e-04,28.38,0.42,3.5
3671,26.28,19.9463,171.4169,54.0842,0.5609,1.0e-04,,,3.5
3672,27.69,21.2197,166.1996,59.1328,0.5674,1.0e-04,,,3.5
3673,26.94,20.4136,183.6399,60.1771,0.5660,1.0e-04,,,3.5
3674,26.64,20.2261,189.9255,61.2473,0.5620,1.0e-04,,,3.5
3675,25.50,18.9634,186.8044,59.1278,0.5583,1.0e-04,,,3.5
3676,28.55,21.5952,191.7540,60.4600,0.5656,1.0e-04,,,3.5
3677,27.45,20.6807,189.1388,59.7604,0.5647,1.0e-04,,,3.5
3678,26.76,19.9854,183.7929,61.4701,0.5604,1.0e-04,,,3.5
3679,26.42,19.9839,206.6945,59.0326,0.5557,1.0e-04,,,3.5
3680,27.72,21.0532,181.7651,62.1875,0.5591,1.0e-04,28.02,0.43,3.5
3681,27.45,20.8833,193.9147,60.6693,0.5537,1.0e-04,,,3.6
3682,26.80,20.4199,201.0479,58.0109,0.5714,1.0e-04,,,3.6
3683,27.35,21.0415,178.6970,58.7344,0.5614,1.0e-04,,,3.6
3684,26.24,19.9014,162.4226,60.7962,0.5548,1.0e-04,,,3.6
3685,27.45,21.0903,166.1352,59.6667,0.5575,1.0e-04,,,3.6
3686,28.51,22.0215,184.8494,60.0250,0.5552,1.0e-04,,,3.6
3687,27.97,21.7261,179.0332,57.6700,0.5504,1.0e-04,,,3.6
3688,26.14,20.0161,193.1412,57.7147,0.5579,1.0e-04,,,3.6
3689,27.02,20.4995,177.5225,62.1927,0.5585,1.0e-04,,,3.6
3690,25.87,19.7231,199.0842,60.9716,0.5579,1.0e-04,27.36,0.38,3.5
3691,26.42,20.1699,209.8669,59.2255,0.5637,1.0e-04,,,3.6
3692,27.29,20.8896,203.9443,60.1016,0.5564,1.0e-04,,,3.6
3693,27.56,21.1865,194.3324,60.1016,0.5593,1.0e-04,,,3.6
3694,28.09,21.5039,184.0967,64.2750,0.5624,1.0e-04,,,3.6
3695,27.93,21.6299,188.5365,63.4675,0.5560,1.0e-04,,,3.6
3696,25.42,19.1562,212.7076,57.0398,0.5562,1.0e-04,,,3.5
3697,26.33,19.8838,204.4515,58.8560,0.5636,1.0e-04,,,3.5
3698,28.20,21.7031,185.4932,60.2400,0.5645,1.0e-04,,,3.6
3699,27.45,21.0503,195.8223,58.4349,0.5642,1.0e-04,,,3.5
3700,26.24,19.9644,217.8040,58.1413,0.5605,1.0e-04,27.87,0.40,3.5
3701,27.62,21.1504,189.5077,58.5000,0.5586,1.0e-04,,,3.5
3702,25.78,19.6079,181.4824,57.6960,0.5550,1.0e-04,,,3.5
3703,27.97,21.6152,179.7033,62.1750,0.5622,1.0e-04,,,3.6
3704,27.49,21.2485,170.4128,59.6719,0.5562,1.0e-04,,,3.5
3705,26.48,20.2227,205.8760,62.4321,0.5526,1.0e-04,,,3.5
3706,26.51,20.2524,180.1973,58.6848,0.5591,1.0e-04,,,3.6
3707,26.86,20.6646,189.4943,56.6603,0.5535,1.0e-04,,,3.8
3708,27.54,21.1699,182.7880,60.5234,0.5563,1.0e-04,,,3.6
3709,27.55,20.9673,187.3988,60.0938,0.5558,1.0e-04,,,3.6
3710,26.57,20.1860,164.2137,57.7717,0.5580,1.0e-04,27.21,0.37,3.6
3711,27.18,20.8564,196.6593,59.1693,0.5529,1.0e-04,,,3.6
3712,26.77,20.5645,179.2281,55.8152,0.5612,1.0e-04,,,3.6
3713,26.61,20.1602,170.4432,56.0489,0.5625,1.0e-04,,,3.6
3714,28.01,21.2017,155.3649,54.8850,0.5769,1.0e-04,,,3.6
3715,27.45,20.7939,177.6549,57.9557,0.5661,1.0e-04,,,3.6
3716,26.89,20.2056,184.4133,58.4348,0.5644,1.0e-04,,,3.5
3717,28.04,21.4482,177.6419,57.8200,0.5593,1.0e-04,,,3.5
3718,27.25,20.6865,191.8622,60.1276,0.5630,1.0e-04,,,3.6
3719,27.35,20.7627,170.8844,57.8984,0.5582,1.0e-04,,,3.5
3720,26.51,20.2212,192.4152,57.6005,0.5617,1.0e-04,27.41,0.39,3.5
3721,26.35,20.1025,181.2627,58.6033,0.5585,1.0e-04,,,3.5
3722,28.90,22.3691,174.6556,60.4000,0.5594,1.0e-04,,,3.5
3723,27.09,20.8213,179.7964,57.6667,0.5653,1.0e-04,,,3.5
3724,27.21,20.9829,179.3871,59.6510,0.5583,1.0e-04,,,3.5
3725,25.94,19.7686,205.0107,59.8043,0.5531,1.0e-04,,,3.5
3726,27.07,20.9395,192.2550,62.8490,0.5548,1.0e-04,,,3.5
3727,27.24,20.7861,213.9143,60.9792,0.5662,1.0e-04,,,3.5
3728,27.40,21.0327,182.8843,63.8021,0.5523,1.0e-04,,,3.5
3729,26.80,20.6523,190.6384,61.1658,0.5483,1.0e-04,,,3.5
3730,27.11,20.9028,186.7618,60.8958,0.5556,1.0e-04,27.32,0.34,3.6
3731,27.58,21.3330,198.1142,60.3438,0.5536,1.0e-04,,,3.6
3732,27.10,20.9922,197.7845,58.7786,0.5570,1.0e-04,,,3.6
3733,26.09,20.0522,193.8319,58.4891,0.5520,1.0e-04,,,3.6
3734,27.38,21.0967,174.2886,59.9479,0.5636,1.0e-04,,,3.6
3735,26.82,20.4795,192.3429,57.3560,0.5637,1.0e-04,,,3.6
3736,26.61,20.3540,188.9541,58.6603,0.5548,1.0e-04,,,3.6
3737,28.28,21.8267,191.8971,59.3950,0.5615,1.0e-04,,,3.6
3738,26.63,20.5366,201.9838,61.7038,0.5492,1.0e-04,,,3.5
3739,28.58,21.9790,161.1135,60.7850,0.5511,1.0e-04,,,3.6
3740,28.16,21.6475,220.5628,58.0875,0.5557,1.0e-04,27.57,0.43,3.5
3741,25.97,19.6377,203.8799,58.1821,0.5589,1.0e-04,,,3.5
3742,26.73,20.4214,177.9839,60.8668,0.5559,1.0e-04,,,3.5
3743,26.68,20.3340,210.7486,63.0000,0.5497,1.0e-04,,,3.5
3744,27.82,21.4385,195.5924,61.7188,0.5451,1.0e-04,,,3.5
3745,26.62,20.4185,193.6240,60.8207,0.5561,1.0e-04,,,3.5
3746,27.01,20.9492,181.9644,60.8490,0.5390,1.0e-04,,,3.5
3747,26.20,20.3633,201.2713,60.9973,0.5372,1.0e-04,,,3.5
3748,26.17,20.3696,230.4748,59.8614,0.5358,1.0e-04,,,3.5
3749,28.73,22.7397,176.7493,59.8325,0.5323,1.0e-04,,,3.5
3750,26.89,20.9214,212.3948,62.8043,0.5379,1.0e-04,26.65,0.33,3.5
3751,26.67,20.5996,214.6081,64.6929,0.5427,1.0e-04,,,3.5
3752,26.30,20.1182,189.5912,63.1413,0.5435,1.0e-04,,,3.5
3753,27.26,21.0508,203.7278,65.2578,0.5308,1.0e-04,,,3.6
3754,28.19,22.0249,199.5949,63.6250,0.5384,1.0e-04,,,3.6
3755,26.55,20.4834,206.0985,64.0598,0.5526,1.0e-04,,,3.6
3756,26.10,20.0381,219.2858,62.1060,0.5446,1.0e-04,,,3.6
3757,26.84,20.7573,225.0719,64.5489,0.5386,1.0e-04,,,3.6
3758,26.05,20.0039,226.4948,63.9158,0.5416,1.0e-04,,,3.5
3759,27.88,21.3887,191.5227,63.6125,0.5577,1.0e-04,,,3.6
3760,26.97,20.7549,207.6414,61.0234,0.5487,1.0e-04,26.87,0.36,3.5
3761,27.26,21.0801,206.2353,61.6927,0.5430,1.0e-04,,,3.5
3762,27.71,21.2969,208.3920,62.0286,0.5588,1.0e-04,,,3.6
3763,27.21,20.8696,201.1389,62.9036,0.5507,1.0e-04,,,3.6
3764,26.38,20.1768,191.8343,60.0543,0.5540,1.0e-04,,,3.5
3765,26.04,19.7139,200.5451,64.6658,0.5607,1.0e-04,,,3.5
3766,26.44,19.9678,237.3806,61.2147,0.5644,1.0e-04,,,3.5
3767,26.92,20.4702,202.0745,60.0104,0.5633,1.0e-04,,,3.5
3768,28.40,21.9136,173.6638,59.6025,0.5696,1.0e-04,,,3.5
3769,26.95,20.6104,191.9134,58.6953,0.5601,1.0e-04,,,3.5
3770,27.82,21.3506,159.8244,57.5990,0.5639,1.0e-04,28.41,0.45,3.5
3771,27.45,20.9263,184.3793,58.7214,0.5586,1.0e-04,,,3.5
3772,27.20,20.7139,183.8392,60.8698,0.5586,1.0e-04,,,3.6
3773,27.05,20.7104,188.7469,55.5885,0.5497,1.0e-04,,,3.6
3774,26.52,20.0454,169.2714,58.3723,0.5581,1.0e-04,,,3.5
3775,27.61,20.9102,185.1621,55.5781,0.5728,1.0e-04,,,3.6
3776,26.93,20.5366,183.3987,56.1354,0.5641,1.0e-04,,,3.6
3777,27.24,20.7432,169.7791,56.3984,0.5602,1.0e-04,,,3.6
3778,27.80,21.0044,158.5820,59.7786,0.5664,1.0e-04,,,3.5
3779,25.90,19.1021,165.6592,54.1141,0.5602,1.0e-04,,,3.5
3780,27.22,20.4536,193.0494,58.8359,0.5598,1.0e-04,28.19,0.51,3.5
3781,27.32,20.7109,182.2857,54.7839,0.5587,1.0e-04,,,3.5
3782,27.44,20.8540,163.0481,58.3568,0.5644,1.0e-04,,,3.5
3783,26.72,20.1167,166.0173,56.5462,0.5615,1.0e-04,,,3.5
3784,25.70,19.1777,183.3541,53.3267,0.5656,1.0e-04,,,3.5
3785,26.07,19.4106,171.0950,57.2745,0.5710,1.0e-04,,,3.5
3786,28.69,21.8071,178.5491,62.7025,0.5721,1.0e-04,,,3.5
3787,27.35,20.5522,195.4527,59.7708,0.5709,1.0e-04,,,3.5
3788,26.65,19.8037,183.8125,57.8832,0.5626,1.0e-04,,,3.5
3789,28.78,21.7837,170.2260,60.0900,0.5683,1.0e-04,,,3.6
3790,27.23,20.7197,173.4228,63.5391,0.5626,1.0e-04,27.41,0.42,3.5
3791,27.29,20.8242,188.1486,54.8125,0.5559,1.0e-04,,,3.5
3792,28.40,21.8296,196.4639,62.4150,0.5559,1.0e-04,,,3.6
3793,26.30,19.8032,177.4405,59.7038,0.5666,1.0e-04,,,3.6
3794,27.02,20.1631,199.0272,62.6198,0.5623,1.0e-04,,,3.6
3795,26.95,20.3110,202.4913,59.5885,0.5660,1.0e-04,,,3.5
3796,27.28,20.6562,197.1809,57.6250,0.5623,1.0e-04,,,3.5
3797,26.98,20.3501,173.9470,59.7682,0.5677,1.0e-04,,,3.5
3798,27.07,20.5254,178.8381,55.3828,0.5631,1.0e-04,,,3.5
3799,28.13,21.3867,169.6272,61.8325,0.5659,1.0e-04,,,3.6
3800,27.92,21.2920,180.7607,61.9075,0.5630,1.0e-04,28.31,0.48,3.6
3801,26.41,19.8188,183.3655,57.9918,0.5646,1.0e-04,,,3.6
3802,28.04,21.3657,180.0658,62.8900,0.5606,1.0e-04,,,3.6
3803,27.14,20.6592,194.6616,60.7083,0.5635,1.0e-04,,,3.6
3804,27.83,21.2402,193.2646,61.4557,0.5621,1.0e-04,,,3.6
3805,27.60,20.9990,184.3907,61.3464,0.5651,1.0e-04,,,3.6
3806,26.77,20.4053,180.7611,63.8098,0.5582,1.0e-04,,,3.5
3807,25.67,19.5249,211.5074,62.8778,0.5635,1.0e-04,,,3.5
3808,28.63,21.7231,170.1420,54.4650,0.5690,1.0e-04,,,3.6
3809,26.95,20.4507,180.7072,58.5911,0.5656,1.0e-04,,,3.5
3810,26.95,20.3179,170.6191,57.9193,0.5705,1.0e-04,27.95,0.49,3.5
3811,26.30,19.7427,213.4618,63.7391,0.5655,1.0e-04,,,3.5
3812,26.16,19.4849,186.5927,56.3315,0.5629,1.0e-04,,,3.5
3813,27.88,20.7754,189.9296,59.9010,0.5668,1.0e-04,,,3.6
3814,27.13,20.1089,188.2260,59.7578,0.5569,1.0e-04,,,3.6
3815,27.13,20.3257,184.3609,59.7214,0.5625,1.0e-04,,,3.6
3816,26.66,19.9233,180.4516,60.4266,0.5646,1.0e-04,,,3.7
3817,26.95,20.2568,179.5184,59.6250,0.5647,1.0e-04,,,3.6
3818,26.75,20.2295,175.8192,59.5897,0.5689,1.0e-04,,,3.5
3819,28.12,21.3008,172.5896,62.5100,0.5643,1.0e-04,,,3.5
3820,26.56,19.7554,203.3415,58.4810,0.5667,1.0e-04,28.28,0.51,3.5
3821,28.88,21.8955,182.1375,61.1075,0.5622,1.0e-04,,,3.5
3822,27.19,20.4980,203.8649,56.2630,0.5670,1.0e-04,,,3.5
3823,27.31,20.4399,180.0823,54.0729,0.5695,1.0e-04,,,3.6
3824,26.46,19.6958,166.3184,56.7609,0.5758,1.0e-04,,,3.5
3825,27.36,20.4946,164.6391,60.5729,0.5697,1.0e-04,,,3.5
3826,25.68,18.9863,169.6400,55.3608,0.5673,1.0e-04,,,3.5
3827,27.96,21.0337,164.0833,61.3475,0.5679,1.0e-04,,,3.6
3828,28.12,21.0894,162.3061,58.7575,0.5707,1.0e-04,,,3.5
3829,27.78,20.9385,196.4990,60.3516,0.5697,1.0e-04,,,3.5
3830,28.28,21.1948,161.4962,58.7625,0.5703,1.0e-04,27.48,0.46,3.6
3831,27.79,21.0503,182.3963,58.1641,0.5726,1.0e-04,,,3.5
3832,27.12,20.5229,183.2363,58.3880,0.5691,1.0e-04,,,3.6
3833,27.36,20.8647,152.6473,57.9766,0.5733,1.0e-04,,,3.5
3834,27.84,21.3481,175.5406,57.6641,0.5687,1.0e-04,,,3.6
3835,28.43,21.7754,177.7375,65.0425,0.5658,1.0e-04,,,3.6
3836,28.23,21.4707,186.0969,62.9825,0.5690,1.0e-04,,,3.6
3837,26.74,20.2192,189.9705,57.8478,0.5685,1.0e-04,,,3.6
3838,27.21,20.4727,192.9974,62.1406,0.5768,1.0e-04,,,3.6
3839,27.25,20.5659,173.8304,58.8672,0.5803,1.0e-04,,,3.6
3840,26.47,19.9727,170.4300,55.3071,0.5793,1.0e-04,27.88,0.50,3.6
3841,26.50,19.9106,160.3102,58.2446,0.5758,1.0e-04,,,3.6
3842,27.84,21.0225,174.1757,57.8776,0.5753,1.0e-04,,,3.6
3843,28.15,21.5542,175.2537,60.3350,0.5663,1.0e-04,,,3.6
3844,26.90,20.5747,170.7466,61.8464,0.5677,1.0e-04,,,3.6
3845,26.07,19.7173,173.6645,56.6630,0.5714,1.0e-04,,,3.5
3846,27.12,20.4365,187.9508,58.5000,0.5741,1.0e-04,,,3.5
3847,26.55,19.6973,184.9340,56.4375,0.5742,1.0e-04,,,3.5
3848,27.77,20.9219,163.1090,60.1016,0.5706,1.0e-04,,,3.5
3849,27.58,20.9453,166.9553,57.6250,0.5708,1.0e-04,,,3.5
3850,27.33,20.8574,161.4788,57.8516,0.5665,1.0e-04,28.05,0.43,3.6
3851,26.15,19.8652,182.6968,60.9130,0.5629,1.0e-04,,,3.5
3852,28.80,22.2539,190.4654,62.4425,0.5617,1.0e-04,,,3.5
3853,25.83,19.6035,177.5155,60.0483,0.5601,1.0e-04,,,3.5
3854,26.91,20.5220,200.3316,61.2214,0.5595,1.0e-04,,,3.5
3855,26.79,20.4185,198.9176,59.8723,0.5723,1.0e-04,,,3.5
3856,26.22,19.5508,185.7590,61.6549,0.5790,1.0e-04,,,3.5
3857,27.00,20.4287,182.7686,60.4427,0.5759,1.0e-04,,,3.6
3858,27.77,20.8862,197.1504,59.0443,0.5681,1.0e-04,,,3.6
3859,27.22,20.5166,193.0941,59.8854,0.5640,1.0e-04,,,3.6
3860,27.46,21.0176,181.8630,61.8411,0.5626,1.0e-04,27.85,0.44,3.6
3861,27.24,20.7007,203.1485,62.6146,0.5652,1.0e-04,,,3.6
3862,27.38,20.8174,192.6975,64.2422,0.5650,1.0e-04,,,3.6
3863,26.00,19.4233,182.9333,55.0353,0.5732,1.0e-04,,,3.6
3864,27.23,20.5703,174.8661,58.5781,0.5724,1.0e-04,,,3.6
3865,29.00,22.1597,182.7309,62.4255,0.5685,1.0e-04,,,3.6
3866,26.62,20.1235,183.7014,60.1087,0.5794,1.0e-04,,,3.6
3867,25.92,19.3081,195.0691,60.6304,0.5698,1.0e-04,,,3.5
3868,27.66,20.8477,169.0167,58.1901,0.5714,1.0e-04,,,3.5
3869,28.40,21.6069,176.3645,63.3400,0.5766,1.0e-04,,,3.5
3870,27.46,20.9355,198.6549,60.8932,0.5693,1.0e-04,28.19,0.53,3.5
3871,25.90,19.2300,214.5540,58.6875,0.5685,1.0e-04,,,3.5
3872,27.76,21.0269,191.2794,58.1901,0.5597,1.0e-04,,,3.6
3873,26.70,19.9331,179.6438,57.5652,0.5671,1.0e-04,,,3.5
3874,27.55,20.6729,179.5096,59.0052,0.5699,1.0e-04,,,3.5
3875,26.38,19.7158,175.4771,55.6821,0.5721,1.0e-04,,,3.5
3876,27.91,20.8003,163.8816,58.5000,0.5741,1.0e-04,,,3.6
3877,26.13,19.3804,170.2842,58.9701,0.5676,1.0e-04,,,3.5
3878,27.29,20.4189,159.6847,55.6172,0.5736,1.0e-04,,,3.5
3879,27.78,21.0283,167.9930,59.1094,0.5697,1.0e-04,,,3.5
3880,27.85,21.1362,162.2039,60.4688,0.5690,1.0e-04,28.20,0.50,3.5
3881,27.18,20.4561,184.1090,59.1823,0.5667,1.0e-04,,,3.6
3882,27.37,20.7510,201.1572,57.4479,0.5708,1.0e-04,,,3.6
3883,27.47,20.6816,170.4393,59.9453,0.5688,1.0e-04,,,3.6
3884,27.33,20.5723,179.4612,56.6198,0.5727,1.0e-04,,,3.6
3885,27.00,20.2769,164.2020,56.7760,0.5751,1.0e-04,,,3.6
3886,27.19,20.4097,169.0293,57.2188,0.5751,1.0e-04,,,3.6
3887,27.45,20.8828,158.6666,58.1693,0.5756,1.0e-04,,,3.6
3888,27.09,20.5015,172.2699,57.1901,0.5730,1.0e-04,,,3.6
3889,26.41,19.9478,174.0848,58.2609,0.5730,1.0e-04,,,3.6
3890,27.25,20.6436,176.4165,58.7422,0.5775,1.0e-04,27.66,0.40,3.5
3891,29.37,22.6763,159.1002,59.6250,0.5770,1.0e-04,,,3.5
3892,26.95,20.5542,155.8681,58.5495,0.5737,1.0e-04,,,3.5
3893,26.96,20.5522,184.2966,61.2500,0.5628,1.0e-04,,,3.6
3894,26.58,20.3232,199.6963,58.3804,0.5655,1.0e-04,,,3.5
3895,26.64,20.3154,192.1613,61.4103,0.5720,1.0e-04,,,3.5
3896,26.90,20.5557,186.3771,60.0625,0.5703,1.0e-04,,,3.5
3897,25.52,19.1353,203.1429,59.6790,0.5680,1.0e-04,,,3.5
3898,27.33,20.8091,198.6135,58.4010,0.5754,1.0e-04,,,3.5
3899,26.92,20.5293,194.7430,56.7422,0.5721,1.0e-04,,,3.5
3900,26.13,19.9326,176.8321,52.2337,0.5678,1.0e-04,26.91,0.39,3.5
3901,25.50,19.2607,186.3568,56.2585,0.5647,1.0e-04,,,3.5
3902,28.10,21.6416,188.5068,61.0050,0.5684,1.0e-04,,,3.6
3903,26.98,20.7065,180.9036,57.9453,0.5687,1.0e-04,,,3.5
3904,26.54,20.0464,170.7774,56.2745,0.5814,1.0e-04,,,3.5
3905,27.32,20.7607,163.2732,56.7292,0.5729,1.0e-04,,,3.6
3906,26.90,20.5190,181.1427,58.0924,0.5635,1.0e-04,,,3.5
3907,28.03,21.3506,176.7316,54.9825,0.5797,1.0e-04,,,3.8
3908,27.58,20.8901,169.9670,58.2656,0.5801,1.0e-04,,,3.6
3909,27.90,21.1655,174.0775,55.9844,0.5787,1.0e-04,,,3.6
3910,26.32,19.8301,171.5088,56.7391,0.5708,1.0e-04,27.06,0.43,3.6
3911,27.42,20.8462,155.6435,59.4010,0.5776,1.0e-04,,,3.6
3912,27.57,20.9033,166.6834,61.0260,0.5788,1.0e-04,,,3.5
3913,26.09,19.5957,163.9574,56.5625,0.5743,1.0e-04,,,3.5
3914,27.73,21.1606,156.9589,60.5208,0.5722,1.0e-04,,,3.6
3915,27.51,21.0332,173.3134,59.2500,0.5865,1.0e-04,,,3.6
3916,28.68,21.8931,156.7942,59.2550,0.5776,1.0e-04,,,3.6
3917,26.59,20.2993,192.2637,60.1603,0.5753,1.0e-04,,,3.5
3918,27.50,20.9600,189.0900,62.2240,0.5774,1.0e-04,,,3.6
3919,26.67,20.3179,175.0419,59.9538,0.5767,1.0e-04,,,3.5
3920,27.27,20.8145,176.1671,58.2917,0.5701,1.0e-04,27.00,0.42,3.6
3921,26.67,20.2471,169.3711,57.1902,0.5823,1.0e-04,,,3.5
3922,27.56,21.1621,191.5835,58.4219,0.5716,1.0e-04,,,3.5
3923,27.21,21.0103,184.7457,60.4688,0.5648,1.0e-04,,,3.5
3924,26.56,20.4194,196.8085,58.5516,0.5553,1.0e-04,,,3.5
3925,26.76,20.8032,190.3055,61.3587,0.5591,1.0e-04,,,3.5
3926,26.84,20.8784,206.1289,59.9674,0.5573,1.0e-04,,,3.5
3927,27.33,21.0835,161.6419,57.3958,0.5665,1.0e-04,,,3.6
3928,26.95,20.7490,184.5189,58.7266,0.5712,1.0e-04,,,3.5
3929,26.13,20.1514,193.9290,56.8913,0.5566,1.0e-04,,,3.5
3930,26.37,20.2285,200.1972,60.2745,0.5725,1.0e-04,26.81,0.34,3.5
3931,28.67,22.2759,185.5839,59.8400,0.5690,1.0e-04,,,3.6
3932,27.24,20.9990,200.4624,62.5052,0.5728,1.0e-04,,,3.6
3933,28.26,21.8286,178.9186,60.9800,0.5714,1.0e-04,,,3.6
3934,25.49,19.4829,212.0505,58.7273,0.5660,1.0e-04,,,3.5
3935,26.55,20.2632,170.9781,59.0272,0.5720,1.0e-04,,,3.5
3936,26.51,20.3643,179.5641,64.0272,0.5726,1.0e-04,,,3.5
3937,27.42,21.1855,188.0578,61.8333,0.5686,1.0e-04,,,3.5
3938,25.80,19.6948,193.3369,56.9517,0.5769,1.0e-04,,,3.5
3939,26.87,20.5757,200.6496,62.4348,0.5584,1.0e-04,,,3.5
3940,26.13,19.9009,187.3667,59.4103,0.5577,1.0e-04,27.53,0.45,3.6
3941,25.96,19.4683,198.0930,62.2174,0.5805,1.0e-04,,,3.5
3942,27.02,20.6016,184.2598,58.8776,0.5674,1.0e-04,,,3.6
3943,26.08,19.7261,185.4809,56.4647,0.5655,1.0e-04,,,3.5
3944,28.03,21.6470,190.7380,59.4625,0.5643,1.0e-04,,,3.5
3945,25.99,19.9653,192.4890,55.3967,0.5659,1.0e-04,,,3.5
3946,27.48,21.2021,195.6680,59.5260,0.5669,1.0e-04,,,3.6
3947,28.24,21.6460,168.9071,60.9125,0.5713,1.0e-04,,,3.6
3948,26.75,20.1455,184.0161,56.2201,0.5714,1.0e-04,,,3.5
3949,26.28,19.8687,182.8274,56.8125,0.5717,1.0e-04,,,3.5
3950,26.42,20.1396,170.0215,59.3913,0.5723,1.0e-04,26.58,0.34,3.5
3951,26.66,20.4902,189.0430,58.0516,0.5639,1.0e-04,,,3.5
3952,27.12,20.7192,187.1910,58.5521,0.5755,1.0e-04,,,3.6
3953,26.28,20.1860,206.4190,59.6332,0.5658,1.0e-04,,,3.5
3954,25.97,19.7949,176.4302,59.4022,0.5687,1.0e-04,,,3.5
3955,26.82,20.7612,197.6024,61.9022,0.5540,1.0e-04,,,3.5
3956,26.12,20.0547,209.7218,61.8152,0.5503,1.0e-04,,,3.5
3957,26.70,20.7642,203.7162,67.2717,0.5470,1.0e-04,,,3.5
3958,25.88,19.8350,192.4886,63.0795,0.5607,1.0e-04,,,3.5
3959,26.87,20.6279,194.2249,59.9891,0.5513,1.0e-04,,,3.5
3960,27.77,21.4536,191.3491,63.7891,0.5668,1.0e-04,27.60,0.39,3.5
3961,27.55,21.1748,182.3329,59.6250,0.5653,1.0e-04,,,3.5
3962,28.58,22.0474,177.2358,62.2700,0.5702,1.0e-04,,,3.5
3963,27.34,20.9082,206.8896,62.1667,0.5598,1.0e-04,,,3.5
3964,27.07,20.6445,200.1738,65.7318,0.5602,1.0e-04,,,3.5
3965,27.80,21.3027,233.4700,63.5547,0.5678,1.0e-04,,,3.6
3966,25.77,19.5288,220.8902,61.6023,0.5604,1.0e-04,,,3.5
3967,28.10,21.4292,198.9217,64.5325,0.5703,1.0e-04,,,3.6
3968,26.79,20.1616,202.8817,63.0761,0.5664,1.0e-04,,,3.5
3969,25.92,19.2549,193.7515,59.7092,0.5709,1.0e-04,,,3.5
3970,27.76,20.9873,184.9779,62.1771,0.5673,1.0e-04,27.96,0.47,3.6
3971,28.96,22.1099,188.7997,67.7933,0.5682,1.0e-04,,,3.6
3972,26.88,20.3672,187.5671,57.8424,0.5715,1.0e-04,,,3.5
3973,26.85,20.4932,198.7095,64.3098,0.5770,1.0e-04,,,3.5
3974,28.92,22.2368,195.9300,67.5865,0.5661,1.0e-04,,,3.6
3975,27.04,20.4688,188.9823,64.8750,0.5710,1.0e-04,,,3.6
3976,27.64,20.9600,189.6505,62.1120,0.5702,1.0e-04,,,3.5
3977,26.76,20.0557,195.0283,59.6495,0.5731,1.0e-04,,,3.5
3978,26.77,20.2427,179.7950,61.3016,0.5708,1.0e-04,,,3.5
3979,27.76,21.1460,201.8582,62.7474,0.5711,1.0e-04,,,3.5
3980,27.80,21.0796,184.5952,60.1172,0.5730,1.0e-04,28.64,0.52,3.5
3981,27.21,20.5225,197.6783,62.5729,0.5656,1.0e-04,,,3.5
3982,26.96,20.0742,183.1730,57.4583,0.5718,1.0e-04,,,3.5
3983,26.45,19.5796,199.0824,58.0462,0.5672,1.0e-04,,,3.5
3984,27.04,20.1963,184.5699,57.4062,0.5678,1.0e-04,,,3.5
3985,28.66,21.6299,183.8460,60.2775,0.5689,1.0e-04,,,3.5
3986,26.02,19.3940,189.0986,58.0543,0.5724,1.0e-04,,,3.6
3987,25.56,18.8032,187.7188,57.5824,0.5707,1.0e-04,,,3.5
3988,28.24,21.0435,174.3675,57.6625,0.5710,1.0e-04,,,3.6
3989,27.47,20.4023,179.0462,61.6745,0.5699,1.0e-04,,,3.5
3990,25.34,18.8755,175.5264,57.2301,0.5770,1.0e-04,28.33,0.45,3.5
3991,25.74,19.4033,178.0821,59.4716,0.5629,1.0e-04,,,3.6
3992,27.66,21.0083,195.3409,59.1328,0.5663,1.0e-04,,,3.6
3993,26.96,20.2402,186.6916,57.0885,0.5653,1.0e-04,,,3.6
3994,27.08,20.3647,187.3103,60.5755,0.5694,1.0e-04,,,3.6
3995,27.49,20.5923,202.2817,63.1589,0.5683,1.0e-04,,,3.6
3996,27.54,20.8281,195.6290,59.3307,0.5714,1.0e-04,,,3.5
3997,26.90,20.2559,194.8729,61.0326,0.5640,1.0e-04,,,3.5
3998,27.60,21.1274,174.7158,59.3073,0.5633,1.0e-04,,,3.6
3999,25.73,19.5391,210.5167,59.6875,0.5551,1.0e-04,,,3.5
4000,28.59,21.9263,170.4331,62.2575,0.5602,1.0e-04,27.72,0.44,3.6
4001,28.99,22.2705,170.3261,60.8293,0.5703,1.0e-04,,,3.6
4002,27.90,21.3662,187.7776,61.2448,0.5714,1.0e-04,,,3.5
4003,27.97,21.4829,195.3225,58.5950,0.5641,1.0e-04,,,3.6
4004,27.12,20.4980,172.9858,58.8646,0.5714,1.0e-04,,,3.5
4005,26.65,20.0991,165.6080,59.7364,0.5724,1.0e-04,,,3.5
4006,26.89,20.3936,191.7898,55.9293,0.5703,1.0e-04,,,3.5
4007,27.38,20.9341,169.4704,56.7865,0.5623,1.0e-04,,,3.5
4008,26.24,19.8735,184.8164,56.3478,0.5743,1.0e-04,,,3.5
4009,28.13,21.4961,163.0112,57.7250,0.5789,1.0e-04,,,3.6
4010,28.05,21.3896,165.1640,56.2300,0.5747,1.0e-04,27.68,0.42,3.6
4011,27.67,21.0620,169.1016,59.1458,0.5699,1.0e-04,,,3.6
4012,27.04,20.6089,170.6492,59.8464,0.5755,1.0e-04,,,3.6
4013,24.93,18.7939,179.8372,59.6960,0.5729,1.0e-04,,,3.6
4014,26.79,20.3516,174.5814,59.4212,0.5734,1.0e-04,,,3.6
4015,27.31,20.7617,170.6508,59.7188,0.5811,1.0e-04,,,3.6
4016,26.59,20.1538,180.5640,59.8913,0.5743,1.0e-04,,,3.6
4017,27.23,20.7944,180.9553,63.1380,0.5698,1.0e-04,,,3.6
4018,26.50,19.9971,201.7105,63.7745,0.5746,1.0e-04,,,3.6
4019,26.55,19.9785,187.0998,60.5598,0.5649,1.0e-04,,,3.6
4020,27.04,20.3569,169.7108,59.7448,0.5690,1.0e-04,28.16,0.50,3.6
4021,27.52,20.7627,174.2542,58.1953,0.5671,1.0e-04,,,3.6
4022,27.46,20.5278,155.9797,55.7083,0.5739,1.0e-04,,,3.5
4023,27.54,20.4468,176.2399,60.4479,0.5691,1.0e-04,,,3.5
4024,27.46,20.5742,195.2046,58.5651,0.5674,1.0e-04,,,3.6
4025,25.71,18.9287,192.0806,57.3580,0.5677,1.0e-04,,,3.5
4026,28.25,21.3560,149.8336,59.6750,0.5725,1.0e-04,,,3.6
4027,27.63,20.7891,194.3769,56.9297,0.5720,1.0e-04,,,3.5
4028,26.95,20.1704,178.6363,60.5000,0.5718,1.0e-04,,,3.5
4029,26.49,19.7871,175.6401,61.1712,0.5742,1.0e-04,,,3.5
4030,25.70,19.2056,192.1396,58.4233,0.5712,1.0e-04,28.03,0.55,3.5
4031,27.57,20.6084,186.4498,57.8099,0.5752,1.0e-04,,,3.5
4032,27.35,20.5645,172.4855,59.5156,0.5735,1.0e-04,,,3.5
4033,26.48,19.7158,203.0461,59.8207,0.5707,1.0e-04,,,3.5
4034,26.96,20.2822,194.7247,63.6172,0.5718,1.0e-04,,,3.6
4035,26.02,19.4321,177.4859,58.9783,0.5703,1.0e-04,,,3.5
4036,26.46,19.9736,176.0625,62.1250,0.5666,1.0e-04,,,3.6
4037,26.57,20.0737,205.9650,62.0815,0.5638,1.0e-04,,,3.6
4038,26.45,20.2617,194.1682,63.0190,0.5566,1.0e-04,,,3.6
4039,27.99,21.4331,220.4907,68.0100,0.5613,1.0e-04,,,3.6
4040,28.00,21.3354,197.4444,62.8325,0.5670,1.0e-04,28.45,0.47,3.6
4041,28.84,21.9536,218.0881,67.1050,0.5701,1.0e-04,,,3.6
4042,27.70,20.9180,193.7598,65.2578,0.5741,1.0e-04,,,3.6
4043,27.82,21.1885,196.3999,68.7708,0.5718,1.0e-04,,,3.6
4044,26.89,20.2847,201.9504,62.1458,0.5724,1.0e-04,,,3.6
4045,27.75,21.2056,197.7436,66.3333,0.5663,1.0e-04,,,3.6
4046,27.31,20.9404,209.5583,66.6250,0.5738,1.0e-04,,,3.6
4047,26.64,20.4375,213.4281,65.4429,0.5530,1.0e-04,,,3.6
4048,26.04,19.8223,231.1327,62.9429,0.5585,1.0e-04,,,3.5
4049,26.48,20.2603,217.2841,64.4728,0.5677,1.0e-04,,,3.5
4050,26.21,19.9805,225.7735,64.2690,0.5706,1.0e-04,27.26,0.37,3.5
4051,27.51,21.0898,203.9414,65.6771,0.5695,1.0e-04,,,3.5
4052,27.12,20.6250,206.4448,61.2240,0.5674,1.0e-04,,,3.5
4053,27.35,20.8184,195.0809,61.2969,0.5667,1.0e-04,,,3.5
4054,27.17,20.3936,218.9510,65.4896,0.5638,1.0e-04,,,3.5
4055,26.88,19.9985,198.2641,65.5234,0.5620,1.0e-04,,,3.5
4056,27.49,20.8491,221.4194,70.0365,0.5624,1.0e-04,,,3.5
4057,27.28,20.6162,195.5674,63.1979,0.5682,1.0e-04,,,3.5
4058,26.44,19.9932,184.4941,60.7962,0.5660,1.0e-04,,,3.5
4059,26.62,20.2734,196.0482,62.8614,0.5595,1.0e-04,,,3.6
4060,27.27,20.9551,208.2726,59.1745,0.5675,1.0e-04,27.55,0.36,3.6
4061,28.42,22.0391,223.8609,64.9300,0.5668,1.0e-04,,,3.6
4062,27.72,21.2227,210.7373,64.7266,0.5711,1.0e-04,,,3.6
4063,26.79,20.2417,222.0726,61.4429,0.5709,1.0e-04,,,3.6
4064,27.59,20.8789,199.6433,63.1875,0.5662,1.0e-04,,,3.6
4065,28.10,21.5049,210.1014,62.1525,0.5679,1.0e-04,,,3.6
4066,26.97,20.7207,200.5531,60.6120,0.5644,1.0e-04,,,3.6
4067,27.22,20.7603,197.7676,61.9635,0.5679,1.0e-04,,,3.6
4068,26.84,20.4746,209.8726,65.0462,0.5621,1.0e-04,,,3.6
4069,26.14,19.9517,194.3886,61.2690,0.5596,1.0e-04,,,3.5
4070,26.58,20.3247,192.3124,62.1168,0.5585,1.0e-04,27.59,0.36,3.5
4071,27.44,21.0825,181.6477,62.5130,0.5661,1.0e-04,,,3.6
4072,27.28,20.9556,209.6716,61.2578,0.5583,1.0e-04,,,3.5
4073,26.52,20.2227,216.8025,63.7446,0.5667,1.0e-04,,,3.5
4074,28.04,21.2925,176.0215,59.9100,0.5726,1.0e-04,,,3.6
4075,26.78,20.3901,176.1425,61.6603,0.5661,1.0e-04,,,3.5
4076,26.67,20.0698,201.6551,56.6766,0.5682,1.0e-04,,,3.5
4077,26.75,19.7788,194.6716,59.4158,0.5552,1.0e-04,,,3.5
4078,26.34,19.6060,168.2469,56.6386,0.5671,1.0e-04,,,3.5
4079,29.58,22.3101,172.3592,64.7909,0.5612,1.0e-04,,,3.6
4080,26.58,19.7783,186.6002,58.8424,0.5745,1.0e-04,28.40,0.45,3.5
4081,27.45,20.8647,177.9417,59.4010,0.5713,1.0e-04,,,3.5
4082,26.76,20.1504,213.4045,61.9429,0.5674,1.0e-04,,,3.6
4083,27.67,20.9302,182.3043,59.8568,0.5682,1.0e-04,,,3.6
4084,27.89,21.2930,182.6338,63.7839,0.5613,1.0e-04,,,3.6
4085,26.25,19.9541,199.0301,61.5109,0.5592,1.0e-04,,,3.6
4086,26.42,19.9937,175.1007,59.3071,0.5690,1.0e-04,,,3.6
4087,28.12,21.5186,174.5022,58.7875,0.5665,1.0e-04,,,3.6
4088,27.13,20.5806,170.2719,59.7734,0.5766,1.0e-04,,,3.6
4089,26.74,20.3179,165.1201,57.4266,0.5747,1.0e-04,,,3.6
4090,27.81,21.3306,176.3283,61.0677,0.5657,1.0e-04,27.76,0.43,3.6
4091,26.94,20.4961,206.8145,61.8438,0.5574,1.0e-04,,,3.6
4092,27.21,20.7871,194.7581,62.3385,0.5668,1.0e-04,,,3.5
4093,27.33,20.8911,193.1881,62.4714,0.5631,1.0e-04,,,3.6
4094,26.63,20.3379,181.1617,61.9022,0.5644,1.0e-04,,,3.5
4095,26.93,20.6211,200.4522,63.5833,0.5546,1.0e-04,,,3.6
4096,27.53,21.2798,203.6182,66.0573,0.5636,1.0e-04,,,3.5
4097,26.49,20.2275,191.3849,67.0734,0.5601,1.0e-04,,,3.5
4098,28.41,21.9282,190.7311,66.4925,0.5628,1.0e-04,,,3.5
4099,27.38,20.9868,196.3528,65.7474,0.5654,1.0e-04,,,3.5
4100,26.87,20.4653,209.5130,64.7962,0.5655,1.0e-04,27.59,0.42,3.7
4101,27.42,20.9336,206.4340,65.7812,0.5715,1.0e-04,,,3.5
4102,25.54,19.3286,221.8788,62.1790,0.5637,1.0e-04,,,3.5
4103,28.01,21.3208,183.9935,65.6200,0.5619,1.0e-04,,,3.5
4104,26.79,20.3145,203.6274,59.8370,0.5712,1.0e-04,,,3.5
4105,27.16,20.9927,179.0283,64.1250,0.5652,1.0e-04,,,3.5
4106,27.54,21.2925,205.5166,61.8776,0.5590,1.0e-04,,,3.5
4107,27.08,20.9302,193.7948,63.8281,0.5558,1.0e-04,,,3.5
4108,26.74,20.3691,203.6062,59.3533,0.5649,1.0e-04,,,3.5
4109,25.99,19.7568,184.1320,61.1304,0.5673,1.0e-04,,,3.6
4110,26.44,19.9482,183.2975,59.3723,0.5713,1.0e-04,27.63,0.52,3.6
4111,27.45,20.5933,197.6522,62.0911,0.5698,1.0e-04,,,3.6
4112,27.35,20.7104,187.9546,62.3750,0.5732,1.0e-04,,,3.6
4113,27.45,20.7441,194.8291,63.2865,0.5766,1.0e-04,,,3.6
4114,27.54,20.6323,184.7286,61.3177,0.5710,1.0e-04,,,3.6
4115,27.48,20.7290,179.0702,59.7057,0.5744,1.0e-04,,,3.6
4116,28.12,21.2261,183.8852,61.5400,0.5685,1.0e-04,,,3.6
4117,25.84,19.0391,194.0569,57.5924,0.5662,1.0e-04,,,3.5
4118,25.63,19.0854,179.3288,56.5568,0.5767,1.0e-04,,,3.5
4119,27.25,20.5244,175.0442,61.4948,0.5781,1.0e-04,,,3.5
4120,27.36,20.5928,174.1429,61.9661,0.5809,1.0e-04,27.91,0.50,3.5
4121,25.50,19.0200,193.4476,59.9773,0.5714,1.0e-04,,,3.5
4122,28.54,21.5112,178.0833,60.0350,0.5754,1.0e-04,,,3.5
4123,27.66,20.9507,167.8255,55.8125,0.5761,1.0e-04,,,3.5
4124,26.32,19.7812,178.3069,62.6603,0.5830,1.0e-04,,,3.5
4125,27.75,21.1704,183.0781,59.2318,0.5806,1.0e-04,,,3.5
4126,27.43,20.9219,178.5941,60.8724,0.5718,1.0e-04,,,3.5
4127,27.89,21.4795,190.2922,62.4625,0.5747,1.0e-04,,,3.6
4128,25.55,19.1792,211.8421,60.8409,0.5739,1.0e-04,,,3.5
4129,25.79,19.6460,179.3746,62.5909,0.5779,1.0e-04,,,3.5
4130,26.77,20.4385,183.0885,64.4701,0.5762,1.0e-04,28.18,0.42,3.5
4131,26.86,20.3901,199.6765,58.4266,0.5760,1.0e-04,,,3.5
4132,26.27,20.0142,203.1248,57.2255,0.5725,1.0e-04,,,3.6
4133,27.34,20.9565,198.7070,62.3438,0.5636,1.0e-04,,,3.6
4134,27.21,20.8203,193.2173,67.1797,0.5728,1.0e-04,,,3.6
4135,26.77,20.6030,196.4299,65.3043,0.5664,1.0e-04,,,3.6
4136,28.12,21.6211,191.5794,63.6625,0.5625,1.0e-04,,,3.6
4137,26.73,20.3657,194.2722,61.4511,0.5709,1.0e-04,,,3.5
4138,28.85,22.2739,177.1539,62.8775,0.5686,1.0e-04,,,3.6
4139,26.85,20.5820,197.2469,66.0245,0.5610,1.0e-04,,,3.5
4140,26.25,20.1079,189.5398,57.3641,0.5697,1.0e-04,27.95,0.41,3.5
4141,26.26,19.9385,209.4662,57.2228,0.5713,1.0e-04,,,3.5
4142,26.59,20.3525,185.8883,60.2174,0.5685,1.0e-04,,,3.5
4143,26.55,20.3110,198.0418,60.7799,0.5634,1.0e-04,,,3.5
4144,25.99,19.8091,181.2288,56.5000,0.5653,1.0e-04,,,3.5
4145,27.20,20.8066,175.0665,58.4818,0.5713,1.0e-04,,,3.5
4146,26.85,20.7437,207.6011,63.9505,0.5611,1.0e-04,,,3.5
4147,26.60,20.1963,204.4633,63.3859,0.5663,1.0e-04,,,3.5
4148,26.13,19.9087,208.0241,61.5000,0.5658,1.0e-04,,,3.5
4149,27.04,20.6514,220.1059,62.7839,0.5659,1.0e-04,,,3.6
4150,26.68,20.3682,196.0444,59.6522,0.5632,1.0e-04,27.74,0.40,3.5
4151,26.61,20.2461,199.1291,60.7717,0.5725,1.0e-04,,,3.5
4152,27.01,20.4443,195.3135,64.8984,0.5735,1.0e-04,,,3.6
4153,27.59,21.0723,181.4654,60.9792,0.5750,1.0e-04,,,3.5
4154,27.51,21.0396,202.3388,62.0964,0.5679,1.0e-04,,,3.5
4155,26.64,20.3071,182.5884,62.4457,0.5741,1.0e-04,,,3.5
4156,28.06,21.4004,196.4872,63.4600,0.5718,1.0e-04,,,3.6
4157,27.62,20.9253,215.2997,63.5286,0.5714,1.0e-04,,,3.6
4158,26.45,20.1187,194.6303,57.2310,0.5704,1.0e-04,,,3.6
4159,27.73,21.3623,184.2289,63.0885,0.5738,1.0e-04,,,3.5
4160,26.72,20.6528,193.5934,61.5679,0.5559,1.0e-04,27.11,0.35,3.5
4161,27.96,21.5488,182.6067,64.1250,0.5714,1.0e-04,,,3.5
4162,28.34,21.9204,194.5841,64.3425,0.5657,1.0e-04,,,3.6
4163,26.87,20.4482,180.2355,59.4565,0.5681,1.0e-04,,,3.6
4164,25.40,19.2690,195.5688,59.5540,0.5662,1.0e-04,,,3.5
4165,28.08,21.4785,200.1058,63.6675,0.5732,1.0e-04,,,3.5
4166,26.95,20.4937,191.8610,61.9036,0.5697,1.0e-04,,,3.5
4167,27.04,20.8076,194.8042,67.0000,0.5647,1.0e-04,,,3.6
4168,27.18,20.7651,197.5169,61.9635,0.5680,1.0e-04,,,3.5
4169,27.39,20.8267,189.6119,61.7943,0.5665,1.0e-04,,,3.5
4170,28.08,21.3862,193.4043,63.1925,0.5673,1.0e-04,27.97,0.48,3.5
4171,28.01,21.2627,194.4516,60.8525,0.5671,1.0e-04,,,3.5
4172,26.61,20.1489,186.4623,58.2582,0.5754,1.0e-04,,,3.5
4173,26.59,20.2954,186.2102,63.3560,0.5629,1.0e-04,,,3.5
4174,25.85,19.8022,214.3467,62.1648,0.5566,1.0e-04,,,3.5
4175,28.07,21.8979,206.5974,63.3775,0.5490,1.0e-04,,,3.6
4176,26.93,20.9902,212.4238,61.8668,0.5477,1.0e-04,,,3.5
4177,26.69,20.6987,207.0474,62.9348,0.5478,1.0e-04,,,3.5
4178,26.30,20.3994,217.3556,61.7609,0.5584,1.0e-04,,,3.5
4179,26.62,20.4888,213.3797,60.3342,0.5574,1.0e-04,,,3.5
4180,27.78,21.4756,178.4721,60.5599,0.5624,1.0e-04,27.42,0.40,3.6
4181,25.88,19.5806,216.7623,63.3040,0.5622,1.0e-04,,,3.6
4182,28.34,21.7598,196.8578,62.8050,0.5679,1.0e-04,,,3.6
4183,27.34,20.8198,187.0999,63.1458,0.5780,1.0e-04,,,3.6
4184,27.07,20.4956,168.9958,58.6120,0.5766,1.0e-04,,,3.6
4185,25.69,19.2510,229.8258,60.5028,0.5719,1.0e-04,,,3.5
4186,26.62,19.9243,198.3669,60.8723,0.5701,1.0e-04,,,3.5
4187,25.41,18.8804,205.8369,62.2188,0.5691,1.0e-04,,,3.5
4188,27.50,20.7568,201.8450,64.1068,0.5753,1.0e-04,,,3.5
4189,25.83,19.4980,186.4602,63.1506,0.5709,1.0e-04,,,3.5
4190,26.41,20.0688,197.7457,61.5462,0.5682,1.0e-04,28.38,0.46,3.5
4191,27.14,20.4873,213.8823,62.9193,0.5661,1.0e-04,,,3.6
4192,26.92,20.4561,207.7282,58.3542,0.5687,1.0e-04,,,3.5
4193,26.57,20.0771,195.0876,60.9266,0.5661,1.0e-04,,,3.5
4194,27.34,20.8647,226.3506,65.9740,0.5689,1.0e-04,,,3.6
4195,26.42,20.0034,196.5073,55.2745,0.5694,1.0e-04,,,3.5
4196,28.11,21.4028,176.6778,57.0350,0.5735,1.0e-04,,,3.6
4197,26.81,20.2505,176.6755,60.3424,0.5772,1.0e-04,,,3.5
4198,27.72,21.0762,176.2733,59.0234,0.5756,1.0e-04,,,3.6
4199,26.60,20.0527,174.5002,57.4293,0.5763,1.0e-04,,,3.5
4200,27.59,20.8228,159.4632,56.0234,0.5734,1.0e-04,28.46,0.48,3.5
4201,25.95,19.4141,181.1656,60.2446,0.5763,1.0e-04,,,3.5
4202,25.67,19.3062,197.5403,60.6733,0.5678,1.0e-04,,,3.5
4203,27.49,21.1558,191.4186,61.6016,0.5627,1.0e-04,,,3.6
4204,26.24,19.9780,187.4039,57.7745,0.5693,1.0e-04,,,3.5
4205,27.08,20.6069,200.8427,64.2135,0.5690,1.0e-04,,,3.5
4206,27.15,20.6416,192.5818,62.2005,0.5690,1.0e-04,,,3.6
4207,27.23,20.8955,196.3374,61.6979,0.5670,1.0e-04,,,3.6
4208,28.29,21.8208,197.9698,59.6575,0.5606,1.0e-04,,,3.6
4209,26.89,20.5547,208.5649,60.5408,0.5610,1.0e-04,,,3.5
4210,27.03,21.0635,218.4269,64.4896,0.5461,1.0e-04,26.22,0.30,3.5
4211,26.24,20.2637,220.6126,65.6087,0.5557,1.0e-04,,,3.5
4212,27.03,20.9575,201.5378,66.4479,0.5523,1.0e-04,,,3.5
4213,25.55,19.5322,221.5881,61.1960,0.5670,1.0e-04,,,3.6
4214,28.29,21.6724,214.1948,61.7650,0.5707,1.0e-04,,,3.6
4215,27.77,21.0566,217.3153,61.3750,0.5719,1.0e-04,,,3.6
4216,25.60,19.1743,200.8093,60.5511,0.5735,1.0e-04,,,3.5
4217,27.66,21.1299,173.5848,57.6719,0.5755,1.0e-04,,,3.6
4218,26.96,20.4707,180.4489,58.1068,0.5691,1.0e-04,,,3.5
4219,27.75,21.1777,181.5906,59.2396,0.5691,1.0e-04,,,3.6
4220,26.74,20.4546,208.3696,62.5109,0.5731,1.0e-04,27.94,0.41,3.5
4221,27.22,20.7256,189.7121,62.3828,0.5604,1.0e-04,,,3.5
4222,27.18,20.7471,208.6535,61.5052,0.5652,1.0e-04,,,3.5
4223,27.05,20.4731,205.0750,59.6979,0.5660,1.0e-04,,,3.5
4224,26.27,19.9507,193.7522,63.7663,0.5671,1.0e-04,,,3.5
4225,27.65,21.0605,194.9899,62.9948,0.5608,1.0e-04,,,3.6
4226,27.49,21.0098,203.7198,64.0651,0.5629,1.0e-04,,,3.6
4227,27.15,20.7222,191.6274,65.1458,0.5643,1.0e-04,,,3.5
4228,27.72,21.2949,188.9274,62.4818,0.5531,1.0e-04,,,3.6
4229,27.56,21.2363,190.4045,64.3490,0.5603,1.0e-04,,,3.6
4230,26.19,20.1138,217.3535,61.7636,0.5549,1.0e-04,27.33,0.32,3.5
4231,26.25,20.2222,205.2815,58.2500,0.5532,1.0e-04,,,3.5
4232,26.94,20.9902,198.2273,61.3620,0.5468,1.0e-04,,,3.5
4233,27.84,21.5044,189.1041,62.6068,0.5574,1.0e-04,,,3.5
4234,28.17,21.7222,175.2583,62.0375,0.5607,1.0e-04,,,3.6
4235,27.03,20.9492,168.5225,54.9688,0.5496,1.0e-04,,,3.9
4236,24.96,19.1328,212.7155,57.1477,0.5463,1.0e-04,,,3.5
4237,27.29,21.1660,169.5113,60.0026,0.5597,1.0e-04,,,3.6
4238,27.04,20.9478,173.3809,62.2057,0.5557,1.0e-04,,,3.5
4239,26.96,20.7241,178.4403,59.8854,0.5645,1.0e-04,,,3.5
4240,26.94,20.6421,174.8376,60.2161,0.5514,1.0e-04,27.50,0.34,3.5
4241,27.37,21.2104,200.3597,65.6172,0.5491,1.0e-04,,,3.5
4242,26.38,20.1318,195.4941,61.8261,0.5569,1.0e-04,,,3.5
4243,27.40,20.9658,199.9228,62.3958,0.5543,1.0e-04,,,3.5
4244,26.63,20.2559,187.4582,61.2609,0.5599,1.0e-04,,,3.5
4245,27.10,20.7495,190.3508,57.9349,0.5654,1.0e-04,,,3.5
4246,26.75,20.6265,191.3543,62.1793,0.5551,1.0e-04,,,3.5
4247,28.55,22.0840,172.7287,59.1350,0.5628,1.0e-04,,,3.5
4248,27.12,20.7334,178.8320,60.9193,0.5648,1.0e-04,,,3.5
4249,27.67,21.3511,176.7808,63.5156,0.5561,1.0e-04,,,3.5
4250,25.67,19.6074,201.8070,58.8835,0.5586,1.0e-04,27.37,0.39,3.5
4251,26.45,20.2256,193.1262,65.4130,0.5598,1.0e-04,,,3.5
4252,28.70,22.1733,206.6499,67.4525,0.5528,1.0e-04,,,3.6
4253,27.71,21.4434,177.2028,64.3359,0.5588,1.0e-04,,,3.6
4254,26.90,20.6885,208.4648,60.0781,0.5627,1.0e-04,,,3.5
4255,26.78,20.4644,197.2487,61.5870,0.5705,1.0e-04,,,3.6
4256,26.36,20.0503,212.4127,60.1793,0.5665,1.0e-04,,,3.6
4257,26.96,20.2271,202.4482,62.6771,0.5632,1.0e-04,,,3.6
4258,26.58,19.8848,160.5739,60.4348,0.5620,1.0e-04,,,3.6
4259,27.61,20.8755,193.6397,61.4453,0.5639,1.0e-04,,,3.6
4260,27.25,20.5371,185.4198,57.5339,0.5642,1.0e-04,28.17,0.47,3.5
4261,28.37,21.5249,172.2264,58.6775,0.5673,1.0e-04,,,3.6
4262,27.28,20.7007,161.5741,57.2318,0.5698,1.0e-04,,,3.5
4263,26.04,19.3330,180.1538,58.3804,0.5695,1.0e-04,,,3.6
4264,27.84,21.0938,165.1415,57.8828,0.5711,1.0e-04,,,3.6
4265,27.76,21.2344,173.3039,59.2266,0.5702,1.0e-04,,,3.5
4266,27.29,20.9429,187.4599,56.1458,0.5624,1.0e-04,,,3.5
4267,27.06,20.5488,180.7387,60.8073,0.5683,1.0e-04,,,3.5
4268,27.34,20.8984,183.9915,60.0052,0.5678,1.0e-04,,,3.5
4269,28.56,21.8062,171.4147,64.9850,0.5700,1.0e-04,,,3.6
4270,26.19,19.6289,200.5566,57.0027,0.5702,1.0e-04,27.43,0.49,3.5
4271,27.24,20.5825,181.2191,63.4766,0.5639,1.0e-04,,,3.5
4272,26.39,19.9146,181.1652,60.6739,0.5659,1.0e-04,,,3.5
4273,26.28,19.8677,190.3230,57.8098,0.5712,1.0e-04,,,3.5
4274,26.57,20.2725,173.3202,56.3641,0.5781,1.0e-04,,,3.5
4275,25.90,19.5889,167.5513,56.2557,0.5787,1.0e-04,,,3.5
4276,27.40,20.8574,176.1473,58.1302,0.5751,1.0e-04,,,3.5
4277,28.13,21.3062,164.7137,59.0775,0.5781,1.0e-04,,,3.5
4278,26.37,19.8584,171.5129,59.3342,0.5783,1.0e-04,,,3.5
4279,27.37,20.7349,170.7254,56.8438,0.5752,1.0e-04,,,3.6
4280,28.23,21.4224,174.4972,59.8850,0.5786,1.0e-04,28.12,0.51,3.6
4281,26.12,19.5825,169.1576,58.6359,0.5784,1.0e-04,,,3.6
4282,27.38,20.9043,173.6076,58.9062,0.5722,1.0e-04,,,3.6
4283,26.95,20.6548,176.2240,54.6354,0.5728,1.0e-04,,,3.6
4284,27.36,21.0215,170.1399,59.4115,0.5735,1.0e-04,,,3.6
4285,26.39,20.3257,172.9823,58.4402,0.5666,1.0e-04,,,3.5
4286,27.37,21.3896,203.8046,59.1667,0.5534,1.0e-04,,,3.5
4287,26.07,20.1582,198.9143,58.0734,0.5593,1.0e-04,,,3.6
4288,26.69,20.7510,175.5468,56.6033,0.5507,1.0e-04,,,3.6
4289,27.05,21.1450,187.8133,55.9896,0.5403,1.0e-04,,,3.5
4290,27.11,21.1597,176.0797,58.5260,0.5534,1.0e-04,26.29,0.34,3.6
4291,26.87,20.7432,184.7072,62.2908,0.5636,1.0e-04,,,3.5
4292,26.00,19.8545,196.2039,61.5245,0.5551,1.0e-04,,,3.5
4293,27.77,21.5488,178.8906,54.6979,0.5583,1.0e-04,,,3.5
4294,26.57,20.4575,189.2528,61.9647,0.5543,1.0e-04,,,3.5
4295,27.63,21.3921,202.6895,60.3021,0.5563,1.0e-04,,,3.5
4296,27.30,21.0430,194.1999,56.7266,0.5614,1.0e-04,,,3.5
4297,28.54,22.0786,164.8116,61.5900,0.5598,1.0e-04,,,3.5
4298,26.92,20.5454,185.4756,58.7917,0.5725,1.0e-04,,,3.5
4299,26.99,20.4790,174.9289,54.9635,0.5696,1.0e-04,,,3.5
4300,26.80,20.2314,171.7344,55.4022,0.5717,1.0e-04,27.98,0.51,3.5
4301,27.84,21.0454,182.2907,63.2682,0.5695,1.0e-04,,,3.6
4302,28.33,21.6318,163.8358,58.6525,0.5708,1.0e-04,,,3.6
4303,27.21,20.3232,189.6750,57.7682,0.5807,1.0e-04,,,3.6
4304,26.01,19.4194,179.8562,54.0571,0.5768,1.0e-04,,,3.6
4305,27.29,20.6499,157.8142,55.5651,0.5747,1.0e-04,,,3.6
4306,27.51,20.6978,177.2586,56.4323,0.5825,1.0e-04,,,3.6
4307,26.09,19.6060,167.1388,52.1739,0.5800,1.0e-04,,,3.6
4308,27.36,20.5244,180.2972,59.5703,0.5819,1.0e-04,,,3.6
4309,27.22,20.2930,177.9600,58.1693,0.5799,1.0e-04,,,3.6
4310,26.20,19.6001,166.3263,61.1005,0.5849,1.0e-04,28.35,0.52,3.6
4311,26.68,19.9702,183.2415,57.8995,0.5763,1.0e-04,,,3.5
4312,28.68,21.7207,167.1342,58.2775,0.5812,1.0e-04,,,3.6
4313,27.15,20.2749,171.0515,56.9010,0.5879,1.0e-04,,,3.5
4314,25.69,18.9722,155.6978,52.9403,0.5867,1.0e-04,,,3.5
4315,26.69,19.6851,170.6576,55.9484,0.5790,1.0e-04,,,3.5
4316,25.20,18.6582,157.9151,51.6080,0.5789,1.0e-04,,,3.5
4317,27.35,20.6709,156.3920,57.0365,0.5781,1.0e-04,,,3.6
4318,26.48,19.8687,164.6229,56.7174,0.5723,1.0e-04,,,3.5
4319,27.09,20.3672,169.4580,60.9922,0.5854,1.0e-04,,,3.5
4320,26.22,19.6685,179.2971,56.5027,0.5749,1.0e-04,28.47,0.44,3.5
4321,27.10,20.5654,179.9155,57.5312,0.5704,1.0e-04,,,3.5
4322,27.14,20.5513,159.8399,57.7578,0.5715,1.0e-04,,,3.5
4323,25.71,19.4746,172.6385,56.0455,0.5691,1.0e-04,,,3.5
4324,28.27,21.3716,201.6280,59.6400,0.5726,1.0e-04,,,3.6
4325,26.33,19.6289,169.5107,57.9728,0.5746,1.0e-04,,,3.5
4326,28.03,21.2930,174.1625,56.7025,0.5686,1.0e-04,,,3.6
4327,27.08,20.5884,162.3092,58.7031,0.5751,1.0e-04,,,3.6
4328,25.72,19.5522,191.3832,59.4233,0.5709,1.0e-04,,,3.5
4329,26.67,20.1367,183.8780,58.4457,0.5771,1.0e-04,,,3.6
4330,26.51,20.0508,205.1615,57.2092,0.5692,1.0e-04,28.08,0.43,3.6
4331,27.22,20.6816,176.0594,58.0312,0.5742,1.0e-04,,,3.6
4332,26.65,20.2241,177.8812,58.7527,0.5680,1.0e-04,,,3.5
4333,27.23,20.5586,177.9939,58.0391,0.5759,1.0e-04,,,3.6
4334,26.07,19.6733,177.7283,57.6495,0.5755,1.0e-04,,,3.5
4335,25.91,19.3818,178.0457,55.8315,0.5715,1.0e-04,,,3.5
4336,26.86,20.1289,179.3830,60.8940,0.5650,1.0e-04,,,3.5
4337,25.94,19.3867,171.1956,53.3967,0.5814,1.0e-04,,,3.5
4338,27.47,20.7900,181.2444,58.1094,0.5751,1.0e-04,,,3.6
4339,27.46,20.6655,194.1993,58.2474,0.5881,1.0e-04,,,3.6
4340,27.07,20.5645,174.4545,58.6432,0.5753,1.0e-04,27.91,0.44,3.5
4341,26.68,20.2290,171.8190,59.0462,0.5788,1.0e-04,,,3.5
4342,25.19,18.7993,183.7065,56.2244,0.5897,1.0e-04,,,3.5
4343,27.24,20.6343,189.0957,58.2318,0.5779,1.0e-04,,,3.5
4344,26.69,20.0850,150.9726,58.9212,0.5808,1.0e-04,,,3.5
4345,26.54,19.9141,173.1805,58.6495,0.5825,1.0e-04,,,3.5
4346,26.36,19.9351,187.6775,60.8098,0.5690,1.0e-04,,,3.5
4347,25.79,19.8110,175.3800,57.1960,0.5626,1.0e-04,,,3.5
4348,26.05,20.0112,186.9027,57.1495,0.5664,1.0e-04,,,3.5
4349,27.61,21.2974,153.9707,60.2161,0.5568,1.0e-04,,,3.5
4350,26.49,20.3823,170.8338,57.4647,0.5681,1.0e-04,27.39,0.38,3.5
4351,26.54,20.3354,178.1532,60.5217,0.5592,1.0e-04,,,3.5
4352,27.26,20.6455,167.4154,59.6042,0.5740,1.0e-04,,,3.6
4353,27.23,20.8242,193.0536,57.6953,0.5660,1.0e-04,,,3.6
4354,28.30,21.8242,185.9244,62.4375,0.5709,1.0e-04,,,3.6
4355,27.15,20.8359,216.8357,62.0755,0.5754,1.0e-04,,,3.6
4356,27.97,21.2261,184.2119,60.3125,0.5759,1.0e-04,,,3.6
4357,26.85,20.0034,214.7784,61.6250,0.5859,1.0e-04,,,3.6
4358,26.07,19.4678,190.0442,61.9130,0.5887,1.0e-04,,,3.6
4359,27.29,20.4307,190.9416,63.6094,0.5819,1.0e-04,,,3.5
4360,26.85,20.2271,192.5330,61.7228,0.5786,1.0e-04,27.15,0.38,3.5
4361,27.45,21.0518,204.3683,67.9531,0.5644,1.0e-04,,,3.5
4362,27.24,20.9907,186.0636,67.1797,0.5762,1.0e-04,,,3.5
4363,26.36,20.1836,204.7755,65.1957,0.5736,1.0e-04,,,3.5
4364,27.47,21.0732,181.7733,63.2292,0.5835,1.0e-04,,,3.5
4365,27.48,21.0874,196.8450,61.1797,0.5747,1.0e-04,,,3.5
4366,26.99,20.6558,213.1907,61.7031,0.5687,1.0e-04,,,3.5
4367,27.46,20.9761,197.3734,62.4792,0.5786,1.0e-04,,,3.5
4368,26.50,20.1919,198.3025,59.7582,0.5729,1.0e-04,,,3.5
4369,27.70,21.2412,182.5430,61.7656,0.5814,1.0e-04,,,3.5
4370,26.33,20.2847,185.8358,59.2418,0.5669,1.0e-04,27.48,0.35,3.5
4371,28.62,22.2085,188.0429,64.0225,0.5712,1.0e-04,,,3.6
4372,26.75,20.6948,197.5859,60.2745,0.5593,1.0e-04,,,3.5
4373,28.39,22.1318,184.5510,61.2825,0.5537,1.0e-04,,,3.6
4374,26.84,20.7842,199.0377,59.3668,0.5665,1.0e-04,,,3.5
4375,26.74,20.7207,186.0091,59.3234,0.5617,1.0e-04,,,3.5
4376,26.60,20.1982,198.1910,58.8098,0.5720,1.0e-04,,,3.5
4377,28.71,22.0659,208.7921,62.4300,0.5696,1.0e-04,,,3.6
4378,27.39,20.8403,194.8727,61.0339,0.5722,1.0e-04,,,3.6
4379,27.15,20.7339,176.2501,58.4844,0.5696,1.0e-04,,,3.6
4380,26.56,20.0981,211.0958,61.6929,0.5728,1.0e-04,28.14,0.45,3.6
4381,26.79,20.2686,181.5319,57.4728,0.5801,1.0e-04,,,3.6
4382,26.25,19.7964,179.6542,60.3342,0.5797,1.0e-04,,,3.5
4383,26.95,20.4614,179.3615,61.6510,0.5727,1.0e-04,,,3.5
4384,26.83,20.2202,194.8909,58.0625,0.5825,1.0e-04,,,3.5
4385,26.35,19.7656,175.7866,59.2473,0.5793,1.0e-04,,,3.6
4386,27.50,20.7764,199.1546,61.7943,0.5709,1.0e-04,,,3.6
4387,27.80,20.9829,191.1151,61.3125,0.5773,1.0e-04,,,3.5
4388,26.63,20.0566,195.6315,60.4076,0.5731,1.0e-04,,,3.5
4389,26.20,19.9014,175.2661,57.9701,0.5789,1.0e-04,,,3.5
4390,26.98,20.5747,161.7203,55.9766,0.5794,1.0e-04,28.43,0.48,3.5
4391,27.17,20.3770,182.2747,59.7865,0.5830,1.0e-04,,,3.5
4392,28.04,21.3540,172.8361,63.5975,0.5812,1.0e-04,,,3.6
4393,27.43,20.5796,183.1965,58.3984,0.5806,1.0e-04,,,3.5
4394,26.40,19.3701,163.9084,58.4321,0.5739,1.0e-04,,,3.5
4395,26.30,19.3428,172.5964,53.9457,0.5746,1.0e-04,,,3.5
4396,27.36,20.2793,152.1218,56.8568,0.5737,1.0e-04,,,3.6
4397,26.63,19.6567,176.2947,58.0842,0.5796,1.0e-04,,,3.5
4398,26.33,19.2295,170.9677,55.7826,0.5762,1.0e-04,,,3.5
4399,27.52,20.1421,167.7577,55.9453,0.5723,1.0e-04,,,3.6
4400,28.04,20.6660,158.9728,57.7325,0.5704,1.0e-04,27.68,0.66,3.5
4401,25.82,18.7246,158.7638,59.3920,0.5639,1.0e-04,,,4.0
4402,26.27,19.2529,177.1235,57.0652,0.5649,1.0e-04,,,3.5
4403,27.46,20.3296,180.0816,55.5651,0.5748,1.0e-04,,,3.5
4404,27.69,20.8496,153.6718,55.2786,0.5833,1.0e-04,,,3.5
4405,26.14,19.5464,159.4851,56.6087,0.5872,1.0e-04,,,3.5
4406,27.60,20.7778,171.3875,60.3203,0.5845,1.0e-04,,,3.6
4407,26.75,20.1675,154.0436,56.5136,0.5886,1.0e-04,,,3.5
4408,27.27,20.8076,161.0865,57.3646,0.5829,1.0e-04,,,3.5
4409,25.91,19.4189,170.7309,57.6196,0.5853,1.0e-04,,,3.6
4410,26.94,20.1714,167.9015,57.3151,0.5790,1.0e-04,27.66,0.61,3.5
4411,25.68,18.8252,150.4765,60.0114,0.5793,1.0e-04,,,3.5
4412,27.31,20.5352,148.6663,57.0026,0.5877,1.0e-04,,,3.5
4413,27.46,20.5308,173.9318,56.3021,0.5852,1.0e-04,,,3.6
4414,27.07,20.2261,149.1345,58.9115,0.5851,1.0e-04,,,3.6
4415,27.47,20.6377,171.0325,57.4792,0.5869,1.0e-04,,,3.5
4416,26.83,20.2539,170.1895,58.0571,0.5832,1.0e-04,,,3.6
4417,26.98,20.2983,145.0695,55.4583,0.5875,1.0e-04,,,3.5
4418,25.99,19.5874,170.1388,54.2418,0.5821,1.0e-04,,,3.5
4419,25.11,18.9800,180.8602,57.8693,0.5774,1.0e-04,,,3.5
4420,27.12,20.6626,172.0043,57.7526,0.5826,1.0e-04,27.21,0.43,3.6
4421,26.91,20.3945,177.9397,57.3152,0.5746,1.0e-04,,,3.5
4422,27.98,21.4766,179.8658,62.0225,0.5758,1.0e-04,,,3.6
4423,27.35,20.8643,178.3485,62.8802,0.5742,1.0e-04,,,3.5
4424,26.79,20.0684,186.8987,61.1766,0.5842,1.0e-04,,,3.5
4425,26.61,20.0137,184.8940,60.5951,0.5851,1.0e-04,,,3.5
4426,28.18,21.3843,167.6731,60.9425,0.5848,1.0e-04,,,3.6
4427,26.08,19.6162,183.9419,62.2908,0.5839,1.0e-04,,,3.5
4428,26.30,19.8242,185.8991,57.9293,0.5847,1.0e-04,,,3.5
4429,26.62,20.0181,198.3467,62.7527,0.5822,1.0e-04,,,3.5
4430,27.27,20.4316,166.4185,58.6849,0.5855,1.0e-04,27.69,0.56,3.6
4431,26.73,19.9092,188.6678,58.9701,0.5878,1.0e-04,,,3.5
4432,28.04,21.1484,182.9860,62.7950,0.5861,1.0e-04,,,3.5
4433,26.65,20.1147,174.7109,58.7092,0.5778,1.0e-04,,,3.5
4434,28.04,21.2637,173.0169,58.1250,0.5806,1.0e-04,,,3.5
4435,27.54,20.9512,180.3100,59.1484,0.5886,1.0e-04,,,3.6
4436,28.25,21.5757,178.6993,62.1850,0.5839,1.0e-04,,,3.6
4437,26.48,20.0674,174.6194,60.0408,0.5797,1.0e-04,,,3.6
4438,27.10,20.6030,180.8607,61.9375,0.5761,1.0e-04,,,3.6
4439,26.67,20.2510,201.9623,63.7092,0.5800,1.0e-04,,,3.6
4440,26.98,20.3906,187.0763,59.6432,0.5806,1.0e-04,27.16,0.39,3.5
4441,27.31,20.8975,188.6523,63.4323,0.5829,1.0e-04,,,3.5
4442,27.48,20.8979,194.1346,61.7630,0.5785,1.0e-04,,,3.5
4443,26.81,20.1528,186.4729,56.6902,0.5873,1.0e-04,,,3.5
4444,26.95,20.1919,164.6029,57.1823,0.5893,1.0e-04,,,3.5
4445,26.77,20.4956,178.6812,55.8288,0.5836,1.0e-04,,,3.5
4446,26.29,20.2676,191.8858,55.1875,0.5819,1.0e-04,,,3.5
4447,27.57,21.3848,164.3861,54.9297,0.5734,1.0e-04,,,3.5
4448,26.07,19.7920,160.0061,53.7283,0.5823,1.0e-04,,,3.5
4449,27.36,20.7026,149.6449,55.3307,0.5912,1.0e-04,,,3.5
4450,26.55,20.1387,174.0795,56.9321,0.5824,1.0e-04,27.43,0.44,3.5
4451,27.17,20.6533,169.3409,57.9453,0.5881,1.0e-04,,,3.6
4452,27.08,20.6426,159.5287,55.6094,0.5853,1.0e-04,,,3.5
4453,26.07,19.9194,179.4249,57.9674,0.5768,1.0e-04,,,3.5
4454,27.32,20.7246,165.7607,56.9531,0.5853,1.0e-04,,,3.5
4455,26.15,19.6899,171.6201,56.2038,0.5825,1.0e-04,,,3.5
4456,26.27,19.8301,183.1480,55.0408,0.5842,1.0e-04,,,3.5
4457,27.93,21.2710,165.5895,57.2400,0.5850,1.0e-04,,,3.6
4458,25.59,19.0098,167.0736,56.4460,0.5805,1.0e-04,,,3.6
4459,27.49,20.6035,185.0579,55.3646,0.5874,1.0e-04,,,3.6
4460,28.23,21.5239,171.0996,60.4800,0.5808,1.0e-04,28.10,0.55,3.6
4461,27.16,20.2515,167.8898,54.4948,0.5870,1.0e-04,,,3.5
4462,26.83,19.9604,165.6441,52.4212,0.5877,1.0e-04,,,3.5
4463,27.39,20.5884,156.5885,56.8750,0.5886,1.0e-04,,,3.6
4464,26.26,19.4819,163.4312,57.1277,0.5890,1.0e-04,,,3.6
4465,27.54,20.7969,202.1711,62.4453,0.5863,1.0e-04,,,3.6
4466,27.04,20.1724,189.5890,65.2604,0.5916,1.0e-04,,,3.6
4467,25.37,18.8999,176.6619,58.5938,0.5862,1.0e-04,,,3.5
4468,26.98,20.3345,184.1966,60.3594,0.5941,1.0e-04,,,3.5
4469,26.18,19.6270,167.2918,60.4565,0.5886,1.0e-04,,,3.5
4470,27.39,20.6509,182.5028,54.8646,0.5932,1.0e-04,27.56,0.50,3.5
4471,27.28,20.6128,191.2040,65.8203,0.5874,1.0e-04,,,3.5
4472,27.07,20.4629,176.0189,61.1224,0.5925,1.0e-04,,,3.5
4473,26.10,19.6992,193.6721,55.2663,0.5906,1.0e-04,,,3.5
4474,28.01,21.3394,167.8494,60.9625,0.5881,1.0e-04,,,3.6
4475,26.53,19.8691,189.1281,56.9484,0.5884,1.0e-04,,,3.5
4476,26.50,20.0464,181.0611,58.9647,0.5764,1.0e-04,,,3.5
4477,27.12,20.6958,189.0033,59.5729,0.5815,1.0e-04,,,3.6
4478,26.87,20.3315,200.8844,62.7826,0.5842,1.0e-04,,,3.5
4479,26.39,20.0845,199.3423,58.0136,0.5818,1.0e-04,,,3.5
4480,26.87,20.6147,168.5217,62.7011,0.5866,1.0e-04,26.85,0.35,3.5
4481,26.74,20.4844,193.3238,61.9511,0.5828,1.0e-04,,,3.6
4482,27.55,21.1377,193.5298,60.9531,0.5750,1.0e-04,,,3.6
4483,27.69,21.3975,180.3699,60.6458,0.5709,1.0e-04,,,3.6
4484,26.76,20.5664,189.1356,61.6603,0.5720,1.0e-04,,,3.6
4485,27.71,21.4546,190.7914,59.4922,0.5619,1.0e-04,,,3.6
4486,27.72,21.4663,181.1511,56.3880,0.5697,1.0e-04,,,3.6
4487,27.05,20.7856,170.2533,57.9141,0.5718,1.0e-04,,,3.6
4488,27.91,21.5669,165.9052,59.9349,0.5765,1.0e-04,,,3.6
4489,26.53,20.3018,183.6215,59.2908,0.5683,1.0e-04,,,3.5
4490,26.94,20.6021,169.7052,61.0573,0.5788,1.0e-04,27.56,0.40,3.5
4491,27.73,21.2827,185.4441,61.6615,0.5765,1.0e-04,,,3.5
4492,26.24,19.8379,184.4841,61.6902,0.5772,1.0e-04,,,3.5
4493,27.43,20.8384,200.3808,58.8490,0.5754,1.0e-04,,,3.5
4494,28.37,21.5840,167.6647,57.3825,0.5802,1.0e-04,,,3.5
4495,25.34,19.0542,188.5821,59.2642,0.5670,1.0e-04,,,3.5
4496,25.83,19.7085,177.2009,55.8892,0.5723,1.0e-04,,,3.5
4497,28.03,21.7588,155.9055,55.3825,0.5609,1.0e-04,,,3.6
4498,26.12,20.0269,186.3454,58.4049,0.5660,1.0e-04,,,3.5
4499,26.54,20.3252,172.1483,57.3261,0.5761,1.0e-04,,,3.6
4500,26.19,19.9297,156.6571,55.6332,0.5699,1.0e-04,27.08,0.34,3.5
4501,26.78,20.5752,185.5766,60.3913,0.5711,1.0e-04,,,3.5
4502,25.76,19.5479,173.9040,56.5284,0.5806,1.0e-04,,,3.5
4503,27.12,20.7524,167.4818,57.1615,0.5754,1.0e-04,,,3.5
4504,28.19,21.8159,179.9351,55.3725,0.5751,1.0e-04,,,3.6
4505,28.19,21.6953,174.1826,57.2350,0.5795,1.0e-04,,,3.6
4506,27.04,20.6509,159.6896,58.2057,0.5793,1.0e-04,,,3.6
4507,27.49,21.2881,171.9519,57.7917,0.5716,1.0e-04,,,3.6
4508,26.36,20.0151,179.2290,58.5299,0.5797,1.0e-04,,,3.6
4509,27.72,21.1523,172.6699,56.7604,0.5721,1.0e-04,,,3.6
4510,26.46,20.1382,186.8964,55.2065,0.5756,1.0e-04,28.74,0.48,3.6
4511,26.58,19.9360,184.5773,58.1821,0.5844,1.0e-04,,,3.5
4512,27.38,20.8408,168.0055,58.6328,0.5704,1.0e-04,,,3.6
4513,28.01,21.3203,187.3915,61.4450,0.5793,1.0e-04,,,3.5
4514,26.78,20.4922,187.6651,60.9674,0.5709,1.0e-04,,,3.5
4515,27.06,20.5010,178.5470,59.0026,0.5752,1.0e-04,,,3.5
4516,26.23,19.6577,158.7934,55.7962,0.5784,1.0e-04,,,3.5
4517,26.85,20.2734,182.7320,57.7935,0.5805,1.0e-04,,,3.5
4518,26.72,20.1079,174.8421,56.1223,0.5883,1.0e-04,,,3.5
4519,25.98,19.3462,171.1109,59.7500,0.5864,1.0e-04,,,3.5
4520,27.00,20.3521,162.6822,57.7083,0.5853,1.0e-04,27.93,0.52,3.5
4521,27.36,20.6133,176.1357,54.9167,0.5854,1.0e-04,,,3.5
4522,26.32,19.7808,158.5998,58.2283,0.5813,1.0e-04,,,3.5
4523,26.20,19.8516,157.1934,56.1766,0.5772,1.0e-04,,,3.5
4524,26.76,20.4463,181.1101,61.3207,0.5729,1.0e-04,,,3.5
4525,27.04,20.6543,172.7389,57.3021,0.5802,1.0e-04,,,3.6
4526,26.31,19.9092,180.9556,59.3207,0.5815,1.0e-04,,,3.6
4527,27.39,20.7534,173.9428,60.7474,0.5810,1.0e-04,,,3.6
4528,26.07,19.9043,166.5739,57.3098,0.5735,1.0e-04,,,3.6
4529,27.01,20.4360,173.1147,59.0495,0.5712,1.0e-04,,,3.6
4530,26.62,20.4067,163.7846,55.2065,0.5723,1.0e-04,27.10,0.44,3.6
4531,26.64,20.2007,175.7970,56.9511,0.5831,1.0e-04,,,3.6
4532,26.33,19.8345,168.2729,60.3234,0.5746,1.0e-04,,,3.6
4533,26.95,20.2764,190.1845,57.8802,0.5766,1.0e-04,,,3.6
4534,25.64,19.1001,158.5513,58.3040,0.5748,1.0e-04,,,3.6
4535,26.64,20.3379,151.2417,52.2337,0.5791,1.0e-04,,,3.6
4536,27.93,21.5059,152.5545,58.8575,0.5645,1.0e-04,,,3.6
4537,27.80,21.1401,160.5140,57.5000,0.5782,1.0e-04,,,3.5
4538,26.91,20.5234,157.7350,56.5872,0.5729,1.0e-04,,,3.6
4539,26.67,20.4072,188.6735,57.4728,0.5701,1.0e-04,,,3.5
4540,27.28,20.8940,155.9879,56.3620,0.5812,1.0e-04,27.33,0.40,3.5
4541,26.51,20.1890,189.4038,57.7446,0.5730,1.0e-04,,,3.5
4542,27.19,20.6221,179.6421,61.7917,0.5786,1.0e-04,,,3.5
4543,28.10,21.2222,182.2271,62.3050,0.5830,1.0e-04,,,3.6
4544,27.56,20.7344,177.9238,62.6953,0.5829,1.0e-04,,,3.5
4545,26.56,19.9878,181.5062,60.4511,0.5846,1.0e-04,,,3.5
4546,26.95,20.2407,196.5491,57.6354,0.5822,1.0e-04,,,3.5
4547,25.85,19.1514,196.8926,61.7642,0.5831,1.0e-04,,,3.5
4548,26.97,20.2451,182.4387,59.2578,0.5778,1.0e-04,,,3.5
4549,27.01,20.2651,174.8115,60.7005,0.5841,1.0e-04,,,3.5
4550,27.25,20.4004,198.4208,60.4740,0.5834,1.0e-04,27.67,0.49,3.6
4551,27.73,20.8438,178.6196,58.5260,0.5768,1.0e-04,,,3.6
4552,27.54,20.8203,184.2326,61.2161,0.5781,1.0e-04,,,3.6
4553,28.06,21.4272,178.1970,59.8675,0.5775,1.0e-04,,,3.6
4554,26.39,19.9521,166.8132,56.7582,0.5772,1.0e-04,,,3.6
4555,27.80,21.1221,174.1026,62.2161,0.5795,1.0e-04,,,3.6
4556,25.93,19.4141,194.9904,59.3071,0.5770,1.0e-04,,,3.6
4557,27.61,20.9639,195.7671,62.6536,0.5801,1.0e-04,,,3.6
4558,26.93,20.2734,181.0660,64.0417,0.5754,1.0e-04,,,3.6
4559,24.78,18.2153,206.6424,60.2202,0.5765,1.0e-04,,,3.5
4560,26.50,19.7656,192.8017,60.0652,0.5741,1.0e-04,28.30,0.51,3.5
4561,26.33,19.7139,190.8690,57.2174,0.5772,1.0e-04,,,3.5
4562,27.01,20.3599,178.3482,60.8490,0.5725,1.0e-04,,,3.5
4563,27.64,20.8232,198.6293,60.4010,0.5796,1.0e-04,,,3.5
4564,26.54,19.8652,202.4537,60.6685,0.5829,1.0e-04,,,3.5
4565,26.41,19.7104,187.9138,59.3261,0.5766,1.0e-04,,,3.5
4566,27.06,20.4556,186.9009,61.3984,0.5749,1.0e-04,,,3.5
4567,27.94,21.3203,184.5239,65.1425,0.5750,1.0e-04,,,3.6
4568,27.17,20.4775,182.5211,60.1875,0.5803,1.0e-04,,,3.5
4569,27.60,21.0981,188.0480,63.1380,0.5758,1.0e-04,,,3.5
4570,26.82,20.5381,198.2994,62.7799,0.5674,1.0e-04,26.75,0.31,3.5
4571,26.42,20.3750,189.7023,60.7120,0.5688,1.0e-04,,,3.5
4572,26.78,20.6177,163.6622,58.9918,0.5718,1.0e-04,,,3.5
4573,26.64,20.4111,180.6586,62.9728,0.5724,1.0e-04,,,3.5
4574,25.99,19.5698,192.6521,62.3804,0.5771,1.0e-04,,,3.5
4575,27.19,20.5918,194.5984,59.2448,0.5766,1.0e-04,,,3.5
4576,27.00,20.3989,171.9669,57.8750,0.5691,1.0e-04,,,3.6
4577,27.26,20.6309,182.7985,57.7682,0.5759,1.0e-04,,,3.6
4578,26.53,20.1011,191.1661,58.3967,0.5786,1.0e-04,,,3.6
4579,26.51,19.8989,175.2169,55.4321,0.5822,1.0e-04,,,3.6
4580,27.88,21.0605,184.9142,64.0000,0.5806,1.0e-04,27.95,0.57,3.6
4581,28.00,20.9614,169.0111,60.3100,0.5822,1.0e-04,,,3.6
4582,26.90,20.0566,176.5843,61.9457,0.5768,1.0e-04,,,3.6
4583,26.89,20.1338,180.1289,61.2962,0.5702,1.0e-04,,,3.5
4584,27.67,21.0811,186.6270,58.6953,0.5759,1.0e-04,,,3.5
4585,26.07,19.4766,219.7843,60.3614,0.5737,1.0e-04,,,3.6
4586,26.98,20.3843,179.4296,57.4531,0.5758,1.0e-04,,,3.6
4587,26.69,19.9023,190.0737,57.8560,0.5770,1.0e-04,,,3.5
4588,24.25,17.9170,189.1561,55.6637,0.5782,1.0e-04,,,3.5
4589,26.80,20.2734,201.0422,61.8098,0.5801,1.0e-04,,,3.5
4590,27.89,21.0933,173.2458,62.1693,0.5783,1.0e-04,27.69,0.43,3.5
4591,28.14,21.5103,205.0896,58.4925,0.5755,1.0e-04,,,3.5
4592,26.79,20.4780,185.2133,59.7527,0.5787,1.0e-04,,,3.5
4593,27.75,21.1807,180.3789,62.1198,0.5736,1.0e-04,,,3.5
4594,26.92,20.1685,201.8329,62.2474,0.5801,1.0e-04,,,3.5
4595,27.70,20.7495,201.6880,58.5885,0.5746,1.0e-04,,,3.6
4596,26.80,20.1377,194.2564,63.2908,0.5814,1.0e-04,,,3.5
4597,26.78,20.1343,201.1568,65.0109,0.5720,1.0e-04,,,3.5
4598,26.78,20.0615,192.5243,64.0245,0.5697,1.0e-04,,,3.5
4599,26.24,19.4077,198.3142,61.4837,0.5759,1.0e-04,,,3.5
4600,26.32,19.3633,231.9964,60.0380,0.5746,1.0e-04,28.02,0.56,3.5
4601,25.24,18.5938,200.7229,60.2528,0.5804,1.0e-04,,,3.6
4602,27.19,20.4961,183.5797,64.2031,0.5761,1.0e-04,,,3.6
4603,27.61,20.9302,165.8586,60.0859,0.5860,1.0e-04,,,3.6
4604,26.85,20.0913,195.1718,61.9701,0.5790,1.0e-04,,,3.6
4605,28.20,21.2983,176.2155,57.0550,0.5790,1.0e-04,,,3.6
4606,25.90,19.4507,195.3267,58.1033,0.5723,1.0e-04,,,3.6
4607,27.83,21.1753,180.4217,59.0495,0.5745,1.0e-04,,,3.6
4608,26.52,19.9360,194.6017,63.3451,0.5779,1.0e-04,,,3.6
4609,28.26,21.4888,192.1588,62.8075,0.5741,1.0e-04,,,3.6
4610,27.23,20.7251,208.3529,61.6953,0.5731,1.0e-04,28.09,0.45,3.5
4611,26.87,20.3823,182.6358,64.3424,0.5725,1.0e-04,,,3.5
4612,28.30,21.6060,226.8960,67.6925,0.5638,1.0e-04,,,3.5
4613,27.49,20.8032,203.2712,60.7266,0.5775,1.0e-04,,,3.5
4614,27.44,20.6768,211.7428,62.9010,0.5777,1.0e-04,,,3.5
4615,28.63,22.0239,216.9011,63.6375,0.5673,1.0e-04,,,3.5
4616,27.50,21.0571,202.2782,66.2422,0.5732,1.0e-04,,,3.7
4617,27.06,20.6143,220.6158,67.1120,0.5744,1.0e-04,,,3.6
4618,28.19,21.6885,189.9768,61.4275,0.5718,1.0e-04,,,3.6
4619,26.74,20.2495,203.6937,62.2065,0.5837,1.0e-04,,,3.5
4620,28.01,21.2632,174.9615,62.2975,0.5786,1.0e-04,27.99,0.52,3.6
4621,27.54,20.7119,202.6397,63.4896,0.5754,1.0e-04,,,3.6
4622,28.02,21.2896,172.2423,62.0000,0.5788,1.0e-04,,,3.6
4623,25.58,19.1387,179.0159,57.3892,0.5834,1.0e-04,,,3.5
4624,27.30,20.4556,170.2950,60.5026,0.5818,1.0e-04,,,3.5
4625,27.34,20.5542,163.0607,57.1172,0.5795,1.0e-04,,,3.6
4626,27.08,20.6104,197.6495,59.9141,0.5824,1.0e-04,,,3.6
4627,25.66,19.2969,192.8823,58.7045,0.5884,1.0e-04,,,3.5
4628,27.25,20.6899,173.8475,62.6693,0.5808,1.0e-04,,,3.6
4629,27.34,20.6899,180.2822,58.8411,0.5802,1.0e-04,,,3.6
4630,26.73,19.9736,170.4261,60.2772,0.5850,1.0e-04,27.52,0.59,3.6
4631,27.31,20.2139,165.9485,56.0964,0.5796,1.0e-04,,,3.6
4632,26.72,19.7949,164.5830,57.8614,0.5796,1.0e-04,,,3.6
4633,27.14,20.3301,167.2260,59.3854,0.5815,1.0e-04,,,3.6
4634,26.98,20.1846,166.7040,55.8307,0.5821,1.0e-04,,,3.6
4635,26.51,19.8491,164.6590,58.0054,0.5754,1.0e-04,,,3.6
4636,26.43,19.6724,186.0275,55.3995,0.5747,1.0e-04,,,3.5
4637,28.36,21.5317,160.5836,53.9850,0.5836,1.0e-04,,,3.5
4638,26.46,19.7134,157.7507,56.0054,0.5771,1.0e-04,,,3.5
4639,26.19,19.1162,179.1088,57.0761,0.5790,1.0e-04,,,3.5
4640,26.87,19.8569,162.1766,55.9973,0.5806,1.0e-04,27.93,0.58,3.6
4641,26.86,19.9775,144.8900,54.8861,0.5825,1.0e-04,,,3.6
4642,27.30,20.5518,156.3588,58.2318,0.5924,1.0e-04,,,3.5
4643,27.62,20.9189,145.9222,54.5234,0.5880,1.0e-04,,,3.5
4644,26.63,20.0688,163.3096,58.1304,0.5885,1.0e-04,,,3.5
4645,27.17,20.4233,171.5966,55.5990,0.5828,1.0e-04,,,3.5
4646,27.44,20.5205,161.9430,56.0104,0.5918,1.0e-04,,,3.5
4647,25.20,18.7188,178.1258,59.0256,0.5893,1.0e-04,,,3.5
4648,27.35,20.5151,182.7266,58.8802,0.5845,1.0e-04,,,3.5
4649,27.29,20.6890,187.1212,57.5026,0.5811,1.0e-04,,,3.5
4650,26.15,19.5986,196.5661,60.8152,0.5781,1.0e-04,28.27,0.49,3.5
4651,26.28,19.6958,170.3651,54.6658,0.5876,1.0e-04,,,3.5
4652,27.15,20.6533,165.7448,56.9062,0.5773,1.0e-04,,,3.5
4653,27.73,20.8696,159.8316,58.0495,0.5821,1.0e-04,,,3.5
4654,27.92,21.0176,165.8336,58.9050,0.5846,1.0e-04,,,3.6
4655,27.32,20.5908,165.1237,57.6484,0.5862,1.0e-04,,,3.5
4656,27.55,20.9644,168.4797,55.8464,0.5767,1.0e-04,,,3.5
4657,26.28,19.7344,171.7156,59.5082,0.5771,1.0e-04,,,3.6
4658,26.76,20.3521,192.3636,56.1196,0.5704,1.0e-04,,,3.5
4659,26.50,19.8560,164.2956,54.5489,0.5841,1.0e-04,,,3.5
4660,26.99,20.3989,164.7296,55.9193,0.5759,1.0e-04,27.61,0.41,3.6
4661,27.47,20.9443,178.1156,60.2839,0.5732,1.0e-04,,,3.6
4662,26.72,20.4258,170.8722,59.1766,0.5744,1.0e-04,,,3.6
4663,27.40,21.0586,176.1001,60.0312,0.5770,1.0e-04,,,3.5
4664,27.77,21.4922,163.3725,64.8568,0.5673,1.0e-04,,,3.6
4665,26.21,20.1660,191.4242,58.0000,0.5709,1.0e-04,,,3.6
4666,25.06,19.2549,202.0010,56.1335,0.5594,1.0e-04,,,3.5
4667,26.43,20.3252,179.8412,58.8098,0.5675,1.0e-04,,,3.5
4668,26.73,20.4844,179.1947,59.0136,0.5654,1.0e-04,,,3.6
4669,25.09,19.2031,192.7997,55.0170,0.5695,1.0e-04,,,3.5
4670,27.07,20.6978,189.0836,57.3255,0.5674,1.0e-04,27.58,0.37,3.5
4671,26.42,20.2397,183.1324,61.3777,0.5712,1.0e-04,,,3.5
4672,27.19,20.6982,178.1305,61.4453,0.5780,1.0e-04,,,3.6
4673,28.45,21.8979,180.8017,60.5000,0.5824,1.0e-04,,,3.5
4674,27.68,21.4385,178.7696,61.6224,0.5716,1.0e-04,,,3.5
4675,25.36,19.3472,201.5731,56.1165,0.5665,1.0e-04,,,3.5
4676,25.99,20.0361,184.2987,61.6821,0.5660,1.0e-04,,,3.5
4677,25.50,19.2979,180.3711,57.0369,0.5680,1.0e-04,,,3.5
4678,27.61,21.0962,190.3545,63.9688,0.5783,1.0e-04,,,3.6
4679,25.71,19.3193,177.8145,60.5767,0.5799,1.0e-04,,,3.5
4680,28.20,21.7510,161.9898,57.8525,0.5781,1.0e-04,28.77,0.42,3.5
4681,26.39,20.0898,185.3654,62.1386,0.5739,1.0e-04,,,3.5
4682,26.77,20.2852,161.9398,55.8016,0.5829,1.0e-04,,,3.5
4683,27.45,20.8872,172.6527,57.2344,0.5847,1.0e-04,,,3.6
4684,26.18,19.6211,178.7012,57.3234,0.5788,1.0e-04,,,3.5
4685,26.82,20.1846,169.5323,56.5734,0.5848,1.0e-04,,,3.5
4686,26.65,20.1489,197.0242,59.2826,0.5748,1.0e-04,,,3.5
4687,27.68,21.2051,164.1948,57.1589,0.5743,1.0e-04,,,3.6
4688,26.21,19.8828,180.6878,61.3234,0.5762,1.0e-04,,,3.6
4689,26.96,20.4873,180.8228,58.7552,0.5763,1.0e-04,,,3.6
4690,26.96,20.4502,194.7069,67.5443,0.5828,1.0e-04,27.43,0.39,3.6
4691,27.78,21.3325,180.9425,62.8620,0.5727,1.0e-04,,,3.5
4692,27.22,20.9321,158.4491,62.5625,0.5683,1.0e-04,,,3.5
4693,28.54,21.8276,171.1887,59.6775,0.5726,1.0e-04,,,3.5
4694,27.74,21.2632,182.9593,63.9245,0.5715,1.0e-04,,,3.5
4695,26.74,20.4482,178.4439,62.1304,0.5783,1.0e-04,,,3.5
4696,26.97,20.5430,186.3245,59.1771,0.5825,1.0e-04,,,3.5
4697,26.64,20.1997,175.9248,58.5326,0.5717,1.0e-04,,,3.5
4698,27.10,20.7217,186.7342,59.9922,0.5775,1.0e-04,,,3.5
4699,25.81,19.6406,174.7115,60.7415,0.5783,1.0e-04,,,3.5
4700,26.26,20.1714,175.7624,55.7418,0.5700,1.0e-04,27.84,0.41,3.5
4701,27.81,21.3643,158.7757,55.4323,0.5781,1.0e-04,,,3.5
4702,28.22,21.8047,166.1366,59.1550,0.5632,1.0e-04,,,3.6
4703,27.43,21.1396,161.5008,56.0443,0.5797,1.0e-04,,,3.6
4704,27.34,21.0415,161.8607,58.1536,0.5754,1.0e-04,,,3.5
4705,26.09,19.7705,190.2796,57.4429,0.5683,1.0e-04,,,3.6
4706,27.78,21.4536,173.4182,63.0104,0.5637,1.0e-04,,,3.6
4707,27.10,21.0889,189.3009,58.8099,0.5665,1.0e-04,,,3.6
4708,26.15,20.0498,197.9874,57.2582,0.5630,1.0e-04,,,3.6
4709,27.19,21.3018,208.0705,55.8802,0.5466,1.0e-04,,,3.6
4710,25.42,19.4966,186.0689,59.2926,0.5617,1.0e-04,26.32,0.32,3.5
4711,26.77,20.7520,180.0493,60.5163,0.5667,1.0e-04,,,3.6
4712,28.03,21.7739,180.4495,61.0525,0.5564,1.0e-04,,,3.6
4713,26.81,20.6113,188.7168,60.4185,0.5678,1.0e-04,,,3.5
4714,27.19,20.9912,212.7935,59.6380,0.5608,1.0e-04,,,3.6
4715,26.03,19.9585,199.6947,56.9049,0.5621,1.0e-04,,,3.5
4716,25.46,19.5508,187.8113,54.9489,0.5650,1.0e-04,,,3.5
4717,27.15,20.9043,178.7575,61.8464,0.5726,1.0e-04,,,4.0
4718,27.55,21.1479,180.7761,58.9740,0.5709,1.0e-04,,,3.5
4719,26.51,20.2710,182.4537,58.6304,0.5778,1.0e-04,,,3.5
4720,26.41,20.0913,203.2975,59.5897,0.5707,1.0e-04,27.06,0.38,3.5
4721,25.38,19.3921,178.4794,58.5369,0.5644,1.0e-04,,,3.5
4722,26.78,20.3774,166.2753,61.6929,0.5754,1.0e-04,,,3.5
4723,26.81,20.1245,191.1362,60.7201,0.5748,1.0e-04,,,3.5
4724,27.55,20.8066,202.3510,62.0859,0.5777,1.0e-04,,,3.5
4725,27.16,20.3794,190.2923,59.0495,0.5845,1.0e-04,,,3.5
4726,25.22,18.7573,191.1335,57.7784,0.5806,1.0e-04,,,3.5
4727,26.64,20.2759,177.1615,59.7745,0.5879,1.0e-04,,,3.6
4728,26.94,20.3745,189.2784,58.9609,0.5849,1.0e-04,,,3.6
4729,26.43,19.9639,169.0926,57.8207,0.5823,1.0e-04,,,3.6
4730,27.70,21.0747,174.0351,57.5469,0.5800,1.0e-04,28.19,0.48,3.6
4731,26.28,19.7290,167.4776,56.5380,0.5831,1.0e-04,,,3.6
4732,26.53,19.8433,186.7619,57.0462,0.5882,1.0e-04,,,3.6
4733,27.28,20.5366,169.7503,60.0495,0.5827,1.0e-04,,,3.6
4734,26.50,19.7588,146.6989,53.6223,0.5853,1.0e-04,,,3.6
4735,26.69,19.8408,171.8537,58.8641,0.5846,1.0e-04,,,3.6
4736,27.23,20.4126,196.0236,60.0312,0.5806,1.0e-04,,,3.6
4737,26.35,19.7764,167.4654,57.0326,0.5831,1.0e-04,,,3.6
4738,27.27,20.5625,176.1468,60.4844,0.5764,1.0e-04,,,3.6
4739,27.18,20.5161,172.9886,61.5729,0.5780,1.0e-04,,,3.6
4740,26.32,19.8691,189.3243,61.9266,0.5719,1.0e-04,27.28,0.40,3.6
4741,27.33,20.8750,172.8946,58.0052,0.5748,1.0e-04,,,3.6
4742,26.48,20.1201,191.9624,57.9565,0.5795,1.0e-04,,,3.5
4743,27.52,20.9668,177.7883,65.6120,0.5772,1.0e-04,,,3.6
4744,27.39,20.7920,192.8809,61.8125,0.5789,1.0e-04,,,3.5
4745,27.32,20.7168,173.1245,63.5052,0.5775,1.0e-04,,,3.5
4746,26.69,20.1050,197.8752,61.0924,0.5815,1.0e-04,,,3.5
4747,26.61,20.1826,185.7019,63.9864,0.5784,1.0e-04,,,3.5
4748,28.48,21.6816,186.4538,62.0175,0.5777,1.0e-04,,,3.6
4749,28.67,21.8979,175.4737,62.2325,0.5770,1.0e-04,,,3.6
4750,26.90,20.4014,191.4968,59.9266,0.5715,1.0e-04,28.07,0.46,3.5
4751,27.49,20.8096,183.7321,57.9948,0.5760,1.0e-04,,,3.5
4752,27.70,21.1118,182.4043,59.3255,0.5721,1.0e-04,,,3.6
4753,27.22,20.6362,175.2661,60.1927,0.5782,1.0e-04,,,3.6
4754,26.62,20.1787,169.5093,54.6630,0.5761,1.0e-04,,,3.6
4755,27.14,20.5103,166.9215,55.1953,0.5717,1.0e-04,,,3.6
4756,27.35,20.8833,168.5425,56.0729,0.5740,1.0e-04,,,3.6
4757,27.91,21.2622,174.5301,60.1975,0.5766,1.0e-04,,,3.6
4758,25.94,19.4712,163.9609,57.7038,0.5794,1.0e-04,,,3.6
4759,26.32,19.9463,156.1906,54.4348,0.5739,1.0e-04,,,3.6
4760,27.13,20.6343,154.3450,59.3021,0.5706,1.0e-04,27.50,0.38,3.6
4761,27.03,20.7905,174.0847,56.4714,0.5738,1.0e-04,,,3.6
4762,26.33,19.9258,172.2792,59.6848,0.5789,1.0e-04,,,3.5
4763,27.00,20.3770,164.2059,57.7734,0.5843,1.0e-04,,,3.5
4764,25.76,19.3706,175.9998,56.1165,0.5773,1.0e-04,,,3.5
4765,28.40,21.8599,156.6525,58.9425,0.5761,1.0e-04,,,3.6
4766,27.06,20.7485,177.9103,61.6276,0.5671,1.0e-04,,,3.5
4767,26.75,20.4165,175.1566,56.4538,0.5804,1.0e-04,,,3.5
4768,26.72,20.3843,168.6905,57.8832,0.5695,1.0e-04,,,3.5
4769,26.63,20.4238,171.0940,55.3071,0.5752,1.0e-04,,,3.5
4770,26.88,20.5728,180.9471,57.2161,0.5695,1.0e-04,26.57,0.38,3.5
4771,26.82,20.5479,178.3928,62.2255,0.5788,1.0e-04,,,3.5
4772,26.20,19.8887,189.1370,58.2663,0.5681,1.0e-04,,,3.5
4773,26.11,19.9375,185.3844,59.0734,0.5690,1.0e-04,,,3.5
4774,26.04,19.8262,181.2789,59.8125,0.5736,1.0e-04,,,3.5
4775,26.76,20.2637,176.9773,57.3886,0.5776,1.0e-04,,,3.5
4776,27.36,20.8584,195.3546,63.9740,0.5720,1.0e-04,,,3.5
4777,27.27,20.8179,182.7477,61.3958,0.5708,1.0e-04,,,3.6
4778,28.02,21.4062,172.6913,60.9575,0.5647,1.0e-04,,,3.6
4779,27.05,20.5005,167.0325,58.6406,0.5716,1.0e-04,,,3.6
4780,27.42,20.8545,183.5423,62.6146,0.5747,1.0e-04,27.66,0.40,3.6
4781,26.60,20.2905,196.9032,56.8505,0.5693,1.0e-04,,,3.6
4782,26.25,19.9189,184.1643,56.4973,0.5694,1.0e-04,,,3.6
4783,27.06,20.5654,176.1339,57.5547,0.5739,1.0e-04,,,3.5
4784,27.43,20.8481,186.2762,60.3229,0.5701,1.0e-04,,,3.5
4785,26.70,20.2856,169.7702,62.2690,0.5720,1.0e-04,,,3.5
4786,26.48,20.1812,203.0869,61.8614,0.5633,1.0e-04,,,3.5
4787,27.54,21.0742,188.9392,62.6771,0.5762,1.0e-04,,,3.5
4788,27.09,20.6533,212.3946,61.5938,0.5716,1.0e-04,,,3.7
4789,27.04,20.6064,170.8514,61.0911,0.5696,1.0e-04,,,3.6
4790,26.44,20.1372,192.0796,59.6984,0.5596,1.0e-04,27.25,0.35,3.5
4791,28.12,21.7944,200.9729,62.6800,0.5653,1.0e-04,,,3.5
4792,26.75,20.4204,202.4216,65.8397,0.5651,1.0e-04,,,3.5
4793,26.90,20.7222,199.0640,61.6927,0.5679,1.0e-04,,,3.5
4794,26.32,20.1431,206.0123,60.0408,0.5684,1.0e-04,,,3.5
4795,27.40,21.0767,154.0562,61.0182,0.5727,1.0e-04,,,3.5
4796,25.91,19.7485,207.9609,59.7557,0.5756,1.0e-04,,,3.5
4797,27.33,20.7183,174.6908,61.6562,0.5763,1.0e-04,,,3.5
4798,27.15,20.6099,176.5307,63.8984,0.5649,1.0e-04,,,3.5
4799,27.29,20.5693,185.6620,59.9766,0.5717,1.0e-04,,,3.5
4800,27.29,20.7896,187.2880,56.0286,0.5697,1.0e-04,27.38,0.40,3.5
4801,26.22,19.9580,199.3149,62.5571,0.5630,1.0e-04,,,3.5
4802,27.23,20.8550,186.0762,61.9401,0.5684,1.0e-04,,,3.5
4803,27.03,20.6650,183.8461,57.9245,0.5797,1.0e-04,,,3.5
4804,27.27,20.7729,179.6412,64.2318,0.5791,1.0e-04,,,3.6
4805,26.93,20.8701,210.6335,62.8255,0.5592,1.0e-04,,,3.5
4806,26.46,20.2383,201.6507,60.7853,0.5662,1.0e-04,,,3.5
4807,26.13,19.9575,191.5249,60.0272,0.5623,1.0e-04,,,3.5
4808,27.16,21.0190,206.2175,63.5547,0.5652,1.0e-04,,,3.5
4809,26.62,20.4702,210.0997,63.2011,0.5652,1.0e-04,,,3.6
4810,27.22,20.8125,209.0026,59.4297,0.5752,1.0e-04,27.79,0.44,3.5
4811,27.47,20.8477,176.5450,60.8802,0.5727,1.0e-04,,,3.6
4812,26.65,19.9224,200.2251,63.2065,0.5651,1.0e-04,,,3.5
4813,26.58,20.1470,195.9297,57.7745,0.5734,1.0e-04,,,3.5
4814,26.17,19.8564,194.4568,56.1114,0.5661,1.0e-04,,,3.5
4815,25.68,19.2837,185.3497,58.2301,0.5738,1.0e-04,,,3.6
4816,26.97,20.1250,179.0249,58.8047,0.5708,1.0e-04,,,3.5
4817,27.37,20.8462,172.2047,57.3854,0.5745,1.0e-04,,,3.6
4818,26.11,19.6260,162.2771,53.2636,0.5780,1.0e-04,,,3.5
4819,25.38,18.9395,166.2594,53.6420,0.5744,1.0e-04,,,3.5
4820,25.96,19.5801,165.4448,57.4239,0.5733,1.0e-04,28.13,0.48,3.5
4821,27.82,21.1235,172.4798,57.9271,0.5810,1.0e-04,,,3.5
4822,27.62,20.9712,186.3881,61.9505,0.5729,1.0e-04,,,3.5
4823,27.37,20.7095,195.8274,61.9297,0.5738,1.0e-04,,,3.5
4824,26.21,19.6089,199.9672,57.7962,0.5752,1.0e-04,,,3.5
4825,25.71,19.1455,173.9412,57.6790,0.5741,1.0e-04,,,3.5
4826,26.46,20.1865,199.3328,60.0761,0.5715,1.0e-04,,,3.5
4827,26.17,20.0376,188.4070,55.2690,0.5607,1.0e-04,,,3.5
4828,26.85,20.3828,173.8222,56.0761,0.5696,1.0e-04,,,3.5
4829,25.78,19.5552,187.3693,58.8977,0.5620,1.0e-04,,,3.5
4830,25.87,19.7368,179.7080,61.1449,0.5666,1.0e-04,28.21,0.38,3.5
4831,25.99,19.8184,180.5003,58.3940,0.5654,1.0e-04,,,3.5
4832,25.56,19.3086,214.3310,61.4205,0.5638,1.0e-04,,,3.5
4833,26.39,20.1431,170.9917,60.7310,0.5641,1.0e-04,,,3.8
4834,27.44,21.1533,197.6806,63.2474,0.5647,1.0e-04,,,3.6
4835,26.95,20.7305,179.7706,62.5938,0.5700,1.0e-04,,,3.5
4836,26.79,20.5635,186.5353,63.8723,0.5665,1.0e-04,,,3.5
4837,25.19,19.0020,184.1248,63.0540,0.5681,1.0e-04,,,3.5
4838,27.94,21.5415,181.8726,60.1575,0.5699,1.0e-04,,,3.6
4839,27.32,21.0020,193.5634,67.7057,0.5671,1.0e-04,,,3.6
4840,26.95,20.5498,193.3622,63.9193,0.5621,1.0e-04,27.58,0.35,3.6
4841,28.31,22.0127,196.4959,65.8475,0.5632,1.0e-04,,,3.5
4842,26.86,20.7173,218.3951,63.4810,0.5571,1.0e-04,,,3.5
4843,26.85,20.6895,240.7418,59.5707,0.5573,1.0e-04,,,3.5
4844,26.57,20.3789,190.9923,62.3071,0.5575,1.0e-04,,,3.5
4845,26.82,20.6987,214.5078,65.6848,0.5594,1.0e-04,,,3.5
4846,27.38,21.1226,188.8749,63.6484,0.5557,1.0e-04,,,3.5
4847,28.67,22.0117,204.7363,66.4275,0.5621,1.0e-04,,,3.5
4848,27.72,21.3525,199.8222,61.3151,0.5596,1.0e-04,,,3.5
4849,27.14,20.8369,213.4440,65.1953,0.5660,1.0e-04,,,3.5
4850,26.01,19.7573,189.2393,63.7228,0.5665,1.0e-04,28.53,0.43,3.5
4851,27.46,20.8896,214.5495,61.8880,0.5692,1.0e-04,,,3.5
4852,26.56,19.8735,195.6950,62.9728,0.5704,1.0e-04,,,3.5
4853,27.88,21.3091,193.8487,61.3776,0.5674,1.0e-04,,,3.5
4854,26.33,19.8931,177.9546,57.7418,0.5694,1.0e-04,,,3.5
4855,25.73,19.3159,185.7681,58.7330,0.5730,1.0e-04,,,3.5
4856,27.75,20.8901,192.0448,58.5078,0.5711,1.0e-04,,,3.6
4857,26.88,20.0513,172.1214,59.8932,0.5793,1.0e-04,,,3.5
4858,26.19,19.5400,173.8634,56.8533,0.5730,1.0e-04,,,3.5
4859,26.85,20.0029,170.8419,57.4402,0.5818,1.0e-04,,,3.5
4860,26.89,20.0571,169.7634,60.8151,0.5706,1.0e-04,28.28,0.46,3.5
4861,27.57,20.9746,169.2923,59.0052,0.5761,1.0e-04,,,3.6
4862,26.22,19.9033,195.7908,62.2446,0.5677,1.0e-04,,,3.6
4863,26.81,20.6021,200.6682,55.3777,0.5704,1.0e-04,,,3.6
4864,26.56,20.1289,213.4268,60.7120,0.5749,1.0e-04,,,3.6
4865,26.62,20.2603,177.9321,59.4810,0.5749,1.0e-04,,,3.6
4866,26.90,20.4292,177.8573,60.1875,0.5677,1.0e-04,,,3.6
4867,26.15,20.0054,183.5187,61.7527,0.5752,1.0e-04,,,3.6
4868,27.13,20.6685,180.3418,59.2526,0.5679,1.0e-04,,,3.6
4869,26.33,20.0654,186.4786,56.8777,0.5726,1.0e-04,,,3.5
4870,25.82,19.6675,176.1233,57.7557,0.5712,1.0e-04,27.90,0.41,3.5
4871,26.70,20.4292,162.1083,55.8723,0.5687,1.0e-04,,,3.5
4872,27.77,21.2578,189.1581,57.3802,0.5668,1.0e-04,,,3.5
4873,26.85,20.5894,173.1372,59.4321,0.5695,1.0e-04,,,3.5
4874,26.72,20.5220,169.8513,62.1848,0.5662,1.0e-04,,,3.5
4875,27.85,21.3398,169.1751,59.0339,0.5705,1.0e-04,,,3.5
4876,27.56,21.1689,187.5251,61.3229,0.5647,1.0e-04,,,3.5
4877,27.25,20.7598,166.6574,59.8958,0.5662,1.0e-04,,,3.5
4878,26.68,20.4346,183.1483,57.3913,0.5625,1.0e-04,,,3.5
4879,25.75,19.7271,187.7390,57.8835,0.5589,1.0e-04,,,3.5
4880,26.91,20.6226,178.6390,59.7240,0.5641,1.0e-04,26.80,0.31,3.5
4881,25.90,19.9604,175.9006,57.2663,0.5611,1.0e-04,,,3.6
4882,27.74,21.4692,164.0727,56.3229,0.5654,1.0e-04,,,3.5
4883,27.84,21.5518,149.6453,60.6641,0.5688,1.0e-04,,,3.6
4884,26.96,20.7583,188.5881,60.4323,0.5691,1.0e-04,,,3.6
4885,26.18,19.7739,178.8604,56.5489,0.5721,1.0e-04,,,3.6
4886,26.28,19.8726,175.7860,59.8451,0.5713,1.0e-04,,,3.6
4887,26.86,20.3770,193.9406,57.4891,0.5716,1.0e-04,,,3.6
4888,27.02,20.4673,178.4020,58.7396,0.5686,1.0e-04,,,3.6
4889,26.58,20.0347,208.2035,60.1685,0.5736,1.0e-04,,,3.5
4890,27.54,21.0059,167.3530,60.7474,0.5803,1.0e-04,28.11,0.44,3.6
4891,26.88,20.3604,185.6709,59.1332,0.5771,1.0e-04,,,3.5
4892,26.77,20.0186,180.8872,58.3397,0.5849,1.0e-04,,,3.5
4893,27.18,20.3711,169.9750,56.2943,0.5852,1.0e-04,,,3.5
4894,27.81,21.1177,159.0720,59.3672,0.5858,1.0e-04,,,3.6
4895,27.88,21.2051,168.1716,61.1302,0.5805,1.0e-04,,,3.6
4896,26.11,19.6118,164.6462,58.1495,0.5738,1.0e-04,,,3.5
4897,27.57,21.1465,172.1543,57.8750,0.5697,1.0e-04,,,3.5
4898,26.48,19.8188,175.8863,60.9321,0.5798,1.0e-04,,,3.5
4899,27.53,20.8164,183.2002,56.0182,0.5767,1.0e-04,,,3.5
4900,27.71,20.8696,184.8151,60.5651,0.5738,1.0e-04,28.21,0.47,3.5
4901,25.97,19.5625,195.5210,59.5435,0.5726,1.0e-04,,,3.5
4902,28.09,21.3887,162.4090,59.0025,0.5831,1.0e-04,,,3.6
4903,26.21,19.6104,164.2438,58.1739,0.5778,1.0e-04,,,3.5
4904,27.12,20.4116,180.2252,57.0938,0.5763,1.0e-04,,,3.5
4905,26.90,20.1436,179.1715,58.1821,0.5840,1.0e-04,,,3.5
4906,27.53,20.7539,167.6806,58.2734,0.5794,1.0e-04,,,3.6
4907,26.70,20.0659,186.0872,59.8995,0.5826,1.0e-04,,,3.6
4908,26.48,19.8540,184.6539,59.3913,0.5772,1.0e-04,,,3.6
4909,26.33,19.9624,185.7880,60.7011,0.5797,1.0e-04,,,3.6
4910,28.34,21.4150,177.2284,59.0200,0.5811,1.0e-04,28.27,0.43,3.6
4911,27.11,20.5938,173.6374,54.5182,0.5814,1.0e-04,,,3.6
4912,26.28,19.7617,175.2306,53.8533,0.5783,1.0e-04,,,3.5
4913,27.38,20.9087,153.0007,60.1406,0.5816,1.0e-04,,,3.6
4914,25.53,19.2871,171.1194,59.3210,0.5745,1.0e-04,,,3.6
4915,26.64,20.1660,177.4401,59.8967,0.5766,1.0e-04,,,3.5
4916,27.53,20.9082,179.5784,57.4036,0.5778,1.0e-04,,,3.5
4917,26.05,19.7100,180.5529,60.2120,0.5693,1.0e-04,,,3.5
4918,26.32,19.9512,177.8426,56.3234,0.5696,1.0e-04,,,3.5
4919,26.06,19.5298,188.5681,56.1223,0.5752,1.0e-04,,,3.5
4920,26.73,20.0991,192.4081,57.5788,0.5739,1.0e-04,28.31,0.48,3.5
4921,26.84,20.2266,177.6627,55.0462,0.5749,1.0e-04,,,3.5
4922,26.79,20.4409,176.3414,57.2853,0.5696,1.0e-04,,,3.6
4923,27.65,21.0000,170.1557,57.1224,0.5770,1.0e-04,,,3.6
4924,27.89,21.2163,190.8072,63.2734,0.5768,1.0e-04,,,3.5
4925,27.44,20.8604,153.8640,60.1068,0.5810,1.0e-04,,,3.5
4926,26.82,20.0977,178.0714,61.5326,0.5835,1.0e-04,,,3.5
4927,28.15,21.4341,170.3475,64.5575,0.5805,1.0e-04,,,3.5
4928,26.50,19.8066,191.8906,60.1005,0.5769,1.0e-04,,,3.5
4929,25.88,19.3511,176.0407,55.7052,0.5828,1.0e-04,,,3.5
4930,25.93,19.5049,180.7395,59.3750,0.5762,1.0e-04,28.21,0.50,3.6
4931,27.01,20.2681,177.3619,57.8776,0.5853,1.0e-04,,,3.6
4932,25.29,18.9648,178.6922,56.8494,0.5717,1.0e-04,,,3.6
4933,27.47,20.9512,160.0799,55.1146,0.5781,1.0e-04,,,3.6
4934,26.40,19.9961,195.7612,59.1739,0.5706,1.0e-04,,,3.6
4935,26.22,19.9121,170.6150,56.0054,0.5765,1.0e-04,,,3.6
4936,26.81,20.4868,190.2966,56.8451,0.5575,1.0e-04,,,3.6
4937,27.24,20.8052,163.1471,59.5104,0.5741,1.0e-04,,,3.6
4938,27.27,20.7539,188.5887,61.8646,0.5726,1.0e-04,,,3.6
4939,28.14,21.5347,161.6395,63.0950,0.5754,1.0e-04,,,3.6
4940,26.63,20.0942,186.1058,60.1902,0.5739,1.0e-04,28.34,0.47,3.5
4941,28.32,21.5562,161.2890,63.2150,0.5764,1.0e-04,,,3.6
4942,26.20,19.4995,163.4730,54.3342,0.5713,1.0e-04,,,3.5
4943,26.83,20.2485,171.7880,58.6141,0.5846,1.0e-04,,,3.5
4944,27.41,20.8252,158.7317,61.8359,0.5728,1.0e-04,,,3.5
4945,26.66,19.9556,176.6919,57.7228,0.5773,1.0e-04,,,3.5
4946,27.94,21.0806,153.8386,61.7875,0.5808,1.0e-04,,,3.6
4947,27.16,20.3438,184.6152,59.1380,0.5789,1.0e-04,,,3.5
4948,26.34,19.5010,181.8712,58.0380,0.5784,1.0e-04,,,3.5
4949,26.39,19.6631,182.8887,60.9918,0.5759,1.0e-04,,,3.5
4950,26.37,19.6821,183.4367,56.0217,0.5749,1.0e-04,27.45,0.52,3.5
4951,27.62,20.8140,192.4232,58.7422,0.5829,1.0e-04,,,3.5
4952,27.46,20.8154,172.2779,60.0625,0.5710,1.0e-04,,,3.5
4953,24.69,18.6367,192.1670,57.6756,0.5699,1.0e-04,,,3.5
4954,26.75,20.4976,192.7941,58.9565,0.5623,1.0e-04,,,3.6
4955,27.15,20.9478,197.1897,61.4297,0.5652,1.0e-04,,,3.6
4956,25.99,19.9014,197.2734,62.8641,0.5724,1.0e-04,,,3.6
4957,25.43,19.4653,191.5075,58.5597,0.5592,1.0e-04,,,3.6
4958,26.49,20.2534,185.7773,60.4484,0.5675,1.0e-04,,,3.5
4959,28.05,21.4590,185.9826,60.7675,0.5705,1.0e-04,,,3.6
4960,26.71,20.4854,186.4040,61.3370,0.5618,1.0e-04,27.09,0.33,3.6
4961,26.56,20.5791,187.9770,56.6929,0.5590,1.0e-04,,,3.6
4962,26.23,19.9854,190.5410,58.5571,0.5705,1.0e-04,,,3.5
4963,26.41,20.0654,164.5303,52.3587,0.5704,1.0e-04,,,3.6
4964,25.89,19.8091,178.4044,56.0136,0.5630,1.0e-04,,,3.6
4965,26.49,20.3896,194.6355,59.6603,0.5575,1.0e-04,,,3.5
4966,27.23,20.9414,171.1164,58.1276,0.5600,1.0e-04,,,3.5
4967,26.36,20.2378,185.9024,59.3777,0.5609,1.0e-04,,,3.5
4968,25.80,19.5078,172.2923,59.0966,0.5719,1.0e-04,,,3.5
4969,26.68,20.2734,188.1839,57.4620,0.5693,1.0e-04,,,3.5
4970,25.31,19.1743,189.8456,57.6307,0.5669,1.0e-04,28.10,0.39,3.5
4971,27.59,21.1836,176.7778,59.8620,0.5714,1.0e-04,,,3.5
4972,25.77,19.5898,173.2415,57.4773,0.5671,1.0e-04,,,3.5
4973,25.95,19.5391,169.1999,56.3641,0.5775,1.0e-04,,,3.5
4974,26.54,19.9946,158.9078,57.9674,0.5728,1.0e-04,,,3.5
4975,25.96,19.7080,158.2573,55.9103,0.5687,1.0e-04,,,3.5
4976,27.68,21.5083,185.4184,59.3047,0.5514,1.0e-04,,,3.6
4977,26.49,20.4272,185.8901,58.8342,0.5648,1.0e-04,,,3.5
4978,27.73,21.2939,177.3952,60.5156,0.5771,1.0e-04,,,3.5
4979,26.11,19.7358,192.2946,55.6033,0.5802,1.0e-04,,,3.5
4980,26.71,20.1777,168.3871,53.7717,0.5774,1.0e-04,28.22,0.44,3.5
4981,26.16,19.7510,164.9126,55.7283,0.5715,1.0e-04,,,3.6
4982,26.32,19.5752,172.7821,56.5625,0.5792,1.0e-04,,,3.6
4983,28.20,21.4595,159.4890,58.3525,0.5787,1.0e-04,,,3.6
4984,25.87,19.3081,194.4743,60.4631,0.5713,1.0e-04,,,3.6
4985,26.62,20.0933,199.2399,55.3940,0.5727,1.0e-04,,,3.5
4986,26.42,19.8530,155.0698,58.4946,0.5724,1.0e-04,,,3.5
4987,26.90,20.2446,166.4366,56.7839,0.5706,1.0e-04,,,3.5
4988,25.99,19.7129,168.8543,56.2174,0.5594,1.0e-04,,,3.6
4989,27.79,20.9980,164.9936,59.4141,0.5705,1.0e-04,,,3.6
4990,27.40,20.5166,164.5387,53.7005,0.5732,1.0e-04,27.90,0.56,3.6
4991,26.91,20.1069,160.6674,57.5625,0.5794,1.0e-04,,,3.5
4992,26.47,19.5576,172.6102,57.7092,0.5768,1.0e-04,,,3.5
4993,26.95,20.0518,163.8296,58.7135,0.5757,1.0e-04,,,3.5
4994,26.96,20.1436,167.0045,54.0521,0.5755,1.0e-04,,,3.5
4995,27.89,21.2524,184.7973,63.9870,0.5698,1.0e-04,,,3.5
4996,26.82,20.3921,174.1546,63.5326,0.5679,1.0e-04,,,3.5
4997,27.12,20.6211,196.4557,59.4974,0.5674,1.0e-04,,,3.5
4998,28.92,22.3164,175.6718,61.4712,0.5753,1.0e-04,,,3.6
4999,27.69,21.3457,190.9112,61.5599,0.5688,1.0e-04,,,3.6
5000,27.00,20.7031,187.0236,60.0234,0.5705,1.0e-04,27.82,0.41,3.5
5001,27.60,21.1147,166.5358,57.8359,0.5684,1.0e-04,,,3.5
5002,26.76,20.3896,198.9464,57.0842,0.5638,1.0e-04,,,3.5
5003,28.30,21.8535,172.0381,60.8975,0.5701,1.0e-04,,,3.5
5004,27.27,20.9204,174.1964,65.9583,0.5607,1.0e-04,,,3.5
5005,26.42,20.0566,181.0021,61.2989,0.5673,1.0e-04,,,3.5
5006,27.24,20.7153,188.9736,59.6276,0.5680,1.0e-04,,,3.6
5007,27.26,20.6221,177.7630,55.3594,0.5635,1.0e-04,,,3.6
5008,27.74,21.0005,154.9417,58.0729,0.5650,1.0e-04,,,3.6
5009,27.20,20.7388,164.0298,56.4948,0.5653,1.0e-04,,,3.6
5010,27.03,20.7007,164.4892,63.4089,0.5592,1.0e-04,27.96,0.46,3.6
5011,25.75,19.2910,165.4990,54.6932,0.5679,1.0e-04,,,3.5
5012,26.24,19.8271,167.7944,59.0136,0.5565,1.0e-04,,,3.5
5013,27.48,21.0137,188.6071,60.8307,0.5580,1.0e-04,,,3.6
5014,27.20,21.0635,206.2969,58.8438,0.5531,1.0e-04,,,3.6
5015,25.25,19.5532,193.5045,58.7244,0.5434,1.0e-04,,,3.5
5016,28.21,22.0898,186.7245,61.3725,0.5514,1.0e-04,,,3.6
5017,26.48,20.4370,196.6171,63.0761,0.5486,1.0e-04,,,3.5
5018,28.59,22.2817,182.6448,61.3050,0.5590,1.0e-04,,,3.5
5019,28.02,21.6729,198.0337,62.6350,0.5621,1.0e-04,,,3.6
5020,26.80,20.6104,178.4749,60.2609,0.5604,1.0e-04,26.81,0.31,3.5
5021,26.70,20.6025,193.6866,57.7065,0.5574,1.0e-04,,,3.5
5022,27.66,21.4351,184.8671,59.0469,0.5637,1.0e-04,,,3.5
5023,26.26,20.0391,178.4661,58.5489,0.5713,1.0e-04,,,3.5
5024,25.89,19.8135,194.1211,59.2962,0.5564,1.0e-04,,,3.5
5025,26.37,20.1260,195.8112,58.8886,0.5688,1.0e-04,,,3.5
5026,27.42,21.0400,204.7043,58.5703,0.5630,1.0e-04,,,3.6
5027,27.06,20.7554,214.4607,60.6328,0.5653,1.0e-04,,,3.8
5028,27.43,20.8911,200.1685,59.6250,0.5641,1.0e-04,,,3.5
5029,27.78,21.5737,193.8469,63.3984,0.5583,1.0e-04,,,3.5
5030,27.96,21.8057,198.0958,63.6500,0.5593,1.0e-04,26.53,0.35,3.5
5031,26.50,20.3921,203.7069,60.0516,0.5653,1.0e-04,,,3.5
5032,26.72,20.5757,190.9710,61.8533,0.5482,1.0e-04,,,3.5
5033,26.94,20.8638,192.3544,65.4948,0.5482,1.0e-04,,,3.6
5034,26.64,20.4458,203.3417,59.4538,0.5646,1.0e-04,,,3.6
5035,26.18,20.0269,183.7991,57.0951,0.5659,1.0e-04,,,3.6
5036,26.47,20.2344,191.7919,56.9565,0.5673,1.0e-04,,,3.5
5037,26.47,20.1680,187.6286,59.6168,0.5687,1.0e-04,,,3.5
5038,26.99,20.7856,182.6637,60.9479,0.5556,1.0e-04,,,3.5
5039,26.70,20.6694,198.5080,60.7908,0.5484,1.0e-04,,,3.5
5040,26.79,20.9453,212.0278,63.5163,0.5517,1.0e-04,26.00,0.28,3.5
5041,26.60,20.6484,196.6942,61.0489,0.5579,1.0e-04,,,3.6
5042,27.46,21.2578,187.8925,61.5417,0.5581,1.0e-04,,,3.6
5043,26.49,20.3774,225.7857,60.6766,0.5619,1.0e-04,,,3.5
5044,27.21,21.0361,194.0998,62.0599,0.5591,1.0e-04,,,3.5
5045,26.85,20.6123,207.1988,64.2772,0.5613,1.0e-04,,,3.6
5046,27.17,20.8501,210.1761,63.8359,0.5635,1.0e-04,,,3.5
5047,25.79,19.4390,213.9634,54.7699,0.5764,1.0e-04,,,3.5
5048,26.48,20.0161,201.9291,55.4049,0.5793,1.0e-04,,,3.5
5049,24.57,18.3472,194.7279,55.5268,0.5750,1.0e-04,,,3.5
5050,27.95,21.2646,185.2878,61.6700,0.5811,1.0e-04,27.36,0.52,3.5
5051,27.09,20.3262,167.8381,60.0625,0.5797,1.0e-04,,,3.5
5052,26.34,19.7095,193.3398,54.8315,0.5765,1.0e-04,,,3.5
5053,28.07,21.1641,169.8353,62.0525,0.5724,1.0e-04,,,3.6
5054,28.20,21.3882,171.1855,64.0575,0.5820,1.0e-04,,,3.5
5055,27.16,20.3521,170.7856,62.4531,0.5828,1.0e-04,,,3.6
5056,27.89,21.0088,194.5135,58.7700,0.5821,1.0e-04,,,3.6
5057,27.97,20.9937,196.7776,67.2600,0.5811,1.0e-04,,,3.6
5058,28.57,21.6904,199.3740,65.0100,0.5754,1.0e-04,,,3.5
5059,26.68,19.9595,186.4674,61.5489,0.5781,1.0e-04,,,3.6
5060,28.03,21.2871,178.8953,62.1675,0.5829,1.0e-04,27.80,0.51,3.6
5061,26.52,19.9219,174.8963,61.2500,0.5818,1.0e-04,,,3.5
5062,26.97,20.1558,197.5299,63.5286,0.5790,1.0e-04,,,3.6
5063,26.34,19.4189,194.8434,59.7745,0.5821,1.0e-04,,,3.5
5064,27.05,20.2842,182.4623,61.2917,0.5825,1.0e-04,,,3.6
5065,26.82,20.2119,206.8704,64.0951,0.5761,1.0e-04,,,3.5
5066,25.97,19.4043,184.6820,64.2011,0.5811,1.0e-04,,,3.6
5067,26.30,19.8555,184.2891,62.3804,0.5840,1.0e-04,,,3.6
5068,27.16,20.6997,188.1734,56.3516,0.5722,1.0e-04,,,3.6
5069,25.99,19.7349,181.1488,61.6793,0.5710,1.0e-04,,,3.5
5070,27.75,21.3159,185.0963,60.3906,0.5818,1.0e-04,28.12,0.44,3.6
5071,27.00,20.5093,196.5918,62.8620,0.5758,1.0e-04,,,3.6
5072,27.85,21.2285,174.6169,58.5339,0.5794,1.0e-04,,,3.5
5073,27.51,20.9326,181.6163,59.0312,0.5705,1.0e-04,,,3.5
5074,27.14,20.6528,192.8877,58.9870,0.5725,1.0e-04,,,3.5
5075,26.39,20.1611,179.0296,59.9049,0.5656,1.0e-04,,,3.5
5076,28.72,22.4409,206.8427,67.1450,0.5562,1.0e-04,,,3.5
5077,26.87,20.4634,180.0647,61.3984,0.5740,1.0e-04,,,3.5
5078,27.71,21.0776,197.1006,60.9062,0.5756,1.0e-04,,,3.5
5079,26.96,20.4395,179.0330,61.1094,0.5696,1.0e-04,,,3.6
5080,27.06,20.7075,188.6092,56.5443,0.5778,1.0e-04,26.56,0.33,3.6
5081,27.62,21.4614,186.9309,61.2318,0.5628,1.0e-04,,,3.5
5082,25.59,19.6094,181.0473,53.6960,0.5779,1.0e-04,,,3.5
5083,25.65,19.6382,171.9078,53.1051,0.5722,1.0e-04,,,3.5
5084,27.86,21.5649,184.1065,60.9323,0.5658,1.0e-04,,,3.5
5085,27.66,21.2104,161.9491,59.8099,0.5733,1.0e-04,,,3.6
5086,26.88,20.4780,176.3701,59.8995,0.5816,1.0e-04,,,3.6
5087,29.04,22.3228,167.9623,60.4519,0.5746,1.0e-04,,,3.6
5088,27.75,20.9771,189.1766,62.3750,0.5801,1.0e-04,,,3.6
5089,27.18,20.6611,160.5453,62.0443,0.5764,1.0e-04,,,3.6
5090,26.44,19.9619,176.2402,60.7500,0.5776,1.0e-04,28.21,0.47,3.6
5091,26.68,20.2061,171.7814,60.5380,0.5722,1.0e-04,,,3.5
5092,25.80,19.4229,162.0262,57.9631,0.5843,1.0e-04,,,3.5
5093,26.86,20.1938,204.2617,55.3859,0.5835,1.0e-04,,,3.5
5094,27.16,20.4233,170.0639,59.2656,0.5727,1.0e-04,,,3.5
5095,26.64,19.9780,197.4106,60.1603,0.5762,1.0e-04,,,3.5
5096,27.38,20.6362,187.8418,61.2578,0.5760,1.0e-04,,,3.6
5097,27.80,21.0098,182.0267,64.3333,0.5766,1.0e-04,,,3.6
5098,26.45,19.7842,183.4565,61.6196,0.5715,1.0e-04,,,3.5
5099,27.48,20.5215,196.7924,60.5182,0.5743,1.0e-04,,,3.5
5100,27.70,20.9424,205.6909,62.3568,0.5763,1.0e-04,27.80,0.54,3.5
5101,27.70,20.7773,164.3056,59.6979,0.5816,1.0e-04,,,3.5
5102,27.23,20.3652,177.7113,56.6823,0.5803,1.0e-04,,,3.5
5103,27.24,20.0742,174.5098,61.7786,0.5749,1.0e-04,,,3.5
5104,26.28,19.1299,182.2633,57.0761,0.5748,1.0e-04,,,3.5
5105,26.66,19.7588,194.9171,59.1304,0.5783,1.0e-04,,,3.5
5106,25.76,19.0762,174.0801,57.3153,0.5757,1.0e-04,,,3.5
5107,27.21,20.3306,162.9045,58.9010,0.5852,1.0e-04,,,3.6
5108,26.48,19.7920,170.2969,56.5109,0.5832,1.0e-04,,,3.6
5109,26.20,19.5498,166.5108,55.6603,0.5791,1.0e-04,,,3.6
5110,27.19,20.4517,167.2251,60.9557,0.5797,1.0e-04,27.43,0.54,3.6
5111,27.37,20.4980,177.9684,57.8620,0.5771,1.0e-04,,,3.6
5112,26.52,19.8467,192.9549,59.3641,0.5740,1.0e-04,,,3.6
5113,25.32,18.6968,182.8831,52.6335,0.5721,1.0e-04,,,3.6
5114,26.70,19.9888,162.7548,57.6603,0.5756,1.0e-04,,,3.5
5115,26.51,19.8779,180.0622,60.3397,0.5738,1.0e-04,,,3.5
5116,27.31,20.6636,184.3832,56.9297,0.5806,1.0e-04,,,3.5
5117,27.59,21.1670,182.4478,56.1901,0.5773,1.0e-04,,,3.5
5118,27.51,20.8989,168.6438,56.9141,0.5754,1.0e-04,,,3.5
5119,27.35,20.7559,170.6629,54.9531,0.5761,1.0e-04,,,3.5
5120,26.46,20.1035,155.0231,53.8207,0.5756,1.0e-04,27.51,0.34,3.5
5121,26.81,20.6108,178.1911,53.5027,0.5726,1.0e-04,,,3.5
5122,27.27,21.0356,185.1538,60.2526,0.5603,1.0e-04,,,3.5
5123,25.94,19.8125,193.2943,57.4212,0.5728,1.0e-04,,,3.5
5124,27.61,21.1895,153.4392,57.8151,0.5793,1.0e-04,,,3.5
5125,26.35,20.0542,178.6619,56.8152,0.5720,1.0e-04,,,3.5
5126,27.71,21.2168,168.0516,58.6016,0.5757,1.0e-04,,,3.5
5127,26.33,19.9131,171.3532,58.8342,0.5712,1.0e-04,,,3.5
5128,26.27,19.8872,175.7154,57.7418,0.5700,1.0e-04,,,3.5
5129,25.90,19.6040,175.5014,55.6821,0.5772,1.0e-04,,,3.5
5130,27.23,20.7959,159.2900,57.5573,0.5768,1.0e-04,27.30,0.37,3.6
5131,25.92,19.7690,200.6092,58.9620,0.5688,1.0e-04,,,3.6
5132,27.45,21.1392,173.4260,58.6536,0.5757,1.0e-04,,,3.6
5133,27.18,21.0430,198.0795,59.7526,0.5593,1.0e-04,,,3.6
5134,27.17,20.8027,168.3794,58.4557,0.5738,1.0e-04,,,3.6
5135,27.52,21.1294,186.5164,61.9505,0.5672,1.0e-04,,,3.6
5136,26.08,20.0186,178.2716,57.8424,0.5538,1.0e-04,,,3.6
5137,26.05,20.1704,176.3020,55.5163,0.5672,1.0e-04,,,3.6
5138,26.96,20.9194,205.7354,60.3646,0.5560,1.0e-04,,,3.6
5139,26.65,20.5894,189.2299,59.2717,0.5446,1.0e-04,,,3.6
5140,27.19,20.9512,180.8210,59.1068,0.5649,1.0e-04,26.44,0.31,3.6
5141,25.96,20.1128,200.9777,56.1984,0.5550,1.0e-04,,,3.6
5142,26.27,20.2856,191.1150,60.1549,0.5528,1.0e-04,,,3.5
5143,27.58,21.0918,175.2907,60.7344,0.5749,1.0e-04,,,3.6
5144,27.87,21.6851,187.1905,62.6615,0.5647,1.0e-04,,,3.5
5145,26.84,20.7505,199.4311,60.2772,0.5624,1.0e-04,,,3.5
5146,26.85,20.5708,172.4320,60.4810,0.5770,1.0e-04,,,3.5
5147,27.52,21.1787,222.6905,59.9557,0.5646,1.0e-04,,,3.6
5148,26.15,19.9199,193.8987,63.0842,0.5593,1.0e-04,,,3.5
5149,26.58,20.0879,190.3452,61.9565,0.5746,1.0e-04,,,3.5
5150,27.59,21.2334,187.9288,61.9583,0.5590,1.0e-04,27.59,0.36,3.5
5151,25.82,19.7300,194.1952,64.0824,0.5644,1.0e-04,,,3.5
5152,27.10,21.0830,185.3646,59.9870,0.5569,1.0e-04,,,3.6
5153,26.56,20.6338,201.1696,58.9076,0.5561,1.0e-04,,,3.6
5154,27.30,21.1196,149.4994,59.8854,0.5668,1.0e-04,,,3.6
5155,25.79,19.8560,187.7601,64.9375,0.5424,1.0e-04,,,3.6
5156,25.87,20.0879,193.0027,58.3381,0.5372,1.0e-04,,,3.5
5157,27.13,21.1006,231.2250,58.1979,0.5507,1.0e-04,,,3.6
5158,27.34,21.0586,211.0612,57.7552,0.5576,1.0e-04,,,3.6
5159,27.47,21.1318,174.7380,62.0833,0.5536,1.0e-04,,,3.6
5160,27.61,21.3257,211.6656,63.1328,0.5431,1.0e-04,27.48,0.39,3.6
5161,27.22,20.9702,203.4120,63.0781,0.5612,1.0e-04,,,3.6
5162,24.88,18.6621,226.3600,60.4583,0.5557,1.0e-04,,,3.5
5163,27.06,20.6191,170.2403,62.6589,0.5646,1.0e-04,,,3.5
5164,26.16,19.8149,191.1167,62.7147,0.5622,1.0e-04,,,3.5
5165,26.89,20.4214,160.7861,59.6033,0.5711,1.0e-04,,,3.5
5166,27.42,20.7036,182.7738,61.6667,0.5641,1.0e-04,,,3.5
5167,26.93,20.3423,163.0570,57.3047,0.5730,1.0e-04,,,3.5
5168,26.62,20.0229,162.3827,58.9620,0.5676,1.0e-04,,,3.5
5169,27.62,20.9243,169.4316,58.1953,0.5707,1.0e-04,,,3.5
5170,27.16,20.5723,179.6871,59.8932,0.5712,1.0e-04,27.64,0.33,3.5
5171,26.35,20.2720,185.2306,59.6087,0.5659,1.0e-04,,,3.5
5172,25.78,19.6665,192.0040,56.3239,0.5710,1.0e-04,,,3.5
5173,26.27,19.9907,175.9908,58.2717,0.5693,1.0e-04,,,3.5
5174,27.21,21.0259,172.3164,61.5104,0.5638,1.0e-04,,,3.5
5175,27.35,21.1304,196.9417,65.4245,0.5627,1.0e-04,,,3.6
5176,27.43,20.9546,187.5863,61.6042,0.5712,1.0e-04,,,3.5
5177,27.10,20.5723,190.3617,60.7708,0.5654,1.0e-04,,,3.5
5178,27.71,20.9834,182.0381,58.5078,0.5751,1.0e-04,,,3.6
5179,28.01,21.4341,186.3999,64.0850,0.5578,1.0e-04,,,3.6
5180,26.47,20.1519,206.2277,56.9212,0.5571,1.0e-04,27.43,0.39,3.6
5181,26.39,20.1172,190.5530,59.6630,0.5693,1.0e-04,,,3.6
5182,28.39,21.6987,194.0945,62.0475,0.5675,1.0e-04,,,3.6
5183,26.46,19.8491,179.7425,57.7527,0.5782,1.0e-04,,,3.6
5184,27.18,20.4121,188.5000,62.0208,0.5743,1.0e-04,,,3.6
5185,25.97,19.6069,201.9095,57.2690,0.5714,1.0e-04,,,3.5
5186,27.09,20.6602,174.7653,55.1042,0.5698,1.0e-04,,,3.5
5187,27.15,20.7109,174.1714,58.5521,0.5789,1.0e-04,,,3.6
5188,27.82,21.4380,158.0301,58.0286,0.5699,1.0e-04,,,3.6
5189,28.31,21.8853,182.3162,60.4275,0.5644,1.0e-04,,,3.5
5190,26.43,20.2910,176.2058,58.9918,0.5711,1.0e-04,27.60,0.39,3.5
5191,26.31,20.0981,179.7211,59.5489,0.5566,1.0e-04,,,3.5
5192,27.17,20.7368,191.5422,58.9010,0.5690,1.0e-04,,,3.5
5193,26.86,20.5679,198.4437,64.4457,0.5690,1.0e-04,,,3.5
5194,26.57,20.0591,210.7931,60.7174,0.5674,1.0e-04,,,3.5
5195,27.28,20.7207,175.0545,58.7708,0.5837,1.0e-04,,,3.5
5196,27.89,21.0518,185.3318,62.0755,0.5763,1.0e-04,,,3.5
5197,27.61,20.9624,185.1786,61.1484,0.5790,1.0e-04,,,3.5
5198,28.35,21.6270,175.4419,63.3825,0.5903,1.0e-04,,,3.6
5199,26.43,20.0825,188.1828,61.7174,0.5846,1.0e-04,,,3.5
5200,26.04,19.7368,198.2809,60.8560,0.5937,1.0e-04,27.20,0.48,3.5
5201,27.73,21.0312,185.9445,64.8203,0.5810,1.0e-04,,,3.5
5202,26.86,20.2510,183.5120,60.9130,0.5849,1.0e-04,,,3.5
5203,28.38,21.6123,177.4320,60.0250,0.5863,1.0e-04,,,3.6
5204,26.64,20.3467,195.9024,57.9402,0.5785,1.0e-04,,,3.6
5205,27.07,20.4258,199.2281,61.0052,0.5810,1.0e-04,,,3.6
5206,26.05,19.7222,200.5548,60.0136,0.5809,1.0e-04,,,3.6
5207,27.18,20.6514,189.9149,63.1875,0.5767,1.0e-04,,,3.6
5208,27.65,20.9585,183.4594,64.7188,0.5779,1.0e-04,,,3.6
5209,27.45,20.9019,185.9454,64.4323,0.5820,1.0e-04,,,3.6
5210,27.75,21.1548,221.6465,61.0729,0.5736,1.0e-04,28.13,0.43,3.5
5211,27.12,20.5845,189.0977,59.9375,0.5825,1.0e-04,,,3.5
5212,27.39,20.5557,177.6041,57.5260,0.5869,1.0e-04,,,3.6
5213,27.37,20.5669,173.6502,60.6953,0.5830,1.0e-04,,,3.6
5214,28.11,21.4146,166.3118,60.0600,0.5750,1.0e-04,,,3.6
5215,28.51,21.7314,158.7493,59.8875,0.5809,1.0e-04,,,3.6
5216,26.77,20.2354,187.3108,59.6984,0.5778,1.0e-04,,,3.5
5217,27.49,20.8496,195.3726,60.0703,0.5814,1.0e-04,,,3.5
5218,26.86,20.2114,182.2206,59.3886,0.5854,1.0e-04,,,3.5
5219,26.88,20.2993,172.6559,61.3071,0.5787,1.0e-04,,,3.5
5220,27.63,21.0625,168.1858,64.4557,0.5780,1.0e-04,27.54,0.44,3.5
5221,26.54,20.0776,176.4025,60.6033,0.5721,1.0e-04,,,3.5
5222,27.23,20.6016,182.4055,61.1797,0.5733,1.0e-04,,,3.6
5223,26.78,20.3833,178.9764,60.7880,0.5769,1.0e-04,,,3.5
5224,25.92,19.5542,189.7566,59.5217,0.5800,1.0e-04,,,3.5
5225,27.21,20.5713,216.4991,64.6042,0.5733,1.0e-04,,,3.5
5226,26.27,19.7720,188.3597,60.7283,0.5796,1.0e-04,,,3.5
5227,27.17,20.5239,167.0208,55.4688,0.5823,1.0e-04,,,3.6
5228,26.59,20.0503,181.5103,57.8342,0.5819,1.0e-04,,,3.5
5229,26.86,20.6108,213.4026,61.6114,0.5669,1.0e-04,,,3.5
5230,26.69,20.4648,174.5038,58.3098,0.5755,1.0e-04,27.54,0.43,3.5
5231,26.36,19.8564,161.3458,61.0734,0.5852,1.0e-04,,,3.5
5232,27.96,21.4614,178.9154,57.9875,0.5822,1.0e-04,,,3.6
5233,27.39,20.9727,206.4790,63.2161,0.5702,1.0e-04,,,3.6
5234,25.36,19.3643,190.1571,55.7642,0.5613,1.0e-04,,,3.5
5235,26.48,20.1670,174.8864,62.5190,0.5649,1.0e-04,,,3.6
5236,27.36,20.8423,181.4434,58.6667,0.5680,1.0e-04,,,3.6
5237,26.90,20.6304,175.3747,60.4089,0.5619,1.0e-04,,,3.5
5238,27.54,20.8232,176.5814,63.1510,0.5744,1.0e-04,,,3.6
5239,27.51,20.6880,200.3814,56.6901,0.5734,1.0e-04,,,3.6
5240,27.99,21.3247,179.6535,62.3175,0.5777,1.0e-04,27.49,0.41,3.6
5241,28.27,21.7285,176.5108,62.1950,0.5765,1.0e-04,,,3.6
5242,27.21,20.6948,210.1331,63.4401,0.5798,1.0e-04,,,3.6
5243,27.93,21.4707,186.2407,60.0325,0.5758,1.0e-04,,,3.6
5244,26.97,20.3662,178.6549,59.7005,0.5710,1.0e-04,,,3.5
5245,26.36,19.9097,214.9146,63.3179,0.5756,1.0e-04,,,3.6
5246,26.47,20.2319,181.5556,61.5571,0.5694,1.0e-04,,,3.5
5247,27.94,21.4634,211.7158,64.6375,0.5717,1.0e-04,,,3.5
5248,27.24,20.7456,179.4303,62.9427,0.5650,1.0e-04,,,3.5
5249,27.19,20.6060,208.7945,66.3125,0.5675,1.0e-04,,,3.5
5250,27.99,21.2500,206.0248,61.5850,0.5782,1.0e-04,27.88,0.44,4.2
5251,26.66,20.2505,198.7766,60.5435,0.5757,1.0e-04,,,3.5
5252,26.68,20.2759,192.0174,60.9185,0.5755,1.0e-04,,,3.5
5253,26.57,20.0977,170.0948,62.6522,0.5784,1.0e-04,,,3.5
5254,27.23,20.5229,198.3442,64.3594,0.5721,1.0e-04,,,3.6
5255,27.53,20.9297,163.2963,61.2344,0.5722,1.0e-04,,,3.6
5256,26.73,20.2983,174.0466,62.7609,0.5757,1.0e-04,,,3.6
5257,27.20,20.6299,176.5152,63.8203,0.5758,1.0e-04,,,3.6
5258,27.64,21.0669,189.6814,62.1927,0.5725,1.0e-04,,,3.5
5259,27.29,20.7959,180.0542,60.1693,0.5769,1.0e-04,,,3.5
5260,27.57,21.1802,159.9444,57.3359,0.5766,1.0e-04,27.89,0.42,3.6
5261,26.13,19.7905,169.3677,60.8370,0.5726,1.0e-04,,,3.5
5262,27.49,20.7100,195.3439,59.8906,0.5787,1.0e-04,,,3.6
5263,27.19,20.7935,179.6457,58.7812,0.5710,1.0e-04,,,3.6
5264,27.34,20.9150,182.4762,59.3229,0.5726,1.0e-04,,,3.6
5265,25.45,19.1855,161.8210,57.6506,0.5740,1.0e-04,,,3.5
5266,26.71,20.3433,174.7762,59.8451,0.5743,1.0e-04,,,3.5
5267,27.55,21.0752,166.3037,57.8411,0.5817,1.0e-04,,,3.6
5268,26.53,20.0615,169.8200,55.8505,0.5810,1.0e-04,,,3.5
5269,26.41,19.9243,187.9307,59.5679,0.5772,1.0e-04,,,3.5
5270,27.54,20.6743,168.1288,55.0781,0.5849,1.0e-04,27.88,0.48,3.5
5271,26.12,19.5942,160.2821,54.5082,0.5863,1.0e-04,,,3.5
5272,27.00,20.4790,163.4039,52.4714,0.5794,1.0e-04,,,3.5
5273,27.92,21.2998,163.7013,57.8073,0.5861,1.0e-04,,,3.6
5274,26.83,20.1606,170.9496,54.0245,0.5852,1.0e-04,,,3.5
5275,26.21,19.7529,152.2809,53.9592,0.5770,1.0e-04,,,3.5
5276,26.93,20.3545,163.7296,59.2943,0.5777,1.0e-04,,,3.5
5277,27.52,20.6685,164.5722,58.3151,0.5795,1.0e-04,,,3.5
5278,27.58,20.6929,175.5855,55.9557,0.5783,1.0e-04,,,3.5
5279,27.58,20.7500,176.1630,57.3255,0.5828,1.0e-04,,,3.6
5280,26.95,20.2866,163.6753,57.3073,0.5763,1.0e-04,27.69,0.42,3.6
5281,27.35,20.7866,168.5278,59.9323,0.5788,1.0e-04,,,3.6
5282,27.00,20.4146,190.1549,60.5104,0.5680,1.0e-04,,,3.6
5283,28.00,21.3330,175.8393,57.1525,0.5717,1.0e-04,,,3.6
5284,25.63,19.4199,194.7166,57.4375,0.5698,1.0e-04,,,3.5
5285,26.87,20.3228,180.6551,59.2853,0.5813,1.0e-04,,,3.6
5286,27.07,20.5391,163.5825,57.2786,0.5778,1.0e-04,,,3.6
5287,26.65,20.0366,191.1381,56.1359,0.5754,1.0e-04,,,3.6
5288,25.84,19.5894,194.9975,61.1023,0.5664,1.0e-04,,,3.5
5289,27.26,20.7373,181.8000,60.2396,0.5745,1.0e-04,,,3.6
5290,26.82,20.1489,170.5167,59.5571,0.5747,1.0e-04,28.03,0.47,3.5
5291,28.50,21.7207,182.7432,62.0675,0.5780,1.0e-04,,,3.6
5292,27.29,20.7617,193.4097,59.2891,0.5666,1.0e-04,,,3.6
5293,27.27,20.8174,170.6282,60.7526,0.5725,1.0e-04,,,3.6
5294,27.22,20.8955,206.9648,60.6068,0.5686,1.0e-04,,,3.6
5295,27.26,20.8340,181.7643,58.7083,0.5780,1.0e-04,,,3.6
5296,27.05,20.3711,160.9125,55.2891,0.5814,1.0e-04,,,3.5
5297,26.78,20.3535,195.1125,56.9429,0.5785,1.0e-04,,,3.5
5298,26.02,19.6138,173.6082,59.8016,0.5749,1.0e-04,,,3.5
5299,26.45,20.0786,172.0208,57.5815,0.5752,1.0e-04,,,3.5
5300,27.27,20.8726,177.6200,61.0964,0.5716,1.0e-04,27.07,0.44,3.5
5301,26.43,19.9517,176.4867,58.7473,0.5719,1.0e-04,,,3.5
5302,25.30,18.9341,194.8100,57.5994,0.5725,1.0e-04,,,3.5
5303,28.05,21.3169,176.1617,56.9150,0.5713,1.0e-04,,,3.6
5304,28.06,21.2705,179.3599,59.3925,0.5713,1.0e-04,,,3.6
5305,26.45,19.7744,166.3189,57.8315,0.5795,1.0e-04,,,3.5
5306,27.26,20.6841,182.4256,62.0130,0.5728,1.0e-04,,,3.5
5307,27.25,20.9043,206.3403,63.0495,0.5663,1.0e-04,,,3.5
5308,26.33,20.0093,180.3001,59.0353,0.5758,1.0e-04,,,3.6
5309,26.98,20.7285,175.5005,58.0339,0.5645,1.0e-04,,,3.6
5310,27.91,21.5151,168.8026,53.4475,0.5780,1.0e-04,26.98,0.37,3.6
5311,25.98,19.8325,180.2706,57.3234,0.5739,1.0e-04,,,3.6
5312,26.54,20.3882,169.4750,56.0625,0.5646,1.0e-04,,,3.6
5313,26.89,20.8130,200.9177,56.1902,0.5662,1.0e-04,,,3.6
5314,26.10,20.0957,174.6955,52.5109,0.5665,1.0e-04,,,3.6
5315,26.91,20.6548,176.6772,60.5521,0.5610,1.0e-04,,,3.6
5316,27.22,20.8032,164.9919,55.3229,0.5796,1.0e-04,,,3.5
5317,25.56,19.4229,176.1666,55.5114,0.5727,1.0e-04,,,3.5
5318,28.15,21.3618,191.7849,60.2875,0.5763,1.0e-04,,,3.5
5319,27.42,20.9316,174.5122,60.4766,0.5719,1.0e-04,,,3.5
5320,26.98,20.5776,171.0999,54.9089,0.5823,1.0e-04,27.73,0.44,3.5
5321,26.65,20.2007,183.7237,57.5435,0.5749,1.0e-04,,,3.5
5322,27.03,20.3857,163.1946,59.1094,0.5785,1.0e-04,,,3.6
5323,26.32,19.8770,173.3827,59.0408,0.5795,1.0e-04,,,3.5
5324,27.56,20.9277,191.9461,60.0130,0.5782,1.0e-04,,,3.5
5325,27.64,20.8887,182.8684,57.5703,0.5741,1.0e-04,,,3.5
5326,27.78,21.0918,173.3734,56.6354,0.5791,1.0e-04,,,3.5
5327,27.83,21.2188,161.3566,58.0026,0.5830,1.0e-04,,,3.5
5328,25.92,19.5640,185.6506,56.5027,0.5771,1.0e-04,,,3.5
5329,28.08,21.5127,173.0543,56.3100,0.5759,1.0e-04,,,3.5
5330,26.36,20.1782,179.0964,57.8342,0.5770,1.0e-04,26.46,0.35,3.5
5331,27.07,20.7646,185.6186,62.6354,0.5705,1.0e-04,,,3.6
5332,26.12,20.0835,175.2546,55.9022,0.5580,1.0e-04,,,3.6
5333,27.07,20.7944,194.0718,56.7578,0.5626,1.0e-04,,,3.6
5334,27.49,21.0542,195.6315,60.2604,0.5726,1.0e-04,,,3.6
5335,27.50,20.9561,181.9004,65.1198,0.5738,1.0e-04,,,3.6
5336,26.46,20.0654,192.1710,62.0489,0.5832,1.0e-04,,,3.6
5337,26.87,20.4448,202.7302,60.0516,0.5739,1.0e-04,,,3.6
5338,26.72,20.3115,209.5475,59.6739,0.5832,1.0e-04,,,3.6
5339,26.95,20.4165,203.8608,61.9193,0.5818,1.0e-04,,,3.6
5340,26.24,19.7124,179.7890,55.5598,0.5776,1.0e-04,27.70,0.46,3.5
5341,27.73,21.0059,170.4147,58.7682,0.5862,1.0e-04,,,3.5
5342,26.83,20.0723,176.2890,57.8397,0.5799,1.0e-04,,,3.5
5343,27.08,20.3789,190.4670,57.3594,0.5723,1.0e-04,,,3.6
5344,27.30,20.5234,181.3573,57.7812,0.5843,1.0e-04,,,3.5
5345,25.28,18.6362,178.4986,62.8494,0.5782,1.0e-04,,,3.5
5346,26.65,19.6724,167.8629,57.1060,0.5838,1.0e-04,,,3.5
5347,27.59,20.7744,167.8044,55.1953,0.5786,1.0e-04,,,3.5
5348,27.98,21.2646,166.7817,56.8700,0.5724,1.0e-04,,,3.6
5349,27.22,20.6147,169.0789,61.0052,0.5747,1.0e-04,,,3.5
5350,27.07,20.5454,177.9948,62.8906,0.5773,1.0e-04,27.43,0.44,3.5
5351,27.49,21.0005,182.6595,61.4271,0.5750,1.0e-04,,,3.5
5352,27.37,20.7144,176.8692,58.8646,0.5814,1.0e-04,,,3.5
5353,27.12,20.7080,161.9350,61.5729,0.5803,1.0e-04,,,3.5
5354,26.67,20.3926,157.8523,55.0679,0.5790,1.0e-04,,,3.6
5355,26.89,20.5361,176.7031,53.6766,0.5836,1.0e-04,,,3.6
5356,26.61,20.3438,175.4871,59.1114,0.5788,1.0e-04,,,3.6
5357,27.60,21.1123,171.7887,58.9036,0.5806,1.0e-04,,,3.6
5358,27.28,20.5771,181.1537,56.1302,0.5845,1.0e-04,,,3.6
5359,26.45,19.8525,167.8117,56.6033,0.5888,1.0e-04,,,3.6
5360,26.17,19.5874,163.0414,57.6902,0.5871,1.0e-04,27.39,0.50,3.6
5361,27.37,20.6357,170.2012,56.9375,0.5830,1.0e-04,,,3.6
5362,26.26,19.9155,182.5535,58.2391,0.5773,1.0e-04,,,3.6
5363,26.32,20.0737,189.6038,56.2989,0.5739,1.0e-04,,,3.6
5364,27.21,20.9556,184.2202,59.5156,0.5750,1.0e-04,,,3.6
5365,26.45,20.1870,180.9173,62.4620,0.5695,1.0e-04,,,3.6
5366,26.81,20.6787,203.5619,65.9130,0.5677,1.0e-04,,,3.6
5367,26.32,20.2964,202.0062,61.3315,0.5678,1.0e-04,,,3.5
5368,26.58,20.2710,217.7790,63.4810,0.5792,1.0e-04,,,3.5
5369,26.79,20.3003,191.5840,61.6033,0.5769,1.0e-04,,,3.5
5370,27.20,20.9810,168.3055,62.6198,0.5627,1.0e-04,26.70,0.32,3.5
5371,27.83,21.5723,204.9238,63.3203,0.5590,1.0e-04,,,3.5
5372,26.08,20.0796,218.7420,59.5788,0.5627,1.0e-04,,,3.5
5373,27.70,21.2793,206.7682,65.4479,0.5729,1.0e-04,,,3.5
5374,26.35,20.0732,183.3857,60.6386,0.5679,1.0e-04,,,3.5
5375,26.62,20.4868,190.9805,60.7092,0.5612,1.0e-04,,,3.5
5376,27.07,20.7812,205.7657,60.7839,0.5643,1.0e-04,,,3.5
5377,26.68,20.5610,200.2096,56.2418,0.5532,1.0e-04,,,3.5
5378,26.72,20.7505,200.6732,56.8995,0.5459,1.0e-04,,,3.5
5379,25.40,19.5366,195.0416,58.7188,0.5590,1.0e-04,,,3.5
5380,27.92,21.7778,196.0277,66.1575,0.5544,1.0e-04,27.99,0.38,3.6
5381,27.42,21.0591,204.3109,61.2188,0.5691,1.0e-04,,,4.2
5382,26.45,20.3135,188.1744,59.3533,0.5640,1.0e-04,,,3.6
5383,28.35,21.9517,195.9785,61.0250,0.5578,1.0e-04,,,3.6
5384,27.50,21.1221,198.3194,59.6667,0.5655,1.0e-04,,,3.6
5385,26.53,20.2026,187.4907,64.3261,0.5639,1.0e-04,,,3.6
5386,24.40,18.0845,200.0731,54.5089,0.5758,1.0e-04,,,3.5
5387,26.83,20.3960,171.8378,55.4049,0.5735,1.0e-04,,,3.5
5388,26.90,20.6943,164.5274,57.3776,0.5683,1.0e-04,,,3.5
5389,27.78,21.5186,161.2884,61.0469,0.5595,1.0e-04,,,3.5
5390,26.54,20.3208,214.4156,56.9620,0.5612,1.0e-04,28.09,0.40,3.5
5391,28.12,21.6992,158.2925,58.7750,0.5641,1.0e-04,,,3.6
5392,27.18,20.9282,187.0125,57.2578,0.5688,1.0e-04,,,3.5
5393,27.47,21.2051,162.6277,58.2526,0.5624,1.0e-04,,,3.5
5394,27.75,21.3345,161.2210,60.9453,0.5637,1.0e-04,,,3.5
5395,25.65,19.6460,188.5512,58.3750,0.5677,1.0e-04,,,3.5
5396,25.82,19.6870,191.2340,55.9006,0.5667,1.0e-04,,,3.5
5397,24.80,19.0396,184.0592,60.8512,0.5478,1.0e-04,,,3.5
5398,26.61,20.4858,191.0510,54.1196,0.5514,1.0e-04,,,3.5
5399,25.93,19.7686,186.8569,57.9538,0.5621,1.0e-04,,,3.6
5400,27.13,20.6714,154.6788,56.7370,0.5729,1.0e-04,28.05,0.45,3.6
5401,27.50,20.9604,177.2472,60.9818,0.5526,1.0e-04,,,3.5
5402,26.27,19.8130,194.1012,55.0000,0.5636,1.0e-04,,,3.5
5403,27.85,21.1411,190.8153,59.3776,0.5641,1.0e-04,,,3.6
5404,26.80,20.6758,171.2413,60.3505,0.5516,1.0e-04,,,3.5
5405,26.06,19.9092,182.0536,59.4375,0.5622,1.0e-04,,,3.5
5406,26.94,20.7095,180.5776,62.9401,0.5614,1.0e-04,,,3.6
5407,25.60,19.6733,214.3060,57.5966,0.5551,1.0e-04,,,3.6
5408,26.61,20.4580,192.3957,62.2772,0.5658,1.0e-04,,,3.6
5409,27.06,21.0112,189.0153,62.3203,0.5465,1.0e-04,,,3.6
5410,27.32,21.0840,204.5091,61.9010,0.5659,1.0e-04,27.28,0.39,3.6
5411,27.63,21.2266,180.2254,57.6979,0.5708,1.0e-04,,,3.6
5412,25.69,19.4648,188.0549,59.4091,0.5651,1.0e-04,,,3.5
5413,27.08,20.9624,203.0027,60.1432,0.5541,1.0e-04,,,3.6
5414,26.80,20.7456,201.3988,60.1875,0.5497,1.0e-04,,,3.5
5415,27.87,21.5859,186.1938,63.0052,0.5659,1.0e-04,,,3.5
5416,28.24,21.7939,179.6433,64.2200,0.5651,1.0e-04,,,3.5
5417,26.79,20.4927,188.6886,58.3207,0.5683,1.0e-04,,,3.5
5418,26.29,19.7725,174.9370,58.0462,0.5752,1.0e-04,,,3.5
5419,27.28,20.6758,171.5519,59.7552,0.5711,1.0e-04,,,3.5
5420,27.02,20.4121,193.8941,57.7240,0.5658,1.0e-04,28.00,0.50,3.6
5421,27.41,20.6968,211.7769,59.4245,0.5731,1.0e-04,,,3.6
5422,27.46,20.8960,184.6864,58.4401,0.5725,1.0e-04,,,3.5
5423,26.01,19.4429,175.0176,57.6168,0.5713,1.0e-04,,,3.5
5424,26.28,19.7290,174.3843,55.7799,0.5779,1.0e-04,,,3.5
5425,26.67,20.2212,149.6894,55.3832,0.5820,1.0e-04,,,3.5
5426,27.27,20.7612,145.5885,61.3411,0.5787,1.0e-04,,,3.6
5427,26.13,19.9194,178.2770,58.3696,0.5759,1.0e-04,,,3.5
5428,27.20,20.8086,202.1170,60.3151,0.5779,1.0e-04,,,3.6
5429,26.94,20.5479,180.9219,59.6693,0.5737,1.0e-04,,,3.5
5430,28.27,21.6611,178.5469,63.0425,0.5747,1.0e-04,27.97,0.40,3.5
5431,27.04,20.6919,183.5725,62.6823,0.5660,1.0e-04,,,3.6
5432,27.65,20.9736,186.8859,65.3021,0.5758,1.0e-04,,,3.5
5433,27.64,20.8594,195.7000,60.2448,0.5803,1.0e-04,,,3.6
5434,25.79,19.2563,175.8438,59.9006,0.5756,1.0e-04,,,3.5
5435,28.31,21.7124,179.1362,61.4900,0.5734,1.0e-04,,,3.6
5436,27.15,20.7798,173.7996,58.0625,0.5666,1.0e-04,,,3.6
5437,28.00,21.3525,176.6172,61.4775,0.5689,1.0e-04,,,3.6
5438,26.96,20.6816,182.1444,58.6094,0.5713,1.0e-04,,,3.5
5439,27.09,20.6416,177.8668,57.1354,0.5702,1.0e-04,,,3.5
5440,26.27,19.9224,181.6266,58.5353,0.5712,1.0e-04,28.16,0.49,3.5
5441,26.54,19.9575,191.8222,60.2880,0.5788,1.0e-04,,,3.5
5442,27.68,21.1001,161.4869,53.1823,0.5755,1.0e-04,,,3.5
5443,26.77,20.3931,167.2706,65.9022,0.5661,1.0e-04,,,3.5
5444,27.38,20.9326,191.8014,61.6458,0.5646,1.0e-04,,,3.6
5445,26.41,20.0234,183.7823,59.6168,0.5784,1.0e-04,,,3.6
5446,25.27,19.1167,170.4186,57.7045,0.5715,1.0e-04,,,3.5
5447,26.46,20.0591,166.5028,56.9266,0.5724,1.0e-04,,,3.5
5448,27.05,20.6953,173.9267,59.0286,0.5707,1.0e-04,,,3.5
5449,27.82,21.1074,163.3997,61.9870,0.5717,1.0e-04,,,3.6
5450,25.07,18.9526,187.3899,57.4375,0.5611,1.0e-04,27.85,0.40,3.5
5451,26.62,20.3179,193.0766,59.5543,0.5659,1.0e-04,,,3.5
5452,26.83,20.5205,184.7550,55.6114,0.5657,1.0e-04,,,3.5
5453,26.45,20.4355,189.0093,57.5978,0.5554,1.0e-04,,,3.5
5454,27.37,21.1509,186.7637,58.4505,0.5696,1.0e-04,,,3.5
5455,27.16,20.8257,183.7576,59.3750,0.5678,1.0e-04,,,3.6
5456,26.60,20.1128,187.6371,58.3478,0.5724,1.0e-04,,,3.5
5457,27.20,20.7163,207.3288,59.9427,0.5618,1.0e-04,,,3.6
5458,27.57,21.0703,168.8615,60.2474,0.5667,1.0e-04,,,3.6
5459,27.02,20.6616,181.7332,57.2891,0.5626,1.0e-04,,,3.5
5460,29.01,22.5020,175.2204,59.8846,0.5681,1.0e-04,27.70,0.39,3.6
5461,27.26,20.9087,156.7165,57.4661,0.5723,1.0e-04,,,3.5
5462,28.14,21.8813,194.3336,61.6675,0.5550,1.0e-04,,,3.6
5463,28.24,21.8555,175.8169,62.0925,0.5547,1.0e-04,,,3.5
5464,27.52,21.3184,171.5851,61.8125,0.5557,1.0e-04,,,3.6
5465,27.30,20.9165,191.2112,66.0807,0.5625,1.0e-04,,,3.6
5466,27.48,20.9834,231.6989,59.7292,0.5626,1.0e-04,,,3.6
5467,27.53,20.9487,201.8810,58.7292,0.5706,1.0e-04,,,3.6
5468,26.65,20.4004,169.3833,59.8152,0.5671,1.0e-04,,,3.6
5469,27.69,21.5234,178.4781,62.1875,0.5588,1.0e-04,,,3.6
5470,26.91,20.8242,191.9913,60.4212,0.5543,1.0e-04,27.64,0.38,3.6
5471,26.40,20.2080,190.3575,61.8886,0.5576,1.0e-04,,,3.6
5472,28.01,21.5215,207.7050,63.5700,0.5629,1.0e-04,,,3.5
5473,27.65,21.1489,198.7079,59.6641,0.5657,1.0e-04,,,3.5
5474,27.41,21.1299,182.5593,61.7552,0.5654,1.0e-04,,,3.5
5475,25.81,19.4873,182.6740,54.2159,0.5732,1.0e-04,,,3.5
5476,27.68,21.2168,176.3300,63.4089,0.5630,1.0e-04,,,3.5
5477,26.36,20.2896,193.6489,58.9212,0.5569,1.0e-04,,,3.5
5478,27.76,21.5938,177.9557,63.8359,0.5597,1.0e-04,,,3.5
5479,26.27,20.5420,189.1927,62.9946,0.5318,1.0e-04,,,3.6
5480,27.61,21.6475,182.3404,61.9974,0.5369,1.0e-04,26.30,0.29,3.6
5481,27.31,21.2949,192.3909,60.9297,0.5500,1.0e-04,,,3.5
5482,26.12,19.9819,208.3975,62.5380,0.5520,1.0e-04,,,3.6
5483,26.46,20.2964,195.4722,63.0136,0.5527,1.0e-04,,,3.5
5484,27.12,20.7778,192.3198,60.3464,0.5596,1.0e-04,,,3.5
5485,28.11,21.6377,194.0705,61.4875,0.5636,1.0e-04,,,3.5
5486,27.77,21.2588,166.5971,59.0729,0.5750,1.0e-04,,,3.6
5487,28.80,22.0083,164.9288,59.4375,0.5750,1.0e-04,,,3.6
5488,26.21,19.8350,176.0170,59.3614,0.5727,1.0e-04,,,3.6
5489,26.87,20.4517,176.7055,59.2120,0.5680,1.0e-04,,,3.6
5490,26.75,20.4219,178.1399,58.6929,0.5670,1.0e-04,28.58,0.41,3.6
5491,26.53,20.2007,200.6289,62.7582,0.5632,1.0e-04,,,3.6
5492,27.13,20.7305,190.3871,61.2943,0.5670,1.0e-04,,,3.6
5493,27.15,20.6738,181.8886,60.0182,0.5720,1.0e-04,,,3.5
5494,25.96,19.4932,174.7746,59.2554,0.5756,1.0e-04,,,3.6
5495,28.23,21.4888,171.7656,57.9650,0.5697,1.0e-04,,,3.5
5496,28.39,21.7876,173.3766,60.3550,0.5770,1.0e-04,,,3.5
5497,27.65,21.3726,181.5086,60.5469,0.5646,1.0e-04,,,3.5
5498,27.33,20.9268,194.4514,61.7266,0.5708,1.0e-04,,,3.5
5499,27.14,20.7710,179.6077,59.9766,0.5733,1.0e-04,,,3.5
5500,27.42,21.1113,197.2941,61.8750,0.5638,1.0e-04,27.71,0.37,3.5
5501,27.65,21.3301,194.8822,62.0078,0.5700,1.0e-04,,,3.5
5502,26.50,20.4185,198.6280,56.4239,0.5648,1.0e-04,,,3.6
5503,26.50,20.3794,198.4252,62.0543,0.5640,1.0e-04,,,3.6
5504,26.22,20.2817,207.1466,57.5815,0.5568,1.0e-04,,,3.6
5505,27.35,20.9106,185.7566,62.3594,0.5669,1.0e-04,,,3.5
5506,26.75,20.6318,187.3729,61.9321,0.5481,1.0e-04,,,3.5
5507,27.15,21.0908,204.1742,62.2109,0.5566,1.0e-04,,,3.5
5508,27.25,21.1406,195.9267,60.4271,0.5582,1.0e-04,,,3.5
5509,26.83,20.8545,194.6855,60.9293,0.5541,1.0e-04,,,3.6
5510,26.79,20.8799,194.9263,64.5598,0.5565,1.0e-04,27.96,0.34,3.6
5511,28.38,22.0942,174.8039,59.3075,0.5722,1.0e-04,,,3.6
5512,26.30,19.9058,183.7626,61.3804,0.5733,1.0e-04,,,3.5
5513,27.84,21.3042,170.3321,55.7891,0.5594,1.0e-04,,,3.6
5514,27.64,21.2300,179.0330,61.2578,0.5635,1.0e-04,,,3.5
5515,26.40,20.1016,172.4577,60.2500,0.5574,1.0e-04,,,3.5
5516,28.77,22.4150,163.0408,61.3200,0.5596,1.0e-04,,,3.6
5517,25.82,19.6489,194.1819,58.3778,0.5641,1.0e-04,,,3.5
5518,27.75,21.2402,178.8652,61.7995,0.5671,1.0e-04,,,3.6
5519,27.98,21.3638,167.3600,60.6875,0.5687,1.0e-04,,,3.6
5520,26.52,20.4336,185.5184,55.4158,0.5605,1.0e-04,27.44,0.35,3.5
5521,27.42,21.1997,174.8494,59.7812,0.5555,1.0e-04,,,3.6
5522,26.66,20.4819,187.9817,59.5136,0.5510,1.0e-04,,,3.5
5523,27.16,20.9814,194.1355,56.6667,0.5562,1.0e-04,,,3.5
5524,26.65,20.6201,178.6588,57.1793,0.5538,1.0e-04,,,3.5
5525,26.34,20.2886,183.6273,57.0761,0.5624,1.0e-04,,,3.5
5526,25.97,20.1055,179.0279,53.4592,0.5493,1.0e-04,,,3.5
5527,25.99,20.0156,162.9821,53.4864,0.5656,1.0e-04,,,3.5
5528,26.90,20.7417,159.0979,59.5365,0.5609,1.0e-04,,,3.5
5529,27.19,21.0591,180.1816,57.3229,0.5559,1.0e-04,,,3.6
5530,27.77,21.3926,164.5633,56.5807,0.5617,1.0e-04,27.68,0.33,3.6
5531,26.73,20.6113,165.8159,58.7255,0.5527,1.0e-04,,,3.6
5532,26.79,20.7910,154.6950,59.7745,0.5388,1.0e-04,,,3.6
5533,26.00,20.0654,184.3465,57.1658,0.5451,1.0e-04,,,3.6
5534,26.76,20.7051,170.2660,59.6277,0.5554,1.0e-04,,,3.5
5535,25.72,19.6978,182.0061,60.0540,0.5574,1.0e-04,,,3.6
5536,27.21,20.5537,161.1880,58.7083,0.5654,1.0e-04,,,3.6
5537,26.56,20.1968,213.1048,59.2310,0.5580,1.0e-04,,,3.6
5538,27.08,20.7300,180.7392,60.1484,0.5621,1.0e-04,,,3.5
5539,26.44,20.1821,173.6375,59.8832,0.5624,1.0e-04,,,3.6
5540,28.05,21.7681,160.2160,58.1800,0.5576,1.0e-04,27.74,0.38,3.6
5541,28.29,21.7812,166.0945,57.0225,0.5599,1.0e-04,,,3.6
5542,27.79,21.4067,178.8224,59.2734,0.5671,1.0e-04,,,3.5
5543,26.69,20.4248,175.3039,56.5109,0.5670,1.0e-04,,,3.5
5544,26.15,20.0474,179.9417,58.3125,0.5754,1.0e-04,,,3.5
5545,28.39,21.8281,177.3159,62.0425,0.5714,1.0e-04,,,3.6
5546,26.22,19.9419,165.7132,59.0815,0.5753,1.0e-04,,,3.5
5547,27.91,21.1860,166.7859,59.1953,0.5734,1.0e-04,,,3.5
5548,26.64,20.0229,201.3909,60.9266,0.5743,1.0e-04,,,3.5
5549,26.87,20.4185,181.4319,59.7065,0.5743,1.0e-04,,,3.5
5550,26.98,20.5396,183.8398,60.0104,0.5746,1.0e-04,28.67,0.43,3.5
5551,26.84,20.4038,196.0286,59.0272,0.5559,1.0e-04,,,3.5
5552,28.20,21.7314,166.2574,61.5025,0.5542,1.0e-04,,,3.5
5553,27.94,21.6055,198.0852,64.9175,0.5609,1.0e-04,,,3.6
5554,26.55,20.3955,188.1129,61.6984,0.5544,1.0e-04,,,3.6
5555,27.72,21.4058,177.5433,61.4427,0.5600,1.0e-04,,,3.6
5556,26.63,20.4136,186.5861,63.2772,0.5709,1.0e-04,,,3.6
5557,26.62,20.3350,214.9698,60.5870,0.5600,1.0e-04,,,3.6
5558,26.43,20.2817,186.3744,59.8777,0.5472,1.0e-04,,,3.6
5559,28.06,21.7285,199.8569,61.1025,0.5531,1.0e-04,,,3.6
5560,27.42,21.1870,174.4731,58.4271,0.5597,1.0e-04,28.41,0.41,3.6
5561,25.86,19.5918,186.3604,59.8835,0.5568,1.0e-04,,,3.6
5562,26.64,20.5703,179.3327,61.6250,0.5457,1.0e-04,,,3.6
5563,27.06,20.9106,194.3546,60.0260,0.5394,1.0e-04,,,3.6
5564,26.65,20.6479,195.2549,58.9429,0.5446,1.0e-04,,,3.6
5565,26.50,20.4771,193.1269,59.7989,0.5554,1.0e-04,,,3.5
5566,26.19,19.9731,197.3141,57.6168,0.5687,1.0e-04,,,3.5
5567,26.91,20.8604,183.2772,58.4531,0.5499,1.0e-04,,,3.6
5568,27.28,20.9619,180.2839,57.9792,0.5572,1.0e-04,,,3.5
5569,27.18,20.9722,188.8186,56.8464,0.5447,1.0e-04,,,3.5
5570,26.44,20.3633,187.2578,59.4321,0.5500,1.0e-04,26.76,0.32,3.5
5571,28.20,22.0024,187.6192,59.1250,0.5439,1.0e-04,,,3.6
5572,28.00,21.8750,166.7831,58.5475,0.5451,1.0e-04,,,3.5
5573,27.44,21.2188,181.0788,60.3724,0.5459,1.0e-04,,,3.5
5574,27.33,21.0552,167.5631,57.1146,0.5558,1.0e-04,,,3.5
5575,26.80,20.5605,203.0307,58.2038,0.5579,1.0e-04,,,3.5
5576,26.75,20.1201,177.4049,56.7092,0.5634,1.0e-04,,,3.5
5577,27.00,20.2754,170.2067,57.3516,0.5718,1.0e-04,,,3.6
5578,26.75,20.0938,182.8295,62.0842,0.5640,1.0e-04,,,3.6
5579,27.82,21.1758,177.9392,58.1641,0.5708,1.0e-04,,,3.6
5580,25.56,19.1313,178.7053,55.9972,0.5668,1.0e-04,28.21,0.47,3.6
5581,26.35,19.8540,176.6015,60.1576,0.5726,1.0e-04,,,3.6
5582,26.91,20.4839,189.3807,59.0026,0.5594,1.0e-04,,,3.6
5583,27.27,20.6436,193.2048,59.1068,0.5742,1.0e-04,,,3.6
5584,27.10,20.5542,198.6992,61.3672,0.5661,1.0e-04,,,3.6
5585,27.74,21.1816,203.4555,60.4661,0.5671,1.0e-04,,,3.6
5586,26.77,20.4336,167.1812,60.0054,0.5707,1.0e-04,,,3.6
5587,27.15,20.6768,191.2731,62.9844,0.5669,1.0e-04,,,3.5
5588,26.83,20.2544,183.7838,59.1929,0.5773,1.0e-04,,,3.5
5589,28.72,21.6865,177.0146,60.6100,0.5798,1.0e-04,,,3.5
5590,27.96,21.0107,179.1943,58.0725,0.5654,1.0e-04,27.95,0.46,3.6
5591,27.45,20.8774,202.7680,61.8307,0.5685,1.0e-04,,,3.5
5592,26.76,20.1646,165.1936,56.6413,0.5722,1.0e-04,,,3.5
5593,26.79,20.2417,188.2186,62.3886,0.5765,1.0e-04,,,3.5
5594,27.23,20.7734,180.8543,63.3646,0.5692,1.0e-04,,,3.5
5595,26.86,20.4766,192.2312,60.3832,0.5706,1.0e-04,,,3.5
5596,26.92,20.6558,189.7935,58.6745,0.5697,1.0e-04,,,3.5
5597,28.03,21.4995,153.6182,61.1750,0.5770,1.0e-04,,,3.5
5598,26.62,20.6094,184.1535,59.9538,0.5653,1.0e-04,,,3.5
5599,26.54,20.3716,187.9895,59.5136,0.5699,1.0e-04,,,3.5
5600,26.49,20.0415,171.0001,59.0408,0.5770,1.0e-04,27.78,0.45,3.5
5601,26.36,19.9585,170.1984,58.3288,0.5791,1.0e-04,,,3.5
5602,26.62,20.1177,188.8324,58.0380,0.5862,1.0e-04,,,3.5
5603,27.77,21.1294,176.2904,59.5964,0.5835,1.0e-04,,,3.5
5604,27.23,20.7788,179.2203,61.8229,0.5776,1.0e-04,,,3.6
5605,27.07,20.6528,202.2570,61.7786,0.5742,1.0e-04,,,3.6
5606,27.27,21.0449,170.1646,58.4714,0.5606,1.0e-04,,,3.6
5607,26.55,20.4702,180.4296,61.2880,0.5590,1.0e-04,,,3.6
5608,26.89,20.8350,183.2924,58.6745,0.5633,1.0e-04,,,3.6
5609,26.73,20.4604,191.3041,63.0190,0.5730,1.0e-04,,,3.6
5610,26.05,19.7896,190.6176,59.5000,0.5719,1.0e-04,27.69,0.41,3.5
5611,25.75,19.5034,183.0276,56.3920,0.5722,1.0e-04,,,3.6
5612,27.14,20.6665,185.3307,58.9792,0.5772,1.0e-04,,,3.5
5613,26.47,20.2310,171.1240,56.9402,0.5699,1.0e-04,,,3.5
5614,26.41,20.2759,169.4099,57.5109,0.5727,1.0e-04,,,3.5
5615,28.04,21.4624,181.2063,58.7125,0.5755,1.0e-04,,,3.6
5616,27.42,20.8643,176.5512,58.7500,0.5728,1.0e-04,,,3.5
5617,27.60,20.9351,172.0683,58.4688,0.5718,1.0e-04,,,3.5
5618,26.92,20.3110,170.1754,56.6745,0.5766,1.0e-04,,,3.5
5619,26.20,19.6025,169.0751,63.2609,0.5730,1.0e-04,,,3.5
5620,26.58,20.0063,195.9420,58.9293,0.5686,1.0e-04,27.81,0.55,3.5
5621,26.07,19.3735,176.7111,58.4185,0.5724,1.0e-04,,,3.5
5622,27.55,20.6787,173.3282,61.1849,0.5768,1.0e-04,,,3.5
5623,29.06,22.0317,169.7255,59.9952,0.5763,1.0e-04,,,3.6
5624,27.68,21.0791,169.2768,60.6146,0.5775,1.0e-04,,,3.6
5625,26.17,19.7754,174.0258,56.5245,0.5727,1.0e-04,,,3.5
5626,27.00,20.4551,151.6897,59.6432,0.5772,1.0e-04,,,3.5
5627,26.03,19.7578,197.7959,55.9565,0.5757,1.0e-04,,,3.5
5628,27.53,21.1060,173.7128,60.5182,0.5669,1.0e-04,,,3.5
5629,26.83,20.3848,180.9262,57.3451,0.5779,1.0e-04,,,3.5
5630,27.15,20.6152,172.7882,58.7604,0.5706,1.0e-04,28.17,0.40,3.5
5631,26.22,19.9473,186.3306,55.7908,0.5747,1.0e-04,,,3.6
5632,27.34,20.7744,184.2398,58.4844,0.5752,1.0e-04,,,4.2
5633,27.79,21.2949,174.5469,57.2109,0.5777,1.0e-04,,,3.5
5634,25.90,19.5376,187.7422,58.0462,0.5778,1.0e-04,,,3.5
5635,27.28,20.7803,187.0923,58.0417,0.5807,1.0e-04,,,3.6
5636,28.10,21.4517,162.4565,60.7150,0.5806,1.0e-04,,,3.6
5637,25.28,18.8589,187.4577,55.3068,0.5782,1.0e-04,,,3.5
5638,27.22,20.4214,200.0102,59.9583,0.5779,1.0e-04,,,3.5
5639,27.22,20.3623,168.1566,56.5781,0.5797,1.0e-04,,,3.5
5640,26.92,20.1753,152.7922,56.4219,0.5753,1.0e-04,28.47,0.50,3.5
5641,26.11,19.5674,174.0779,61.2065,0.5715,1.0e-04,,,3.5
5642,27.58,21.0044,180.5049,61.6510,0.5697,1.0e-04,,,3.5
5643,26.64,20.1455,194.4190,62.5734,0.5698,1.0e-04,,,3.5
5644,27.69,21.0864,173.3681,59.6510,0.5702,1.0e-04,,,3.5
5645,26.93,20.3047,168.3565,64.3451,0.5800,1.0e-04,,,3.6
5646,26.85,20.4194,189.2575,55.4130,0.5776,1.0e-04,,,3.6
5647,26.63,20.1753,177.2514,58.3478,0.5707,1.0e-04,,,3.5
5648,27.78,21.2100,162.6738,61.3646,0.5768,1.0e-04,,,3.5
5649,28.69,22.0156,166.6464,61.2875,0.5801,1.0e-04,,,3.5
5650,26.02,19.7764,185.6373,59.5272,0.5747,1.0e-04,27.64,0.38,3.5
5651,27.61,21.3237,171.8141,61.4219,0.5637,1.0e-04,,,3.6
5652,27.54,21.2065,188.0659,61.7188,0.5717,1.0e-04,,,3.5
5653,26.48,20.1875,195.3454,62.1685,0.5706,1.0e-04,,,3.5
5654,26.35,19.9570,177.0884,58.3696,0.5826,1.0e-04,,,3.5
5655,26.99,20.5479,175.9934,58.1068,0.5710,1.0e-04,,,3.6
5656,27.67,21.3198,169.3174,60.3151,0.5749,1.0e-04,,,3.5
5657,28.21,21.7300,202.7174,64.0175,0.5683,1.0e-04,,,3.6
5658,25.81,19.6211,207.9558,63.5455,0.5777,1.0e-04,,,3.5
5659,27.04,20.6597,181.5553,60.3958,0.5727,1.0e-04,,,3.6
5660,26.62,20.1289,179.6755,61.3207,0.5752,1.0e-04,28.04,0.47,3.5
5661,27.16,20.6035,195.4799,61.2917,0.5782,1.0e-04,,,3.6
5662,27.18,20.6045,187.5398,61.1276,0.5729,1.0e-04,,,3.5
5663,27.18,20.5356,173.7095,57.4271,0.5795,1.0e-04,,,3.6
5664,25.89,19.3726,193.2994,59.6790,0.5867,1.0e-04,,,3.5
5665,27.27,20.5781,152.6199,54.9505,0.5877,1.0e-04,,,3.5
5666,27.82,21.0254,177.7286,61.3359,0.5827,1.0e-04,,,3.5
5667,27.80,21.1440,165.3055,61.0573,0.5806,1.0e-04,,,3.6
5668,26.21,19.8755,160.7332,55.2799,0.5795,1.0e-04,,,3.5
5669,28.62,22.0474,158.7932,59.8175,0.5729,1.0e-04,,,3.5
5670,25.98,19.8940,167.5855,59.1467,0.5748,1.0e-04,27.46,0.34,3.6
5671,26.87,20.6851,171.2526,57.4130,0.5685,1.0e-04,,,3.6
5672,26.79,20.6543,185.0516,61.0734,0.5628,1.0e-04,,,3.5
5673,27.32,20.9165,155.7409,59.2266,0.5762,1.0e-04,,,3.6
5674,26.45,20.1636,171.7818,61.8071,0.5706,1.0e-04,,,3.5
5675,27.51,21.1475,186.9759,61.1016,0.5708,1.0e-04,,,3.5
5676,27.04,20.8218,172.1656,59.1068,0.5688,1.0e-04,,,3.5
5677,27.13,21.0200,190.8585,61.2266,0.5600,1.0e-04,,,3.6
5678,25.72,19.4780,181.1607,58.4830,0.5664,1.0e-04,,,3.5
5679,26.27,19.8086,185.0153,56.3533,0.5728,1.0e-04,,,3.5
5680,27.31,20.8081,175.2953,57.8099,0.5714,1.0e-04,28.12,0.40,3.6
5681,26.33,20.0029,158.5837,58.1440,0.5709,1.0e-04,,,3.6
5682,26.43,20.1860,198.1161,59.2554,0.5644,1.0e-04,,,3.6
5683,27.87,21.4878,188.0504,57.3438,0.5728,1.0e-04,,,3.6
5684,27.10,20.8091,168.7751,55.0521,0.5659,1.0e-04,,,3.5
5685,26.62,20.0010,159.9997,58.1440,0.5796,1.0e-04,,,3.6
5686,26.18,19.6289,189.4049,58.5109,0.5767,1.0e-04,,,3.6
5687,27.18,20.5908,180.6256,59.7656,0.5749,1.0e-04,,,3.6
5688,26.81,20.1675,165.3744,57.6114,0.5767,1.0e-04,,,3.6
5689,28.63,21.9233,170.5548,64.1625,0.5769,1.0e-04,,,3.6
5690,27.55,20.9673,186.9202,56.6146,0.5749,1.0e-04,27.93,0.47,3.6
5691,26.47,20.0479,167.9143,63.5435,0.5799,1.0e-04,,,3.5
5692,27.05,20.5952,161.6715,60.1901,0.5782,1.0e-04,,,3.5
5693,28.33,21.6538,177.3045,58.6975,0.5747,1.0e-04,,,3.6
5694,27.02,20.5679,170.6485,62.1667,0.5762,1.0e-04,,,3.5
5695,26.16,19.6343,201.1565,59.4185,0.5747,1.0e-04,,,3.5
5696,27.26,20.8682,180.3276,59.0885,0.5763,1.0e-04,,,3.6
5697,27.94,21.3369,181.6698,59.6625,0.5746,1.0e-04,,,3.5
5698,27.15,20.5161,196.2846,63.8698,0.5764,1.0e-04,,,3.5
5699,26.62,20.2017,180.0291,60.4022,0.5702,1.0e-04,,,3.5
5700,27.40,21.0977,179.9298,63.5651,0.5711,1.0e-04,28.65,0.40,3.5
5701,27.23,20.9287,181.7525,62.0208,0.5738,1.0e-04,,,3.5
5702,25.66,19.6406,189.7779,58.8239,0.5693,1.0e-04,,,3.5
5703,26.38,20.1001,198.4928,58.2690,0.5751,1.0e-04,,,3.5
5704,28.49,22.1113,173.5826,65.9925,0.5693,1.0e-04,,,3.5
5705,26.74,20.3145,199.5550,62.6766,0.5741,1.0e-04,,,3.5
5706,26.54,20.2012,222.5499,63.4022,0.5722,1.0e-04,,,3.5
5707,27.83,21.1270,190.4752,63.8776,0.5708,1.0e-04,,,3.6
5708,28.24,21.6782,192.9649,60.8425,0.5760,1.0e-04,,,3.6
5709,26.42,19.8848,176.6828,57.9103,0.5800,1.0e-04,,,3.5
5710,26.41,19.8506,185.9152,59.3043,0.5786,1.0e-04,27.98,0.48,3.5
5711,27.06,20.5078,201.0329,62.0911,0.5771,1.0e-04,,,3.5
5712,26.01,19.3589,184.6086,59.5435,0.5814,1.0e-04,,,3.6
5713,27.41,20.7661,178.8015,58.4896,0.5786,1.0e-04,,,3.5
5714,27.16,20.5454,196.3469,59.9609,0.5724,1.0e-04,,,3.6
5715,26.57,20.0952,192.3791,60.4321,0.5802,1.0e-04,,,3.6
5716,27.57,20.8545,213.7314,61.1797,0.5758,1.0e-04,,,3.5
5717,26.27,19.7207,187.1310,61.5299,0.5770,1.0e-04,,,3.5
5718,27.76,20.9722,187.2194,58.9766,0.5748,1.0e-04,,,3.6
5719,26.94,20.2495,203.8682,61.7266,0.5761,1.0e-04,,,3.6
5720,27.58,20.7661,195.5982,59.5391,0.5704,1.0e-04,28.02,0.55,3.6
5721,26.91,20.0552,185.1834,65.3854,0.5752,1.0e-04,,,3.6
5722,27.17,20.3213,175.2868,61.8021,0.5793,1.0e-04,,,3.6
5723,26.82,20.1187,190.6943,62.1848,0.5778,1.0e-04,,,3.5
5724,27.50,20.7026,188.0883,63.8542,0.5741,1.0e-04,,,3.5
5725,26.60,19.9634,193.3526,58.6277,0.5748,1.0e-04,,,3.5
5726,26.31,19.8896,207.3542,61.6630,0.5700,1.0e-04,,,3.5
5727,26.97,20.1206,193.5288,59.7630,0.5819,1.0e-04,,,3.5
5728,27.14,20.5693,185.0644,57.2109,0.5811,1.0e-04,,,3.5
5729,26.58,19.7896,173.5830,59.4701,0.5779,1.0e-04,,,3.5
5730,27.01,20.1016,224.1811,58.1797,0.5771,1.0e-04,28.24,0.58,3.5
5731,25.96,19.1650,198.3229,55.8207,0.5736,1.0e-04,,,3.5
5732,27.32,20.4097,182.9764,59.4505,0.5780,1.0e-04,,,3.5
5733,26.68,19.9858,180.0572,57.3152,0.5722,1.0e-04,,,3.7
5734,27.10,20.3389,182.1410,57.9271,0.5769,1.0e-04,,,3.9
5735,27.26,20.4692,175.2593,54.8516,0.5794,1.0e-04,,,3.6
5736,26.40,19.7007,197.4811,61.9321,0.5749,1.0e-04,,,3.6
5737,28.41,21.5283,194.6194,60.7275,0.5762,1.0e-04,,,3.6
5738,25.78,19.2402,169.6925,59.5483,0.5836,1.0e-04,,,3.6
5739,26.45,19.7837,168.1502,55.7038,0.5777,1.0e-04,,,3.6
5740,26.53,20.0542,166.6975,57.1467,0.5741,1.0e-04,28.00,0.42,3.6
5741,27.35,20.9233,173.3050,60.3958,0.5792,1.0e-04,,,3.6
5742,25.96,19.8037,181.7486,62.9158,0.5750,1.0e-04,,,3.5
5743,26.80,20.3730,185.0721,61.0924,0.5711,1.0e-04,,,3.5
5744,27.38,21.0361,193.1746,57.4349,0.5708,1.0e-04,,,3.5
5745,26.24,19.8433,192.2953,59.3886,0.5774,1.0e-04,,,3.5
5746,27.98,21.2842,159.3030,59.8650,0.5808,1.0e-04,,,3.6
5747,25.53,19.2549,204.4563,58.2983,0.5702,1.0e-04,,,3.5
5748,26.62,20.2607,189.1970,61.7989,0.5750,1.0e-04,,,3.5
5749,27.22,20.7720,186.3893,61.9062,0.5742,1.0e-04,,,3.5
5750,25.89,19.4702,190.3690,56.4119,0.5764,1.0e-04,27.71,0.44,3.5
5751,27.29,20.8110,187.1520,61.5703,0.5712,1.0e-04,,,3.5
5752,27.63,21.0312,178.9329,57.4714,0.5763,1.0e-04,,,3.5
5753,27.60,21.2764,190.0822,57.7161,0.5710,1.0e-04,,,3.5
5754,27.21,20.7495,175.8828,62.9401,0.5747,1.0e-04,,,3.5
5755,26.92,20.4844,181.6853,61.4531,0.5693,1.0e-04,,,3.6
5756,28.14,21.4663,168.8958,61.1125,0.5725,1.0e-04,,,3.6
5757,26.24,19.8804,186.2903,61.1386,0.5740,1.0e-04,,,3.6
5758,27.94,21.4780,182.9661,63.9800,0.5623,1.0e-04,,,3.6
5759,27.51,20.9712,194.8914,60.4974,0.5742,1.0e-04,,,3.6
5760,26.12,19.8857,187.4146,63.2255,0.5649,1.0e-04,27.21,0.42,3.6
5761,26.67,20.2188,185.3369,62.6957,0.5707,1.0e-04,,,3.6
5762,26.25,19.7388,176.9313,57.6168,0.5699,1.0e-04,,,3.6
5763,27.46,20.2896,169.5337,57.7031,0.5736,1.0e-04,,,3.6
5764,26.35,19.6792,162.8106,58.9158,0.5790,1.0e-04,,,3.6
5765,27.08,20.3804,176.5646,59.8411,0.5765,1.0e-04,,,3.6
5766,26.38,19.9565,188.3412,62.2337,0.5677,1.0e-04,,,3.5
5767,28.23,21.5767,185.8190,62.8450,0.5764,1.0e-04,,,3.6
5768,26.78,20.1626,204.1922,63.8424,0.5698,1.0e-04,,,3.5
5769,26.96,20.3892,181.0453,62.7266,0.5725,1.0e-04,,,3.5
5770,26.80,20.2271,187.5435,63.9103,0.5740,1.0e-04,28.13,0.43,3.5
5771,28.03,21.3984,197.0926,60.2150,0.5688,1.0e-04,,,3.5
5772,25.93,19.4912,211.6867,61.5190,0.5702,1.0e-04,,,3.5
5773,26.84,20.4517,187.4763,62.9728,0.5688,1.0e-04,,,3.5
5774,26.17,19.8218,203.6408,60.7174,0.5648,1.0e-04,,,3.5
5775,25.60,19.4087,204.2314,63.1335,0.5659,1.0e-04,,,3.5
5776,27.72,21.0776,202.3176,63.9297,0.5726,1.0e-04,,,3.5
5777,25.14,18.9473,196.4075,57.4347,0.5648,1.0e-04,,,3.5
5778,26.88,20.5005,183.6850,60.3438,0.5711,1.0e-04,,,3.5
5779,26.93,20.6406,172.6462,59.0208,0.5649,1.0e-04,,,3.6
5780,27.48,21.0347,179.5468,57.6693,0.5690,1.0e-04,27.93,0.39,3.6
5781,26.67,20.3169,174.8210,56.4647,0.5731,1.0e-04,,,3.6
5782,27.25,20.9224,170.0853,58.4896,0.5707,1.0e-04,,,3.6
5783,28.16,21.8345,167.2906,65.1750,0.5701,1.0e-04,,,3.6
5784,26.49,20.1934,168.3776,57.1793,0.5724,1.0e-04,,,3.6
5785,25.07,19.1445,207.2099,55.8949,0.5716,1.0e-04,,,3.6
5786,27.14,20.7734,174.6197,56.4870,0.5744,1.0e-04,,,3.6
5787,27.29,20.8491,175.3027,60.5807,0.5660,1.0e-04,,,3.6
5788,25.73,19.4287,188.7896,58.0426,0.5708,1.0e-04,,,3.5
5789,26.86,20.4390,178.2282,60.7500,0.5687,1.0e-04,,,3.5
5790,26.54,20.1230,164.6971,55.3016,0.5777,1.0e-04,27.91,0.50,3.5
5791,26.75,20.2363,166.6283,56.7310,0.5766,1.0e-04,,,3.5
5792,27.10,20.6050,157.9983,57.6901,0.5704,1.0e-04,,,3.5
5793,27.95,21.2075,155.3588,61.3750,0.5770,1.0e-04,,,3.6
5794,26.54,20.1997,182.3566,63.2636,0.5620,1.0e-04,,,3.5
5795,26.37,20.0728,194.6093,61.8315,0.5621,1.0e-04,,,3.5
5796,26.39,19.9590,182.5741,63.5870,0.5709,1.0e-04,,,3.5
5797,26.82,20.3545,202.2855,63.1005,0.5727,1.0e-04,,,3.5
5798,26.67,20.3008,199.4147,56.4538,0.5664,1.0e-04,,,3.5
5799,26.60,20.3838,187.3702,61.8071,0.5623,1.0e-04,,,3.5
5800,28.35,21.9028,166.8731,60.1200,0.5652,1.0e-04,28.32,0.43,3.5
5801,27.60,21.0762,183.9901,59.3672,0.5652,1.0e-04,,,3.6
5802,26.33,19.9966,168.2151,59.5489,0.5679,1.0e-04,,,3.5
5803,25.93,19.6460,178.3185,58.7092,0.5717,1.0e-04,,,3.5
5804,27.29,20.9595,191.3404,58.3281,0.5741,1.0e-04,,,3.6
5805,24.88,18.7397,167.2734,56.3665,0.5745,1.0e-04,,,3.5
5806,28.64,21.9712,149.3140,58.2150,0.5762,1.0e-04,,,3.6
5807,26.46,20.2524,177.0767,56.2527,0.5734,1.0e-04,,,3.7
5808,26.82,20.4570,167.8957,53.5842,0.5733,1.0e-04,,,3.6
5809,27.72,21.1309,162.7963,56.8411,0.5767,1.0e-04,,,3.6
5810,25.55,19.5439,172.6094,54.8778,0.5590,1.0e-04,27.53,0.36,3.6
5811,27.87,21.5420,159.9055,60.8984,0.5692,1.0e-04,,,3.6
5812,27.69,21.3672,171.6067,63.4349,0.5638,1.0e-04,,,3.5
5813,27.52,21.3506,161.9877,62.2135,0.5702,1.0e-04,,,3.6
5814,26.82,20.5464,169.6305,56.7826,0.5730,1.0e-04,,,3.5
5815,26.40,20.3149,185.6326,58.4293,0.5687,1.0e-04,,,3.5
5816,28.14,21.5337,173.7689,60.5550,0.5797,1.0e-04,,,3.5
5817,25.88,19.5757,194.2992,59.3835,0.5712,1.0e-04,,,3.5
5818,27.50,20.7705,209.8769,60.4661,0.5728,1.0e-04,,,3.5
5819,26.07,19.4888,198.4990,61.8342,0.5736,1.0e-04,,,3.5
5820,27.33,20.3491,191.5387,59.0911,0.5785,1.0e-04,27.25,0.66,3.5
5821,26.65,19.6206,193.4702,57.4402,0.5771,1.0e-04,,,3.5
5822,27.12,19.8711,183.8036,58.3490,0.5700,1.0e-04,,,3.5
5823,25.83,19.0552,177.1371,54.4119,0.5777,1.0e-04,,,3.5
5824,26.59,19.7847,168.6268,56.2935,0.5835,1.0e-04,,,3.5
5825,26.59,20.0190,144.5380,56.4076,0.5839,1.0e-04,,,3.5
5826,25.27,18.8110,185.1559,59.9574,0.5854,1.0e-04,,,3.5
5827,27.88,21.1631,157.3259,56.7161,0.5792,1.0e-04,,,3.6
5828,28.17,21.5435,173.8404,62.5150,0.5745,1.0e-04,,,3.6
5829,27.82,21.0381,184.0801,61.0130,0.5737,1.0e-04,,,3.6
5830,25.61,19.0205,184.0114,56.2585,0.5806,1.0e-04,27.07,0.57,3.6
5831,26.62,19.8931,175.6820,59.5245,0.5817,1.0e-04,,,3.6
5832,27.48,20.6235,158.1839,59.8203,0.5871,1.0e-04,,,3.6
5833,26.58,19.9131,171.5709,55.6196,0.5843,1.0e-04,,,3.6
5834,27.26,20.5225,160.3779,57.8229,0.5825,1.0e-04,,,3.5
5835,27.13,20.4380,160.7096,55.7474,0.5846,1.0e-04,,,3.6
5836,26.21,19.5981,165.7260,57.6685,0.5826,1.0e-04,,,3.6
5837,27.16,20.2798,156.9942,59.2422,0.5849,1.0e-04,,,3.6
5838,26.14,19.4912,158.1774,53.7908,0.5728,1.0e-04,,,3.5
5839,26.03,19.6899,159.1658,57.0462,0.5742,1.0e-04,,,3.5
5840,27.44,20.8975,175.3787,56.9844,0.5768,1.0e-04,27.74,0.44,3.5
5841,26.77,20.3081,168.4926,56.5435,0.5708,1.0e-04,,,3.5
5842,26.54,20.2598,150.1693,58.7092,0.5649,1.0e-04,,,3.5
5843,27.56,21.3125,153.5410,60.0000,0.5666,1.0e-04,,,3.5
5844,28.27,21.8032,197.4567,63.2800,0.5645,1.0e-04,,,3.5
5845,27.33,20.9478,180.4556,59.2604,0.5754,1.0e-04,,,3.5
5846,26.86,20.7979,181.2947,60.3587,0.5674,1.0e-04,,,3.5
5847,26.51,20.2051,195.0257,61.1440,0.5777,1.0e-04,,,3.5
5848,26.99,20.5859,202.1185,61.7005,0.5770,1.0e-04,,,3.5
5849,25.86,19.5049,175.9382,56.9375,0.5744,1.0e-04,,,3.5
5850,28.11,21.5195,176.6975,60.5225,0.5741,1.0e-04,28.30,0.49,3.5
5851,26.22,19.7866,178.7315,59.2147,0.5730,1.0e-04,,,3.7
5852,26.28,19.8940,181.7529,62.8261,0.5693,1.0e-04,,,3.6
5853,27.60,20.8105,183.3660,60.0000,0.5812,1.0e-04,,,3.6
5854,26.60,20.0117,186.6977,61.9918,0.5722,1.0e-04,,,3.6
5855,27.10,20.2891,200.3603,60.5911,0.5807,1.0e-04,,,3.6
5856,28.25,21.5161,182.9618,61.4825,0.5739,1.0e-04,,,3.5
5857,28.71,21.9346,166.3912,64.6600,0.5792,1.0e-04,,,3.6
5858,25.94,19.6167,197.6939,59.9565,0.5738,1.0e-04,,,3.6
5859,26.50,20.1646,184.3530,62.3179,0.5739,1.0e-04,,,3.6
5860,25.68,19.2651,193.2241,59.3239,0.5797,1.0e-04,27.54,0.46,3.5
5861,26.97,20.4370,199.5350,62.4219,0.5748,1.0e-04,,,3.5
5862,27.36,20.9224,195.6324,61.7812,0.5741,1.0e-04,,,3.6
5863,27.14,20.7905,197.6151,62.7995,0.5744,1.0e-04,,,3.6
5864,26.92,20.3794,176.6602,65.4010,0.5820,1.0e-04,,,3.5
5865,26.85,20.2329,189.4006,57.0272,0.5791,1.0e-04,,,3.5
5866,26.79,20.3911,196.5283,59.2935,0.5842,1.0e-04,,,3.5
5867,26.57,20.1943,178.4609,61.6495,0.5766,1.0e-04,,,3.5
5868,26.82,20.7432,198.3607,61.5054,0.5670,1.0e-04,,,3.5
5869,26.12,19.9937,177.5571,59.8804,0.5748,1.0e-04,,,3.6
5870,25.41,19.4277,183.7805,60.5057,0.5739,1.0e-04,26.82,0.35,3.5
5871,25.92,19.8247,185.6086,62.0679,0.5766,1.0e-04,,,3.6
5872,26.58,20.1987,171.6464,63.2228,0.5719,1.0e-04,,,3.5
5873,27.81,21.2764,175.0612,58.9401,0.5766,1.0e-04,,,3.5
5874,27.00,20.7085,188.5475,60.5391,0.5709,1.0e-04,,,3.5
5875,26.03,19.7397,191.8755,58.6685,0.5763,1.0e-04,,,3.5
5876,27.29,20.6958,201.9340,63.0391,0.5752,1.0e-04,,,3.5
5877,27.44,20.8350,192.8019,59.5286,0.5704,1.0e-04,,,3.6
5878,26.36,20.1406,178.3747,60.2038,0.5833,1.0e-04,,,3.5
5879,27.82,21.2310,186.8211,59.1823,0.5867,1.0e-04,,,3.5
5880,27.94,21.2788,177.5623,60.8175,0.5807,1.0e-04,27.67,0.48,3.6
5881,25.91,19.4136,182.7270,55.9103,0.5871,1.0e-04,,,3.6
5882,27.10,20.5850,169.4515,58.2943,0.5843,1.0e-04,,,3.6
5883,27.26,20.7446,170.6817,58.9271,0.5844,1.0e-04,,,3.5
5884,27.81,21.2876,162.2558,62.7057,0.5711,1.0e-04,,,3.5
5885,27.21,20.7407,171.0281,57.7214,0.5784,1.0e-04,,,3.5
5886,26.52,20.1489,170.0682,54.5082,0.5826,1.0e-04,,,3.5
5887,28.21,21.6973,177.3243,60.6750,0.5694,1.0e-04,,,3.5
5888,28.56,22.0718,184.8478,61.0575,0.5681,1.0e-04,,,3.5
5889,25.77,19.6079,209.3116,60.1989,0.5696,1.0e-04,,,3.5
5890,26.09,19.7358,181.7574,58.9402,0.5758,1.0e-04,27.89,0.45,3.5
5891,26.75,20.2700,164.4410,57.7391,0.5797,1.0e-04,,,3.5
5892,27.01,20.3110,176.7671,58.1875,0.5758,1.0e-04,,,3.6
5893,27.62,20.8379,173.5930,59.0729,0.5728,1.0e-04,,,3.6
5894,27.47,20.7178,167.4197,58.5990,0.5737,1.0e-04,,,3.5
5895,27.40,20.7944,175.1977,58.8333,0.5780,1.0e-04,,,3.5
5896,26.93,20.2651,170.1632,57.1823,0.5766,1.0e-04,,,3.5
5897,26.70,20.0977,184.0040,61.6413,0.5679,1.0e-04,,,3.5
5898,27.64,20.8857,167.4321,56.4349,0.5767,1.0e-04,,,3.5
5899,27.00,20.4028,169.4805,60.5547,0.5829,1.0e-04,,,3.5
5900,27.16,20.5693,158.7377,59.8438,0.5776,1.0e-04,27.94,0.47,3.6
5901,26.73,20.2319,179.8088,57.7092,0.5720,1.0e-04,,,3.5
5902,26.71,20.3271,172.2171,60.2880,0.5773,1.0e-04,,,3.5
5903,26.79,20.3169,169.5432,58.5272,0.5768,1.0e-04,,,3.5
5904,25.85,19.7568,178.3872,59.7841,0.5703,1.0e-04,,,3.6
5905,26.83,20.6353,187.5536,62.2364,0.5615,1.0e-04,,,3.5
5906,27.36,21.1313,184.3884,67.3281,0.5590,1.0e-04,,,3.5
5907,26.94,20.5435,206.3051,62.9766,0.5605,1.0e-04,,,3.5
5908,27.93,21.6572,183.9091,62.1775,0.5633,1.0e-04,,,3.6
5909,27.24,21.0757,191.8894,61.1406,0.5636,1.0e-04,,,3.6
5910,27.26,21.0293,205.9700,64.0781,0.5581,1.0e-04,27.52,0.38,3.6
5911,27.37,21.0439,196.8713,59.6068,0.5649,1.0e-04,,,3.6
5912,26.58,20.2632,201.6384,62.1821,0.5643,1.0e-04,,,3.6
5913,27.88,21.3442,194.3034,64.9792,0.5671,1.0e-04,,,3.5
5914,26.61,20.3735,204.6730,60.6141,0.5493,1.0e-04,,,3.5
5915,27.67,21.4312,188.8730,64.9557,0.5490,1.0e-04,,,3.5
5916,26.43,20.4565,192.5532,62.6223,0.5498,1.0e-04,,,3.5
5917,26.59,20.7397,188.7748,60.8886,0.5443,1.0e-04,,,3.5
5918,27.54,21.3926,194.5112,60.0469,0.5416,1.0e-04,,,3.6
5919,27.59,21.3418,187.1331,61.9349,0.5652,1.0e-04,,,3.6
5920,26.97,20.6719,187.6559,65.9870,0.5671,1.0e-04,27.91,0.40,3.5
5921,26.21,19.9473,184.5010,66.3832,0.5641,1.0e-04,,,3.5
5922,28.95,22.1870,184.6409,65.1514,0.5730,1.0e-04,,,3.5
5923,26.83,20.3994,194.6901,62.2201,0.5738,1.0e-04,,,3.5
5924,27.47,21.0796,187.8890,64.4062,0.5631,1.0e-04,,,3.6
5925,25.27,19.1284,200.8244,57.7898,0.5751,1.0e-04,,,3.5
5926,27.33,21.1587,165.6532,64.4688,0.5508,1.0e-04,,,3.5
5927,26.27,20.0195,185.5813,62.1902,0.5609,1.0e-04,,,3.5
5928,27.44,21.0845,212.3624,60.6849,0.5595,1.0e-04,,,3.5
5929,27.30,21.0879,200.2760,63.4115,0.5611,1.0e-04,,,3.5
5930,26.14,19.9023,215.3981,64.6359,0.5668,1.0e-04,27.07,0.34,3.6
5931,27.52,21.3228,193.9289,61.5964,0.5583,1.0e-04,,,3.7
5932,27.62,21.4258,193.5074,58.7760,0.5542,1.0e-04,,,3.5
5933,27.13,20.8320,196.8530,64.2812,0.5574,1.0e-04,,,3.6
5934,27.81,21.4346,204.7956,65.1901,0.5578,1.0e-04,,,3.7
5935,26.13,20.0684,188.5361,62.6304,0.5629,1.0e-04,,,3.6
5936,27.82,21.4458,203.7207,65.5964,0.5585,1.0e-04,,,3.6
5937,26.80,20.3389,202.4958,61.5516,0.5617,1.0e-04,,,3.5
5938,27.08,20.7559,210.2837,65.2344,0.5640,1.0e-04,,,3.5
5939,27.47,21.0532,183.3589,66.4740,0.5653,1.0e-04,,,3.5
5940,27.53,20.8491,186.3863,62.9115,0.5716,1.0e-04,27.82,0.43,3.5
5941,27.12,20.6270,198.8010,61.2161,0.5765,1.0e-04,,,3.5
5942,26.66,20.2412,191.9651,62.9321,0.5644,1.0e-04,,,3.5
5943,26.40,20.2012,199.0892,61.9810,0.5664,1.0e-04,,,3.5
5944,27.18,20.8335,194.8333,62.8724,0.5632,1.0e-04,,,3.5
5945,26.66,20.6494,191.6220,59.0000,0.5596,1.0e-04,,,3.5
5946,27.83,21.4243,206.5803,62.6380,0.5659,1.0e-04,,,3.5
5947,26.89,20.7661,178.6940,62.6341,0.5596,1.0e-04,,,3.6
5948,26.41,20.3247,195.6708,61.6277,0.5519,1.0e-04,,,3.5
5949,28.25,21.8496,170.6075,60.6725,0.5547,1.0e-04,,,3.6
5950,26.72,20.4653,169.9159,58.3533,0.5657,1.0e-04,27.24,0.36,3.6
5951,26.59,20.5039,198.5950,58.7908,0.5438,1.0e-04,,,3.6
5952,27.24,21.0767,172.8398,59.5234,0.5533,1.0e-04,,,3.6
5953,26.91,20.7046,177.2357,59.9946,0.5595,1.0e-04,,,3.5
5954,27.35,20.8389,158.4845,55.7552,0.5674,1.0e-04,,,3.5
5955,28.20,21.5977,166.8314,56.0325,0.5634,1.0e-04,,,3.6
5956,27.37,20.9272,167.0657,57.7188,0.5631,1.0e-04,,,3.6
5957,27.12,20.8291,161.5801,58.2526,0.5670,1.0e-04,,,3.6
5958,26.13,19.9658,176.2101,57.1929,0.5649,1.0e-04,,,3.5
5959,26.60,20.3335,168.8951,57.0707,0.5668,1.0e-04,,,3.5
5960,27.71,21.3657,173.0308,60.1068,0.5568,1.0e-04,27.63,0.40,3.5
5961,26.26,20.0474,168.8192,58.8397,0.5645,1.0e-04,,,3.5
5962,26.34,20.1768,184.0719,59.1087,0.5697,1.0e-04,,,3.5
5963,26.53,19.9287,188.7114,58.1304,0.5773,1.0e-04,,,3.6
5964,26.87,20.4272,175.6390,59.3307,0.5641,1.0e-04,,,3.6
5965,29.05,22.2417,175.0620,58.5000,0.5623,1.0e-04,,,3.6
5966,28.29,21.6855,175.1834,60.4525,0.5724,1.0e-04,,,3.5
5967,26.99,20.6265,185.5923,62.3203,0.5638,1.0e-04,,,3.5
5968,26.34,19.9697,196.7900,60.5190,0.5688,1.0e-04,,,3.5
5969,28.42,21.7041,178.0375,60.8575,0.5693,1.0e-04,,,3.5
5970,27.19,20.7231,203.8259,62.0000,0.5693,1.0e-04,27.78,0.50,3.5
5971,26.31,19.7461,177.7738,62.6332,0.5693,1.0e-04,,,3.5
5972,27.30,20.6943,191.6555,63.5182,0.5694,1.0e-04,,,3.5
5973,28.47,21.9141,183.1519,61.1425,0.5629,1.0e-04,,,3.6
5974,27.87,21.4180,192.2101,61.7448,0.5685,1.0e-04,,,3.5
5975,27.53,21.0508,170.6988,58.6068,0.5760,1.0e-04,,,3.6
5976,26.57,20.1089,185.4423,57.3370,0.5714,1.0e-04,,,3.5
5977,26.32,20.0454,191.1934,58.8424,0.5647,1.0e-04,,,3.5
5978,26.31,20.3389,185.8477,61.4429,0.5526,1.0e-04,,,3.6
5979,25.52,19.4341,177.1848,52.8210,0.5682,1.0e-04,,,3.6
5980,26.83,20.4014,166.1701,58.0489,0.5752,1.0e-04,27.86,0.44,3.6
5981,27.69,21.1602,176.5372,58.5026,0.5680,1.0e-04,,,3.6
5982,27.81,21.3115,160.7957,63.2786,0.5688,1.0e-04,,,3.6
5983,27.63,21.0225,186.1490,59.0938,0.5668,1.0e-04,,,3.6
5984,26.82,20.2783,166.7556,59.8207,0.5703,1.0e-04,,,3.6
5985,27.30,20.6841,196.1698,60.4583,0.5640,1.0e-04,,,3.5
5986,28.40,21.6816,201.9167,60.4100,0.5673,1.0e-04,,,3.6
5987,28.14,21.4209,175.8269,60.5175,0.5664,1.0e-04,,,3.5
5988,26.23,19.8418,181.3115,56.3886,0.5676,1.0e-04,,,3.5
5989,26.47,20.2358,185.5910,56.1902,0.5686,1.0e-04,,,3.5
5990,27.52,21.0898,184.9055,59.6615,0.5664,1.0e-04,27.01,0.39,3.5
5991,26.45,20.1328,186.5935,60.0435,0.5793,1.0e-04,,,3.5
5992,27.46,21.0244,167.5033,62.1250,0.5719,1.0e-04,,,3.6
5993,26.87,20.3823,205.2439,63.2812,0.5716,1.0e-04,,,3.5
5994,26.56,20.2354,190.4767,60.4266,0.5752,1.0e-04,,,3.5
5995,28.05,21.5127,164.1748,63.4125,0.5722,1.0e-04,,,3.5
5996,27.47,20.5181,167.2126,61.7135,0.5784,1.0e-04,,,3.5
5997,26.60,19.9697,182.2453,62.7554,0.5789,1.0e-04,,,3.5
5998,26.72,19.8452,195.4548,57.4837,0.5736,1.0e-04,,,3.5
5999,28.40,21.5586,184.5638,64.6925,0.5757,1.0e-04,,,3.5
6000,25.71,19.4331,203.4888,60.7784,0.5744,1.0e-04,27.60,0.41,3.5
6001,26.29,20.0112,198.0534,61.8967,0.5688,1.0e-04,,,3.6
6002,26.43,20.2036,200.3477,61.5679,0.5700,1.0e-04,,,3.6
6003,26.74,20.4009,189.0592,61.2935,0.5717,1.0e-04,,,3.6
6004,28.18,21.6621,185.9507,61.3450,0.5720,1.0e-04,,,3.6
6005,26.64,20.3887,192.8960,66.5109,0.5672,1.0e-04,,,3.6
6006,26.83,20.3809,214.2426,64.7772,0.5726,1.0e-04,,,3.6
6007,26.77,20.3535,211.6643,60.6522,0.5695,1.0e-04,,,3.6
6008,26.71,20.2661,201.7361,59.2500,0.5760,1.0e-04,,,3.5
6009,27.02,20.6572,184.8790,62.8385,0.5664,1.0e-04,,,3.6
6010,27.06,20.7437,183.9847,61.5703,0.5737,1.0e-04,27.45,0.39,3.6
6011,27.24,20.8618,220.2891,59.8229,0.5708,1.0e-04,,,3.5
6012,27.27,20.6509,183.6709,61.1823,0.5797,1.0e-04,,,3.6
6013,27.79,20.9424,201.7097,63.3516,0.5808,1.0e-04,,,3.5
6014,27.05,20.2031,209.2199,62.8151,0.5742,1.0e-04,,,3.5
6015,27.29,20.5068,191.1908,63.8333,0.5760,1.0e-04,,,3.5
6016,26.65,20.0010,181.5980,57.4212,0.5828,1.0e-04,,,3.5
6017,26.76,20.1523,188.0994,57.8505,0.5754,1.0e-04,,,3.5
6018,27.26,20.5762,187.7273,58.9375,0.5827,1.0e-04,,,3.5
6019,26.45,19.8569,204.4834,60.8179,0.5737,1.0e-04,,,3.5
6020,27.25,20.3604,188.5194,62.1953,0.5728,1.0e-04,27.56,0.52,3.5
6021,28.00,21.1685,175.2341,63.8425,0.5812,1.0e-04,,,3.5
6022,27.98,21.2876,181.7452,63.1575,0.5788,1.0e-04,,,3.5
6023,27.16,20.3403,184.4508,63.0443,0.5820,1.0e-04,,,3.5
6024,26.83,20.1689,205.3130,64.1793,0.5843,1.0e-04,,,3.5
6025,28.35,21.4106,191.1717,64.5250,0.5881,1.0e-04,,,3.6
6026,26.47,20.1240,190.6543,59.0380,0.5849,1.0e-04,,,3.5
6027,27.23,20.7534,184.3018,59.9349,0.5798,1.0e-04,,,3.6
6028,27.79,21.1406,183.0092,62.6823,0.5800,1.0e-04,,,3.6
6029,27.14,20.5195,180.1912,61.8151,0.5752,1.0e-04,,,3.6
6030,27.38,20.7290,197.4171,62.5495,0.5826,1.0e-04,27.52,0.46,3.6
6031,26.43,19.9131,216.9732,64.3668,0.5760,1.0e-04,,,3.6
6032,28.44,21.4663,193.7106,61.8300,0.5768,1.0e-04,,,3.6
6033,25.48,18.9077,182.7882,61.6250,0.5733,1.0e-04,,,3.5
6034,27.54,20.8672,161.8106,64.3151,0.5720,1.0e-04,,,3.6
6035,26.41,19.7451,183.6046,60.1603,0.5770,1.0e-04,,,3.6
6036,26.79,20.1270,179.2719,64.9049,0.5807,1.0e-04,,,3.5
6037,26.53,20.2124,194.0017,63.2228,0.5675,1.0e-04,,,3.5
6038,26.87,20.6460,198.7298,62.8995,0.5770,1.0e-04,,,3.6
6039,25.14,19.0781,184.4085,61.4744,0.5714,1.0e-04,,,3.5
6040,26.78,20.4478,206.4861,65.1413,0.5613,1.0e-04,27.64,0.42,3.5
6041,26.82,20.4058,214.3789,61.8370,0.5716,1.0e-04,,,3.5
6042,28.13,21.3770,182.2113,65.1575,0.5717,1.0e-04,,,3.6
6043,26.91,20.3770,202.6767,64.1641,0.5758,1.0e-04,,,3.5
6044,26.46,19.9985,185.3896,60.7853,0.5786,1.0e-04,,,3.5
6045,27.21,20.7002,186.8148,61.7240,0.5779,1.0e-04,,,3.5
6046,25.72,19.2480,166.1911,57.8381,0.5773,1.0e-04,,,3.5
6047,28.19,21.3232,176.7104,57.4250,0.5823,1.0e-04,,,3.5
6048,27.55,20.6846,161.7699,61.1536,0.5816,1.0e-04,,,3.5
6049,27.24,20.3721,193.0465,61.2578,0.5748,1.0e-04,,,3.6
6050,27.27,20.5938,186.8213,59.9974,0.5783,1.0e-04,27.18,0.38,3.6
6051,26.68,20.4111,187.7463,60.4293,0.5747,1.0e-04,,,3.6
6052,26.83,20.4277,179.7829,58.3098,0.5736,1.0e-04,,,3.6
6053,27.21,20.8042,176.2302,63.6562,0.5784,1.0e-04,,,3.6
6054,25.70,19.2461,175.6677,59.5483,0.5818,1.0e-04,,,3.6
6055,28.42,21.7227,187.0803,62.4275,0.5655,1.0e-04,,,3.6
6056,27.69,21.2036,184.3141,60.8281,0.5716,1.0e-04,,,3.5
6057,26.37,20.0298,178.9208,57.3478,0.5751,1.0e-04,,,3.5
6058,26.28,19.9717,173.7517,60.6658,0.5691,1.0e-04,,,3.6
6059,24.80,18.7437,184.7030,54.4762,0.5759,1.0e-04,,,3.5
6060,26.25,19.7993,178.1295,63.4891,0.5771,1.0e-04,27.03,0.42,3.5
6061,26.19,19.9146,198.7222,63.2717,0.5687,1.0e-04,,,3.5
6062,27.95,21.4014,198.8287,59.4500,0.5644,1.0e-04,,,3.6
6063,27.19,20.8320,174.1923,57.8203,0.5683,1.0e-04,,,3.6
6064,27.70,21.0464,200.0383,64.3177,0.5766,1.0e-04,,,3.7
6065,27.76,21.3315,220.6506,64.7005,0.5730,1.0e-04,,,3.5
6066,26.04,19.8843,199.1952,63.7609,0.5740,1.0e-04,,,3.5
6067,25.60,19.4995,199.6778,63.8636,0.5735,1.0e-04,,,3.5
6068,28.37,21.9795,220.3869,65.4950,0.5702,1.0e-04,,,3.6
6069,26.53,20.4258,197.8215,63.2255,0.5694,1.0e-04,,,3.5
6070,27.45,21.1675,215.0438,64.4089,0.5598,1.0e-04,26.68,0.30,3.5
6071,26.22,20.2178,236.1684,58.2880,0.5668,1.0e-04,,,3.5
6072,26.72,20.5234,204.0203,58.5353,0.5663,1.0e-04,,,3.5
6073,27.14,20.9497,184.6601,61.7370,0.5648,1.0e-04,,,3.5
6074,26.79,20.5986,188.9899,61.7310,0.5570,1.0e-04,,,3.5
6075,26.86,20.6401,185.9332,61.8859,0.5620,1.0e-04,,,3.5
6076,27.55,21.2988,184.8704,63.0026,0.5638,1.0e-04,,,3.6
6077,26.90,20.8740,212.3814,62.6406,0.5654,1.0e-04,,,3.6
6078,27.05,20.7505,209.3726,62.2422,0.5644,1.0e-04,,,3.6
6079,27.09,20.9717,194.1580,58.5339,0.5605,1.0e-04,,,3.6
6080,26.36,20.2471,183.8509,59.8533,0.5669,1.0e-04,26.79,0.34,3.6
6081,26.74,20.6411,188.3214,58.8125,0.5692,1.0e-04,,,3.5
6082,27.77,21.6553,184.9776,58.6797,0.5646,1.0e-04,,,3.5
6083,27.04,20.7417,179.3173,61.2552,0.5625,1.0e-04,,,3.6
6084,27.44,21.1768,180.9988,61.3307,0.5692,1.0e-04,,,3.6
6085,27.45,21.1475,201.5970,58.5729,0.5650,1.0e-04,,,3.6
6086,27.36,21.1538,184.5665,60.5495,0.5597,1.0e-04,,,3.5
6087,26.22,20.2803,201.8366,61.2772,0.5577,1.0e-04,,,3.5
6088,27.42,21.2578,190.7526,58.0625,0.5655,1.0e-04,,,3.5
6089,26.34,20.4204,214.7333,56.2337,0.5509,1.0e-04,,,3.5
6090,26.58,20.8120,165.8954,54.8288,0.5457,1.0e-04,27.85,0.35,3.5
6091,25.46,19.4634,192.8848,59.2784,0.5564,1.0e-04,,,3.5
6092,26.66,20.3164,165.7128,56.3152,0.5779,1.0e-04,,,3.6
6093,27.84,21.2451,158.0731,58.5729,0.5726,1.0e-04,,,3.5
6094,27.06,20.5747,173.6286,54.6745,0.5741,1.0e-04,,,3.5
6095,26.81,20.2588,172.3658,57.4864,0.5699,1.0e-04,,,3.5
6096,26.64,20.1450,176.8277,55.9185,0.5754,1.0e-04,,,3.5
6097,27.52,20.9614,156.6037,60.2240,0.5749,1.0e-04,,,3.6
6098,27.04,20.6172,176.6782,61.5833,0.5700,1.0e-04,,,3.6
6099,28.89,22.2915,177.8163,60.0072,0.5731,1.0e-04,,,3.6
6100,26.17,20.0010,208.9310,59.3967,0.5667,1.0e-04,27.61,0.35,3.5
6101,27.34,21.0713,180.0130,62.9583,0.5651,1.0e-04,,,3.5
6102,25.85,19.7041,181.3107,60.3807,0.5669,1.0e-04,,,3.5
6103,27.11,20.9360,200.5051,60.6016,0.5704,1.0e-04,,,3.6
6104,27.61,21.2549,182.7625,57.8073,0.5706,1.0e-04,,,3.5
6105,26.97,20.5200,163.5771,58.0026,0.5760,1.0e-04,,,3.6
6106,27.32,20.7905,186.3316,58.4193,0.5715,1.0e-04,,,3.6
6107,26.86,20.5454,167.1385,56.8505,0.5752,1.0e-04,,,3.6
6108,27.88,21.3965,199.5214,61.7708,0.5660,1.0e-04,,,3.6
6109,26.13,19.9238,174.1223,57.1467,0.5712,1.0e-04,,,3.6
6110,28.25,21.8711,178.8070,60.1425,0.5658,1.0e-04,26.80,0.32,3.6
6111,27.79,21.5537,190.7167,56.4583,0.5594,1.0e-04,,,3.6
6112,26.75,20.7983,197.3562,59.4620,0.5611,1.0e-04,,,3.6
6113,27.16,20.8638,209.9579,60.4714,0.5707,1.0e-04,,,3.6
6114,25.76,19.4233,189.9109,59.2699,0.5708,1.0e-04,,,3.5
6115,27.89,21.2075,190.1047,56.9575,0.5718,1.0e-04,,,3.6
6116,27.29,20.6909,155.2464,57.1979,0.5769,1.0e-04,,,3.5
6117,26.25,19.8555,174.6865,58.2446,0.5747,1.0e-04,,,3.6
6118,26.40,20.0947,168.4142,57.6902,0.5636,1.0e-04,,,3.5
6119,27.17,20.8799,172.1423,55.8594,0.5628,1.0e-04,,,3.5
6120,25.57,19.4609,179.4160,55.1080,0.5623,1.0e-04,27.18,0.32,3.5
6121,27.38,21.1191,178.3599,57.4583,0.5660,1.0e-04,,,3.5
6122,28.10,21.9727,192.2705,62.1100,0.5584,1.0e-04,,,3.5
6123,26.49,20.4287,189.5570,59.2880,0.5644,1.0e-04,,,3.5
6124,28.17,21.8633,175.9730,58.0875,0.5671,1.0e-04,,,3.5
6125,26.99,20.9365,182.4525,60.8932,0.5684,1.0e-04,,,3.5
6126,25.53,19.5396,187.0971,58.6307,0.5564,1.0e-04,,,3.5
6127,27.08,20.9854,189.5247,61.8411,0.5605,1.0e-04,,,3.5
6128,27.59,21.2441,181.7822,59.2500,0.5693,1.0e-04,,,3.6
6129,27.74,21.3838,187.3019,62.6276,0.5719,1.0e-04,,,3.5
6130,27.20,20.7397,164.9393,59.4375,0.5647,1.0e-04,27.67,0.40,3.6
6131,28.11,21.5659,195.2091,62.7025,0.5708,1.0e-04,,,3.6
6132,26.89,20.5864,177.5249,56.2083,0.5714,1.0e-04,,,3.6
6133,27.61,20.8594,182.5116,61.6276,0.5775,1.0e-04,,,3.6
6134,27.47,20.6748,163.4066,63.2448,0.5807,1.0e-04,,,3.6
6135,28.42,21.5693,180.7718,65.3300,0.5750,1.0e-04,,,3.6
6136,28.15,21.3306,174.7302,62.0000,0.5775,1.0e-04,,,3.6
6137,27.02,20.4082,183.7701,60.5990,0.5767,1.0e-04,,,3.6
6138,27.26,20.5576,183.1963,58.7865,0.5763,1.0e-04,,,3.6
6139,26.70,20.1807,200.1011,56.7446,0.5760,1.0e-04,,,3.5
6140,26.72,20.3301,197.9673,58.4647,0.5706,1.0e-04,27.98,0.47,3.5
6141,27.55,20.9268,188.7882,60.0703,0.5706,1.0e-04,,,3.5
6142,25.98,19.5630,194.6951,62.2880,0.5639,1.0e-04,,,3.5
6143,26.55,19.9844,179.8860,60.1902,0.5603,1.0e-04,,,3.5
6144,27.15,20.6162,186.3494,59.4896,0.5624,1.0e-04,,,3.5
6145,26.19,19.7471,163.7404,60.4783,0.5750,1.0e-04,,,3.5
6146,27.57,20.9561,172.1410,58.2396,0.5712,1.0e-04,,,3.5
6147,26.62,20.1709,195.1921,61.2147,0.5774,1.0e-04,,,3.5
6148,26.12,19.9580,189.5185,58.5571,0.5746,1.0e-04,,,3.5
6149,25.91,19.6206,172.5066,63.7500,0.5669,1.0e-04,,,3.5
6150,26.62,20.3477,175.7910,60.6467,0.5686,1.0e-04,27.71,0.36,3.5
6151,28.01,21.6270,171.3131,60.2650,0.5711,1.0e-04,,,3.5
6152,25.76,19.7666,207.0522,61.5227,0.5627,1.0e-04,,,3.5
6153,27.16,20.9399,191.4963,63.6823,0.5589,1.0e-04,,,3.6
6154,27.51,21.0684,183.4671,59.3047,0.5703,1.0e-04,,,3.5
6155,26.71,20.5205,196.1235,62.0870,0.5631,1.0e-04,,,3.6
6156,25.54,19.2588,201.0035,62.2273,0.5643,1.0e-04,,,3.6
6157,27.27,20.7793,173.7486,60.3177,0.5763,1.0e-04,,,3.6
6158,28.19,21.6841,190.0445,64.0800,0.5656,1.0e-04,,,3.6
6159,26.34,20.1611,193.7237,60.3777,0.5623,1.0e-04,,,3.5
6160,26.88,20.5908,184.1071,61.7760,0.5672,1.0e-04,28.04,0.45,3.6
6161,27.87,21.2461,182.9834,62.4427,0.5689,1.0e-04,,,3.5
6162,27.84,21.1440,191.5067,63.7005,0.5668,1.0e-04,,,3.6
6163,25.53,19.2046,197.4969,60.2244,0.5691,1.0e-04,,,3.5
6164,28.17,21.3247,182.3721,60.0875,0.5664,1.0e-04,,,3.6
6165,27.40,20.5840,220.8872,62.1823,0.5623,1.0e-04,,,3.6
6166,27.86,21.0000,184.0471,62.0938,0.5699,1.0e-04,,,3.6
6167,27.69,20.6304,175.9613,65.4792,0.5696,1.0e-04,,,3.5
6168,26.68,19.7891,213.8884,60.4783,0.5760,1.0e-04,,,3.5
6169,27.44,20.6006,178.8651,61.0547,0.5739,1.0e-04,,,3.5
6170,26.99,20.2578,193.0824,58.5208,0.5657,1.0e-04,28.23,0.51,3.5
6171,27.07,20.3779,182.5704,62.2943,0.5721,1.0e-04,,,3.5
6172,25.14,18.6006,192.4944,55.9091,0.5757,1.0e-04,,,3.5
6173,27.77,20.7842,205.2573,59.9714,0.5814,1.0e-04,,,3.5
6174,25.77,19.1743,173.2650,59.3409,0.5812,1.0e-04,,,3.5
6175,25.20,18.6318,160.5806,55.7642,0.5766,1.0e-04,,,3.5
6176,26.26,19.4790,176.7666,58.3560,0.5790,1.0e-04,,,3.5
6177,28.24,21.4956,176.6208,59.2800,0.5775,1.0e-04,,,3.6
6178,27.54,21.0249,190.5184,59.5833,0.5771,1.0e-04,,,3.6
6179,27.21,20.6592,178.5869,58.0208,0.5795,1.0e-04,,,3.6
6180,25.90,19.6069,189.6080,56.0761,0.5699,1.0e-04,27.44,0.36,3.6
6181,27.14,20.8862,164.6570,57.4427,0.5782,1.0e-04,,,3.6
6182,26.47,20.3501,180.0569,54.9185,0.5637,1.0e-04,,,3.6
6183,27.23,21.0708,191.0821,63.0911,0.5656,1.0e-04,,,3.6
6184,26.74,20.2144,189.8343,61.7120,0.5760,1.0e-04,,,3.5
6185,27.82,21.3901,198.9972,61.5729,0.5649,1.0e-04,,,3.6
6186,25.91,19.8188,183.4776,59.6875,0.5679,1.0e-04,,,3.5
6187,26.19,19.8389,183.3623,56.5842,0.5737,1.0e-04,,,3.5
6188,27.89,21.2749,183.4903,59.9141,0.5724,1.0e-04,,,3.5
6189,26.59,20.1147,186.2322,60.3913,0.5757,1.0e-04,,,3.5
6190,26.81,20.2339,162.4740,59.8370,0.5730,1.0e-04,27.95,0.43,3.5
6191,25.20,18.9893,192.2464,58.0426,0.5708,1.0e-04,,,3.5
6192,26.42,19.8379,176.1068,61.3505,0.5719,1.0e-04,,,3.5
6193,26.28,19.8076,194.4474,59.4022,0.5727,1.0e-04,,,3.5
6194,27.49,21.1113,163.2463,60.5521,0.5730,1.0e-04,,,3.5
6195,26.74,20.2949,188.7031,60.3777,0.5807,1.0e-04,,,3.5
6196,27.02,20.6812,177.2469,61.8359,0.5825,1.0e-04,,,3.5
6197,26.39,20.1196,177.4244,59.8587,0.5761,1.0e-04,,,3.5
6198,28.40,21.7134,178.9879,59.0675,0.5760,1.0e-04,,,3.5
6199,27.06,20.8037,191.1826,58.8281,0.5681,1.0e-04,,,3.5
6200,26.61,20.4570,169.8308,61.4185,0.5654,1.0e-04,26.20,0.30,3.5
6201,25.32,19.4517,181.9071,57.4205,0.5568,1.0e-04,,,3.6
6202,26.80,20.7612,209.4900,62.1821,0.5584,1.0e-04,,,3.6
6203,26.40,20.2041,202.7369,62.9837,0.5613,1.0e-04,,,3.6
6204,28.75,22.4409,169.4524,63.4050,0.5627,1.0e-04,,,3.6
6205,27.55,21.2573,192.2951,68.1979,0.5670,1.0e-04,,,3.6
6206,26.33,20.0571,230.9489,65.4266,0.5665,1.0e-04,,,3.6
6207,27.21,20.9180,204.1606,63.2917,0.5685,1.0e-04,,,3.6
6208,26.36,20.2803,222.5723,64.1821,0.5610,1.0e-04,,,3.6
6209,26.05,19.9736,198.4256,64.3967,0.5592,1.0e-04,,,3.6
6210,27.66,21.3813,196.5928,61.0651,0.5620,1.0e-04,27.36,0.32,3.6
6211,27.25,21.0840,197.4286,62.5651,0.5651,1.0e-04,,,3.5
6212,27.00,20.8394,224.1375,60.0234,0.5689,1.0e-04,,,3.6
6213,25.52,19.4033,183.4141,61.0597,0.5696,1.0e-04,,,3.5
6214,28.13,21.6973,181.2791,64.8375,0.5765,1.0e-04,,,3.6
6215,26.67,20.5664,202.4058,57.6902,0.5655,1.0e-04,,,3.5
6216,27.91,21.3784,193.5585,62.5729,0.5736,1.0e-04,,,3.5
6217,26.60,20.3452,195.4326,60.8967,0.5679,1.0e-04,,,3.5
6218,27.15,20.9204,195.5236,58.3464,0.5644,1.0e-04,,,3.5
6219,26.33,20.2451,205.8259,61.9022,0.5698,1.0e-04,,,3.5
6220,27.36,21.3154,183.3889,59.3906,0.5527,1.0e-04,25.44,0.24,3.5
6221,26.20,20.4404,187.1351,63.8668,0.5571,1.0e-04,,,3.5
6222,26.63,20.6558,170.6299,59.8451,0.5559,1.0e-04,,,3.5
6223,26.43,20.4238,197.4494,64.1957,0.5683,1.0e-04,,,3.5
6224,26.41,20.1890,192.9452,58.3179,0.5692,1.0e-04,,,3.5
6225,27.38,21.0562,212.3290,59.8021,0.5726,1.0e-04,,,3.6
6226,27.00,20.7388,167.2087,57.4062,0.5767,1.0e-04,,,3.6
6227,27.11,20.8315,171.8066,62.0781,0.5708,1.0e-04,,,3.6
6228,25.90,19.7070,184.3979,57.1495,0.5679,1.0e-04,,,3.6
6229,26.45,20.2700,202.4513,59.7989,0.5718,1.0e-04,,,3.6
6230,26.98,20.6177,172.2031,59.2292,0.5812,1.0e-04,27.99,0.44,3.6
6231,26.77,20.3091,177.5665,57.7989,0.5763,1.0e-04,,,3.5
6232,27.39,20.8149,167.7936,59.1536,0.5777,1.0e-04,,,3.6
6233,26.92,20.6128,176.9828,60.5781,0.5787,1.0e-04,,,3.6
6234,27.90,21.3594,180.2212,59.4557,0.5740,1.0e-04,,,3.6
6235,28.26,21.5894,175.8364,61.4325,0.5769,1.0e-04,,,3.6
6236,28.56,21.8208,186.2588,61.7250,0.5820,1.0e-04,,,3.6
6237,26.05,19.7397,187.3798,58.7554,0.5787,1.0e-04,,,3.6
6238,28.16,21.5649,172.5260,60.9525,0.5687,1.0e-04,,,3.5
6239,26.02,19.8545,182.9518,58.7745,0.5727,1.0e-04,,,3.5
6240,27.72,21.3291,172.6773,61.4010,0.5681,1.0e-04,27.64,0.43,3.5
6241,26.50,20.1006,175.6250,56.3886,0.5784,1.0e-04,,,3.5
6242,29.57,22.7983,179.8865,60.1851,0.5743,1.0e-04,,,3.6
6243,26.95,20.4609,164.2428,58.6354,0.5804,1.0e-04,,,3.5
6244,28.05,21.4326,159.4321,62.2525,0.5767,1.0e-04,,,3.5
6245,27.48,20.9424,173.2404,58.7266,0.5707,1.0e-04,,,3.5
6246,25.94,19.5283,152.2215,56.9918,0.5711,1.0e-04,,,3.5
6247,26.83,20.2974,176.1187,57.2283,0.5732,1.0e-04,,,3.5
6248,26.68,20.1162,172.8813,59.4076,0.5722,1.0e-04,,,3.5
6249,28.61,21.7480,165.6114,60.1525,0.5763,1.0e-04,,,3.6
6250,26.20,19.8193,157.5308,58.1087,0.5750,1.0e-04,27.22,0.35,3.6
6251,26.38,20.1489,161.6211,57.4049,0.5695,1.0e-04,,,3.6
6252,26.77,20.4434,189.4438,60.2011,0.5647,1.0e-04,,,3.6
6253,27.52,21.3281,185.0281,63.6198,0.5640,1.0e-04,,,3.6
6254,26.84,20.6406,189.9447,61.4728,0.5691,1.0e-04,,,3.6
6255,25.82,19.7227,184.6466,57.7699,0.5766,1.0e-04,,,3.5
6256,25.90,19.4614,171.8927,57.0653,0.5781,1.0e-04,,,3.5
6257,26.86,20.4702,168.8908,60.3234,0.5754,1.0e-04,,,3.5
6258,27.19,20.7754,181.5465,59.4974,0.5658,1.0e-04,,,3.6
6259,27.70,21.4087,173.2295,61.2578,0.5655,1.0e-04,,,3.5
6260,27.62,21.0791,201.9339,61.5104,0.5619,1.0e-04,27.93,0.44,3.6
6261,26.30,19.8638,187.8106,59.1603,0.5718,1.0e-04,,,3.5
6262,27.90,21.1670,161.5431,59.6175,0.5741,1.0e-04,,,3.6
6263,27.37,20.5396,184.8548,61.0260,0.5690,1.0e-04,,,3.5
6264,26.67,20.1079,173.6104,61.7147,0.5723,1.0e-04,,,3.5
6265,27.16,20.6655,163.9982,57.6589,0.5735,1.0e-04,,,3.6
6266,26.69,20.3770,182.8053,61.8315,0.5769,1.0e-04,,,3.5
6267,27.94,21.4170,183.2621,65.8725,0.5635,1.0e-04,,,3.5
6268,25.74,19.3223,183.9572,55.9318,0.5748,1.0e-04,,,3.5
6269,26.70,20.2905,186.5164,56.9701,0.5766,1.0e-04,,,3.5
6270,27.35,20.7710,173.8728,60.4089,0.5715,1.0e-04,27.52,0.41,3.5
6271,26.80,20.4863,194.6256,56.8967,0.5696,1.0e-04,,,3.5
6272,26.79,20.4053,182.3111,59.2717,0.5768,1.0e-04,,,3.5
6273,28.60,22.0410,161.6795,57.1000,0.5756,1.0e-04,,,3.6
6274,26.49,20.2261,197.7047,61.8451,0.5694,1.0e-04,,,3.5
6275,26.13,19.8955,173.5562,57.9049,0.5678,1.0e-04,,,3.7
6276,27.01,20.6562,179.3914,61.2630,0.5619,1.0e-04,,,3.6
6277,26.82,20.4297,173.3196,59.0707,0.5772,1.0e-04,,,3.6
6278,26.53,20.1655,178.5556,61.3723,0.5669,1.0e-04,,,3.6
6279,27.70,21.1548,171.4907,63.6901,0.5638,1.0e-04,,,3.6
6280,27.66,21.5264,210.6287,64.2057,0.5527,1.0e-04,25.81,0.28,3.5
6281,27.82,21.7314,202.4710,61.1849,0.5507,1.0e-04,,,3.6
6282,27.60,21.5264,196.1613,56.6771,0.5551,1.0e-04,,,3.5
6283,25.61,19.7051,178.0141,62.3778,0.5596,1.0e-04,,,3.5
6284,27.61,21.6343,181.9506,60.7682,0.5476,1.0e-04,,,3.5
6285,26.39,20.3901,197.7795,58.8016,0.5567,1.0e-04,,,3.5
6286,26.29,20.4678,166.5772,60.0679,0.5483,1.0e-04,,,3.5
6287,26.81,20.7695,184.5176,61.1957,0.5528,1.0e-04,,,3.5
6288,27.28,21.2212,168.0383,59.3021,0.5450,1.0e-04,,,3.5
6289,26.50,20.6270,183.5799,56.2880,0.5617,1.0e-04,,,3.5
6290,26.04,19.9707,177.7049,58.4375,0.5590,1.0e-04,26.67,0.32,3.5
6291,27.71,21.5366,183.3507,64.3438,0.5554,1.0e-04,,,3.5
6292,25.71,19.7651,187.8869,62.7699,0.5493,1.0e-04,,,3.5
6293,28.03,21.7729,180.6685,57.4450,0.5633,1.0e-04,,,3.6
6294,27.23,20.9487,166.7594,59.5026,0.5610,1.0e-04,,,3.5
6295,26.63,20.4233,164.0895,60.5516,0.5625,1.0e-04,,,3.5
6296,26.83,20.3828,202.6336,58.4837,0.5650,1.0e-04,,,3.5
6297,28.08,21.6553,169.1172,59.9025,0.5535,1.0e-04,,,3.6
6298,28.89,22.4980,176.1954,59.7524,0.5570,1.0e-04,,,3.5
6299,26.75,20.6421,178.1553,60.0761,0.5665,1.0e-04,,,3.5
6300,27.11,21.0938,190.6369,62.0234,0.5528,1.0e-04,26.77,0.32,3.5
6301,26.79,20.7808,184.8233,59.5842,0.5588,1.0e-04,,,3.5
6302,28.16,21.7495,175.2306,64.3450,0.5669,1.0e-04,,,3.6
6303,26.10,20.0771,188.7722,59.9728,0.5574,1.0e-04,,,3.5
6304,26.90,20.8911,184.7578,59.8464,0.5471,1.0e-04,,,3.6
6305,27.70,21.5952,189.5797,61.6380,0.5551,1.0e-04,,,3.5
6306,26.17,19.9927,192.2294,65.0163,0.5555,1.0e-04,,,3.8
6307,28.28,21.8496,192.1159,60.9225,0.5659,1.0e-04,,,3.6
6308,25.96,19.8608,179.7906,57.2717,0.5630,1.0e-04,,,3.5
6309,28.97,22.5527,152.1528,60.5216,0.5679,1.0e-04,,,3.6
6310,28.19,21.8159,180.3940,60.5700,0.5700,1.0e-04,27.20,0.39,3.6
6311,27.76,21.4243,177.9168,62.5807,0.5724,1.0e-04,,,3.5
6312,27.50,21.0620,188.2516,61.0469,0.5652,1.0e-04,,,3.5
6313,26.45,19.9570,181.5630,59.1114,0.5721,1.0e-04,,,3.5
6314,26.49,19.7866,184.4311,56.9973,0.5744,1.0e-04,,,3.5
6315,27.59,20.8286,185.5951,55.7552,0.5643,1.0e-04,,,3.6
6316,28.13,21.2949,163.4850,58.8000,0.5699,1.0e-04,,,3.5
6317,28.03,21.3662,179.8510,62.2500,0.5672,1.0e-04,,,3.6
6318,26.82,20.2231,182.1687,58.2011,0.5766,1.0e-04,,,3.5
6319,28.05,21.4565,173.9156,57.8850,0.5651,1.0e-04,,,3.6
6320,27.65,21.0850,156.8405,63.3620,0.5716,1.0e-04,28.22,0.45,3.5
6321,27.38,20.8945,191.2314,64.5443,0.5638,1.0e-04,,,3.5
6322,27.21,20.6694,177.1124,57.5052,0.5729,1.0e-04,,,3.6
6323,26.61,20.0708,179.3488,57.3207,0.5752,1.0e-04,,,3.5
6324,28.04,21.2773,178.1196,59.3300,0.5684,1.0e-04,,,3.6
6325,26.78,20.4087,190.7862,58.1712,0.5662,1.0e-04,,,3.5
6326,27.06,20.5825,201.0559,59.6823,0.5628,1.0e-04,,,3.5
6327,27.62,21.0083,190.8330,65.3672,0.5686,1.0e-04,,,3.5
6328,27.79,20.9946,199.5690,60.5156,0.5707,1.0e-04,,,3.5
6329,25.61,19.2095,202.5068,61.6960,0.5687,1.0e-04,,,3.5
6330,26.02,19.4556,185.5513,60.0707,0.5744,1.0e-04,28.03,0.48,3.6
6331,26.54,19.9897,197.8720,57.3886,0.5768,1.0e-04,,,3.8
6332,27.58,20.9390,186.3969,60.3932,0.5725,1.0e-04,,,3.6
6333,26.35,19.8281,168.1919,61.9457,0.5765,1.0e-04,,,3.5
6334,27.12,20.5405,207.8829,63.2240,0.5686,1.0e-04,,,3.5
6335,26.79,20.2251,192.5194,59.3424,0.5746,1.0e-04,,,3.5
6336,27.61,21.1572,195.1912,60.6510,0.5699,1.0e-04,,,3.5
6337,26.52,20.1450,202.3449,60.3804,0.5629,1.0e-04,,,3.6
6338,27.13,20.6309,189.1150,58.8464,0.5693,1.0e-04,,,3.6
6339,26.90,20.2778,157.5869,60.3281,0.5719,1.0e-04,,,3.6
6340,27.43,20.7217,174.4222,61.8464,0.5762,1.0e-04,28.45,0.47,3.6
6341,26.36,19.9268,169.7708,58.7690,0.5711,1.0e-04,,,3.5
6342,27.08,20.5581,180.0741,57.6172,0.5796,1.0e-04,,,3.5
6343,26.14,19.9116,189.2998,59.0000,0.5715,1.0e-04,,,3.5
6344,27.41,21.3462,178.7975,63.0052,0.5590,1.0e-04,,,3.5
6345,24.78,18.9414,181.5528,52.9226,0.5685,1.0e-04,,,3.5
6346,26.10,20.0767,170.7421,57.3641,0.5613,1.0e-04,,,3.6
6347,27.25,21.1582,166.2861,62.0651,0.5642,1.0e-04,,,3.6
6348,27.20,21.1924,186.5806,59.7734,0.5523,1.0e-04,,,3.6
6349,25.17,19.1953,172.8795,54.8494,0.5617,1.0e-04,,,3.6
6350,27.98,21.5581,170.9096,61.7750,0.5553,1.0e-04,28.71,0.46,3.6
6351,27.23,20.6504,187.6395,59.4010,0.5666,1.0e-04,,,3.6
6352,28.69,21.9414,182.0585,63.3275,0.5707,1.0e-04,,,3.5
6353,27.00,20.5093,170.9968,58.5807,0.5718,1.0e-04,,,3.5
6354,25.89,19.3950,191.4477,59.0435,0.5708,1.0e-04,,,3.5
6355,28.16,21.3462,186.2350,60.7575,0.5693,1.0e-04,,,3.5
6356,27.65,20.9526,189.9361,62.9479,0.5728,1.0e-04,,,3.6
6357,28.07,21.4829,192.6719,63.2025,0.5657,1.0e-04,,,3.5
6358,26.53,20.0615,191.0653,60.9348,0.5773,1.0e-04,,,3.5
6359,26.62,20.3608,193.4464,61.9457,0.5700,1.0e-04,,,3.5
6360,27.89,21.2158,177.1908,62.4401,0.5723,1.0e-04,27.70,0.43,3.5
6361,25.44,19.2310,208.1534,62.1847,0.5628,1.0e-04,,,3.5
6362,28.17,21.4058,186.7297,63.1075,0.5812,1.0e-04,,,3.6
6363,27.54,20.9565,176.4462,58.2474,0.5674,1.0e-04,,,3.5
6364,27.63,21.2197,182.5184,61.1745,0.5656,1.0e-04,,,3.5
6365,27.28,21.2305,209.9551,62.4792,0.5611,1.0e-04,,,3.5
6366,25.86,20.0571,197.9856,62.5455,0.5449,1.0e-04,,,3.5
6367,26.88,20.8506,203.4561,65.2935,0.5489,1.0e-04,,,3.5
6368,27.27,21.2188,203.6169,60.2083,0.5617,1.0e-04,,,3.6
6369,26.03,19.9839,204.8412,59.2283,0.5488,1.0e-04,,,3.6
6370,27.31,21.1621,191.3885,62.3438,0.5629,1.0e-04,27.26,0.40,3.6
6371,26.00,19.7637,196.8071,63.3777,0.5648,1.0e-04,,,3.5
6372,26.39,19.7690,189.0624,57.9592,0.5764,1.0e-04,,,3.6
6373,27.94,21.4941,205.6496,60.6600,0.5653,1.0e-04,,,3.6
6374,27.15,20.7129,192.2277,60.6458,0.5670,1.0e-04,,,3.6
6375,27.32,21.0986,180.1388,59.4036,0.5653,1.0e-04,,,3.6
6376,26.45,20.2578,194.6868,59.1005,0.5650,1.0e-04,,,3.5
6377,27.08,20.8037,196.9330,59.0000,0.5664,1.0e-04,,,3.6
6378,26.76,20.5986,203.1102,61.0788,0.5558,1.0e-04,,,3.5
6379,26.19,20.0918,196.8641,58.7908,0.5648,1.0e-04,,,3.5
6380,26.31,20.2280,195.3269,63.5408,0.5563,1.0e-04,26.87,0.37,3.5
6381,27.08,20.8267,190.2448,62.5312,0.5583,1.0e-04,,,3.5
6382,26.65,20.4653,204.9060,59.1413,0.5511,1.0e-04,,,3.6
6383,26.33,20.1143,209.7199,59.1141,0.5654,1.0e-04,,,3.6
6384,27.01,20.8101,175.0515,62.1536,0.5597,1.0e-04,,,3.6
6385,25.81,19.6875,197.9233,57.5085,0.5604,1.0e-04,,,3.5
6386,26.46,20.0327,192.8902,61.5000,0.5587,1.0e-04,,,3.5
6387,26.29,19.7124,174.1946,57.1766,0.5674,1.0e-04,,,3.5
6388,25.42,18.9521,154.1810,58.9773,0.5803,1.0e-04,,,3.5
6389,26.36,19.9492,172.6242,63.7717,0.5691,1.0e-04,,,3.5
6390,27.87,21.1304,181.4373,62.5625,0.5708,1.0e-04,27.70,0.48,3.5
6391,27.21,20.6016,177.1534,63.5286,0.5712,1.0e-04,,,3.7
6392,28.46,21.8140,181.6814,63.8825,0.5712,1.0e-04,,,3.5
6393,27.14,20.6260,199.0755,64.2891,0.5677,1.0e-04,,,3.5
6394,26.75,20.3218,201.2443,59.2717,0.5670,1.0e-04,,,3.5
6395,25.71,19.4751,196.4804,59.5142,0.5651,1.0e-04,,,3.5
6396,25.06,18.9312,201.3124,60.9290,0.5550,1.0e-04,,,3.5
6397,26.71,20.4888,190.7019,59.1277,0.5615,1.0e-04,,,3.5
6398,26.19,20.0654,185.2419,58.7418,0.5660,1.0e-04,,,3.5
6399,26.95,20.7544,190.0045,59.9323,0.5632,1.0e-04,,,3.6
6400,28.18,21.7202,193.3746,63.2100,0.5664,1.0e-04,26.68,0.34,3.5
6401,27.27,21.0854,187.3620,61.2891,0.5509,1.0e-04,,,3.5
6402,25.98,19.7114,198.7814,59.7473,0.5586,1.0e-04,,,3.5
6403,27.30,20.7832,200.0500,61.4141,0.5722,1.0e-04,,,3.6
6404,28.55,21.8467,180.1708,63.4000,0.5712,1.0e-04,,,3.6
6405,27.92,21.4600,191.6226,67.0050,0.5597,1.0e-04,,,3.6
6406,27.21,20.4956,182.4138,61.9062,0.5734,1.0e-04,,,3.6
6407,27.79,20.8877,186.0457,60.9115,0.5691,1.0e-04,,,3.5
6408,27.34,20.5728,185.6003,62.6484,0.5776,1.0e-04,,,3.5
6409,27.34,20.7593,190.0578,60.3724,0.5684,1.0e-04,,,3.6
6410,26.33,19.8149,179.0036,60.9538,0.5762,1.0e-04,27.62,0.55,3.5
6411,26.16,19.4814,187.1118,62.2554,0.5778,1.0e-04,,,3.5
6412,27.57,20.9023,195.7849,67.3802,0.5749,1.0e-04,,,3.6
6413,26.91,20.2100,198.8998,61.2188,0.5717,1.0e-04,,,3.5
6414,27.44,20.6431,176.1936,65.0365,0.5701,1.0e-04,,,3.6
6415,28.29,21.4604,188.7409,60.8050,0.5738,1.0e-04,,,3.6
6416,27.43,20.9209,176.1036,60.3151,0.5750,1.0e-04,,,3.5
6417,27.65,21.2534,166.5439,62.8906,0.5613,1.0e-04,,,3.5
6418,26.28,20.0708,187.1457,61.5163,0.5652,1.0e-04,,,3.5
6419,28.79,22.0581,208.4373,66.3175,0.5650,1.0e-04,,,3.5
6420,26.98,20.6064,203.4309,64.3047,0.5640,1.0e-04,27.16,0.38,3.5
6421,25.92,19.7007,200.0772,58.5000,0.5644,1.0e-04,,,3.5
6422,26.54,20.3779,208.7319,64.4647,0.5622,1.0e-04,,,3.5
6423,26.73,20.5049,185.4997,60.4891,0.5636,1.0e-04,,,3.5
6424,26.23,20.1152,172.3464,56.8995,0.5653,1.0e-04,,,3.5
6425,26.74,20.6460,182.6762,59.2609,0.5644,1.0e-04,,,3.5
6426,26.67,20.4702,200.1721,58.7880,0.5646,1.0e-04,,,3.6
6427,27.21,20.8921,180.3311,61.1719,0.5685,1.0e-04,,,3.6
6428,27.62,21.0151,181.6784,61.9089,0.5725,1.0e-04,,,3.5
6429,28.43,21.9663,173.5942,61.0375,0.5669,1.0e-04,,,3.6
6430,27.98,21.3682,180.8741,65.1650,0.5674,1.0e-04,27.49,0.39,3.6
6431,27.63,21.2778,179.2444,60.0599,0.5700,1.0e-04,,,3.6
6432,26.67,20.4863,174.7022,61.3886,0.5716,1.0e-04,,,3.6
6433,26.71,20.6279,202.9158,60.1467,0.5668,1.0e-04,,,3.5
6434,27.57,21.3330,182.7948,61.0000,0.5647,1.0e-04,,,3.5
6435,26.65,20.5117,179.7526,61.3723,0.5689,1.0e-04,,,3.5
6436,26.51,20.2607,184.1868,59.0000,0.5754,1.0e-04,,,3.5
6437,27.34,21.1118,189.4398,61.0078,0.5606,1.0e-04,,,3.5
6438,27.33,21.0024,171.4455,57.5833,0.5763,1.0e-04,,,3.5
6439,26.84,20.8398,173.9551,57.9321,0.5581,1.0e-04,,,3.5
6440,25.20,19.4336,177.7177,54.3693,0.5609,1.0e-04,27.03,0.35,3.5
6441,26.38,20.2349,166.5504,56.9647,0.5749,1.0e-04,,,3.5
6442,27.75,21.3501,167.9815,57.2604,0.5722,1.0e-04,,,3.5
6443,27.16,20.8169,174.6822,58.3672,0.5722,1.0e-04,,,3.5
6444,27.37,21.2500,164.7970,56.3620,0.5528,1.0e-04,,,3.5
6445,27.23,20.9829,163.5376,59.4062,0.5676,1.0e-04,,,3.5
6446,26.71,20.5918,172.8623,63.5707,0.5565,1.0e-04,,,3.5
6447,26.77,20.6040,176.9837,59.0000,0.5599,1.0e-04,,,3.5
6448,26.61,20.6094,182.4221,60.0761,0.5565,1.0e-04,,,3.6
6449,28.31,21.8599,186.5481,62.4475,0.5671,1.0e-04,,,3.6
6450,26.64,20.1704,189.9450,60.5299,0.5693,1.0e-04,27.55,0.44,3.6
6451,26.96,20.5811,205.1257,65.7161,0.5709,1.0e-04,,,3.6
6452,27.03,20.7158,199.4964,61.4167,0.5657,1.0e-04,,,3.6
6453,27.72,21.6230,191.9434,64.3958,0.5598,1.0e-04,,,3.6
6454,27.10,21.0962,200.1422,63.8490,0.5574,1.0e-04,,,3.6
6455,27.38,21.2583,205.6959,61.7708,0.5647,1.0e-04,,,3.6
6456,27.06,21.0581,185.7664,63.7656,0.5524,1.0e-04,,,3.6
6457,26.77,20.6152,193.2419,63.9429,0.5641,1.0e-04,,,3.5
6458,27.23,21.1431,231.1660,64.2865,0.5555,1.0e-04,,,3.6
6459,27.62,21.2793,206.8823,67.5495,0.5685,1.0e-04,,,3.5
6460,26.21,20.0825,226.0451,64.0625,0.5672,1.0e-04,28.46,0.41,3.5
6461,26.73,20.4688,184.0445,62.6712,0.5688,1.0e-04,,,3.5
6462,27.61,21.2417,191.1275,62.5443,0.5643,1.0e-04,,,3.5
6463,27.96,21.5381,187.6631,60.7200,0.5625,1.0e-04,,,3.6
6464,27.82,21.2065,183.7030,64.7005,0.5671,1.0e-04,,,3.5
6465,27.98,21.4082,207.2067,59.3850,0.5713,1.0e-04,,,3.5
6466,25.93,19.6670,183.0084,61.6793,0.5655,1.0e-04,,,3.5
6467,27.34,20.8340,205.6588,63.7786,0.5717,1.0e-04,,,3.5
6468,27.46,20.9946,187.0740,62.9714,0.5755,1.0e-04,,,3.5
6469,26.07,19.8008,221.9527,62.6087,0.5716,1.0e-04,,,3.5
6470,26.63,20.3589,191.7090,62.9755,0.5708,1.0e-04,27.83,0.39,3.5
6471,26.89,20.6025,204.3182,61.4810,0.5651,1.0e-04,,,3.6
6472,27.87,21.4556,188.1152,62.0964,0.5742,1.0e-04,,,3.6
6473,27.55,21.2163,180.4850,63.8307,0.5730,1.0e-04,,,3.6
6474,26.53,20.4639,180.6497,57.9457,0.5658,1.0e-04,,,3.6
6475,24.83,18.9468,220.4734,61.4345,0.5579,1.0e-04,,,3.6
6476,26.81,20.6880,206.2273,65.7636,0.5662,1.0e-04,,,3.6
6477,26.09,19.9624,215.0456,64.6359,0.5622,1.0e-04,,,3.6
6478,27.32,21.0444,221.0184,64.6589,0.5618,1.0e-04,,,3.6
6479,28.57,22.1099,188.8340,61.5975,0.5602,1.0e-04,,,3.6
6480,26.64,20.6030,221.9705,63.3913,0.5600,1.0e-04,27.10,0.33,3.6
6481,26.60,20.5205,223.4102,63.4022,0.5617,1.0e-04,,,3.5
6482,26.66,20.7720,205.7704,66.1168,0.5514,1.0e-04,,,3.5
6483,26.42,20.3735,231.6559,64.2120,0.5623,1.0e-04,,,3.5
6484,27.74,21.3833,207.5914,65.0599,0.5717,1.0e-04,,,3.5
6485,28.33,22.0361,202.7570,62.5500,0.5666,1.0e-04,,,3.5
6486,26.78,20.4326,188.8995,60.9620,0.5768,1.0e-04,,,3.5
6487,27.47,21.2930,179.2160,63.7292,0.5523,1.0e-04,,,3.5
6488,27.25,21.1733,223.5455,64.7734,0.5500,1.0e-04,,,3.5
6489,26.12,19.9678,235.3961,62.8668,0.5624,1.0e-04,,,3.5
6490,27.36,21.0054,211.3192,67.0339,0.5643,1.0e-04,27.40,0.36,3.5
6491,25.94,19.8701,207.5764,63.2989,0.5483,1.0e-04,,,3.5
6492,26.69,20.4204,204.5786,61.8913,0.5667,1.0e-04,,,3.5
6493,27.85,21.4893,181.7230,58.9635,0.5566,1.0e-04,,,3.5
6494,26.44,20.4019,188.7115,58.6902,0.5626,1.0e-04,,,3.5
6495,26.29,20.1846,196.1848,59.8641,0.5603,1.0e-04,,,3.5
6496,26.89,20.5825,197.1415,65.1033,0.5624,1.0e-04,,,3.5
6497,26.96,20.6099,206.7325,63.1406,0.5594,1.0e-04,,,3.6
6498,27.43,21.1685,207.7304,66.1250,0.5537,1.0e-04,,,3.6
6499,26.94,20.7100,192.9989,58.5469,0.5579,1.0e-04,,,3.6
6500,25.74,19.5264,179.7355,56.6562,0.5652,1.0e-04,27.70,0.40,3.5
6501,27.44,21.0288,186.7563,59.2031,0.5659,1.0e-04,,,3.5
6502,27.36,21.1455,192.7403,63.4714,0.5620,1.0e-04,,,3.5
6503,27.02,20.7773,185.0091,65.4479,0.5550,1.0e-04,,,3.6
6504,27.38,21.2114,175.6416,62.3646,0.5596,1.0e-04,,,3.6
6505,26.82,20.6465,197.3665,63.3315,0.5528,1.0e-04,,,3.5
6506,26.22,20.0649,191.7796,59.9185,0.5617,1.0e-04,,,3.5
6507,26.96,20.8335,193.9876,63.2135,0.5590,1.0e-04,,,3.5
6508,27.40,21.1860,206.1781,64.9661,0.5571,1.0e-04,,,3.6
6509,26.06,20.1318,214.6297,69.5272,0.5402,1.0e-04,,,3.5
6510,26.26,20.2207,215.4376,62.3234,0.5430,1.0e-04,27.49,0.33,3.5
6511,26.58,20.5747,227.8651,66.5815,0.5480,1.0e-04,,,3.5
6512,26.21,20.1162,219.1326,60.2745,0.5637,1.0e-04,,,3.5
6513,27.06,20.8174,208.7170,63.9167,0.5534,1.0e-04,,,3.5
6514,26.93,20.6050,178.8088,61.8438,0.5654,1.0e-04,,,3.5
6515,26.69,20.2954,203.1070,64.8995,0.5595,1.0e-04,,,3.6
6516,27.13,20.7593,210.0246,58.6693,0.5654,1.0e-04,,,3.6
6517,27.75,21.2222,197.4161,61.6536,0.5650,1.0e-04,,,3.5
6518,25.53,19.3799,204.1790,58.5938,0.5674,1.0e-04,,,3.5
6519,27.74,21.2900,211.2443,62.4974,0.5636,1.0e-04,,,3.5
6520,26.35,20.0283,205.4692,59.7799,0.5650,1.0e-04,28.23,0.48,3.5
6521,28.13,21.3770,185.1100,61.4400,0.5691,1.0e-04,,,3.5
6522,27.29,20.7388,200.3235,62.4766,0.5623,1.0e-04,,,3.6
6523,27.14,20.3950,206.0290,62.5208,0.5694,1.0e-04,,,3.6
6524,28.10,21.1978,193.4781,63.8975,0.5739,1.0e-04,,,3.6
6525,27.09,20.4062,197.6106,59.1484,0.5761,1.0e-04,,,3.6
6526,26.93,20.1797,201.2232,61.5026,0.5756,1.0e-04,,,3.5
6527,26.35,19.4756,189.3178,60.1413,0.5711,1.0e-04,,,3.5
6528,27.49,20.7563,187.0956,58.9010,0.5700,1.0e-04,,,3.5
6529,26.43,19.7490,201.2405,59.7935,0.5630,1.0e-04,,,3.5
6530,27.25,20.2266,160.0918,53.9479,0.5684,1.0e-04,28.28,0.56,3.6
6531,26.90,20.1689,199.7817,59.9740,0.5668,1.0e-04,,,3.6
6532,27.51,20.5176,183.8313,61.4818,0.5631,1.0e-04,,,3.6
6533,26.71,19.9746,180.9665,60.1902,0.5724,1.0e-04,,,3.5
6534,26.56,19.8389,180.6807,61.2418,0.5706,1.0e-04,,,3.5
6535,27.71,21.0215,187.9490,64.1667,0.5663,1.0e-04,,,3.5
6536,27.01,20.1406,207.1485,63.8281,0.5681,1.0e-04,,,3.5
6537,28.41,21.6533,195.4042,60.7575,0.5633,1.0e-04,,,3.6
6538,25.99,19.6050,174.5439,63.0842,0.5671,1.0e-04,,,3.5
6539,27.30,20.6387,182.5569,61.7734,0.5663,1.0e-04,,,3.5
6540,26.96,20.2695,195.9205,61.3906,0.5714,1.0e-04,28.29,0.53,3.5
6541,27.86,21.0405,176.5177,58.2969,0.5723,1.0e-04,,,3.5
6542,27.68,20.9521,189.1651,61.8490,0.5724,1.0e-04,,,3.6
6543,27.23,20.6978,173.6427,62.0573,0.5701,1.0e-04,,,3.6
6544,27.72,21.2871,196.3736,64.6589,0.5586,1.0e-04,,,3.6
6545,26.55,20.2251,197.3550,59.8886,0.5781,1.0e-04,,,3.5
6546,27.83,21.0811,176.6787,61.8542,0.5785,1.0e-04,,,3.5
6547,27.10,20.7383,195.9164,64.1641,0.5689,1.0e-04,,,3.5
6548,26.62,20.3574,194.2851,61.4239,0.5613,1.0e-04,,,3.5
6549,26.97,20.7861,210.9877,62.9297,0.5589,1.0e-04,,,3.5
6550,28.06,21.7178,202.5669,59.2425,0.5640,1.0e-04,27.66,0.32,3.6
6551,26.13,20.1455,176.3014,59.8152,0.5556,1.0e-04,,,3.6
6552,27.09,20.9712,193.1713,59.4115,0.5604,1.0e-04,,,3.6
6553,27.83,21.7007,188.1516,61.2396,0.5517,1.0e-04,,,3.5
6554,26.18,20.1460,196.5187,64.3967,0.5545,1.0e-04,,,3.5
6555,27.87,21.4331,181.3864,61.7656,0.5630,1.0e-04,,,3.5
6556,28.03,21.7407,194.0159,61.9875,0.5628,1.0e-04,,,3.5
6557,26.31,20.1152,206.7608,62.4239,0.5635,1.0e-04,,,3.5
6558,26.06,19.8325,190.0375,63.8505,0.5602,1.0e-04,,,3.5
6559,26.35,20.0181,206.5598,56.7364,0.5676,1.0e-04,,,3.6
6560,26.80,20.2808,177.1392,56.4239,0.5777,1.0e-04,28.23,0.43,3.6
6561,26.11,19.7368,201.1485,58.4973,0.5708,1.0e-04,,,3.5
6562,26.16,19.7734,172.5644,61.7255,0.5736,1.0e-04,,,3.5
6563,25.95,19.5571,181.2484,58.4592,0.5688,1.0e-04,,,3.6
6564,27.20,20.3555,178.5085,59.6276,0.5760,1.0e-04,,,3.5
6565,27.14,20.2993,200.2192,61.1276,0.5705,1.0e-04,,,3.6
6566,27.26,20.2925,211.0718,60.7969,0.5670,1.0e-04,,,3.5
6567,27.32,20.4570,181.8728,62.5312,0.5679,1.0e-04,,,3.6
6568,27.42,20.6763,193.9566,62.1302,0.5659,1.0e-04,,,3.6
6569,28.21,21.2520,178.2512,56.5325,0.5759,1.0e-04,,,3.6
6570,27.00,20.4126,184.1942,61.2760,0.5687,1.0e-04,27.49,0.41,3.5
6571,27.48,21.1221,172.0285,60.8177,0.5659,1.0e-04,,,3.5
6572,26.65,20.4038,182.1357,57.6984,0.5601,1.0e-04,,,3.5
6573,26.05,19.8745,198.8927,62.2255,0.5560,1.0e-04,,,3.5
6574,27.05,20.8774,200.0127,64.2005,0.5586,1.0e-04,,,3.6
6575,27.22,20.9229,185.6601,60.9219,0.5634,1.0e-04,,,3.5
6576,26.79,20.4106,180.2410,61.3533,0.5644,1.0e-04,,,3.5
6577,27.01,20.7363,184.5509,62.4557,0.5620,1.0e-04,,,3.5
6578,26.75,20.5420,192.2857,59.6332,0.5543,1.0e-04,,,3.5
6579,26.85,20.6470,179.0096,61.0054,0.5576,1.0e-04,,,3.5
6580,27.17,21.0801,202.3758,63.6562,0.5573,1.0e-04,27.44,0.32,3.6
6581,25.83,19.9238,205.1657,65.0057,0.5537,1.0e-04,,,3.6
6582,27.54,21.1665,199.9563,65.8802,0.5509,1.0e-04,,,3.6
6583,26.79,20.8374,204.3578,63.6821,0.5469,1.0e-04,,,3.5
6584,27.34,21.3008,213.9784,60.9375,0.5455,1.0e-04,,,3.6
6585,25.01,19.4551,227.0496,60.4261,0.5343,1.0e-04,,,3.5
6586,24.88,19.4233,248.7924,63.8864,0.5215,1.0e-04,,,3.6
6587,28.46,22.4331,244.2806,69.3325,0.5344,1.0e-04,,,3.6
6588,28.36,22.1533,203.6093,65.8600,0.5405,1.0e-04,,,3.6
6589,27.67,21.5762,224.3908,66.3099,0.5355,1.0e-04,,,3.5
6590,27.06,20.9395,216.4191,63.9609,0.5526,1.0e-04,28.02,0.38,3.5
6591,27.46,21.1426,189.0279,61.9922,0.5621,1.0e-04,,,3.6
6592,26.34,20.3525,206.5257,62.5761,0.5438,1.0e-04,,,3.5
6593,27.32,21.0078,192.9571,59.6042,0.5522,1.0e-04,,,3.5
6594,28.98,22.6411,192.9331,62.9183,0.5572,1.0e-04,,,3.5
6595,24.88,19.1743,219.8595,61.4583,0.5495,1.0e-04,,,3.5
6596,26.73,20.7910,209.8047,59.5761,0.5345,1.0e-04,,,3.5
6597,25.93,20.1885,201.1795,60.1603,0.5423,1.0e-04,,,3.5
6598,27.48,21.5972,193.6202,61.7344,0.5411,1.0e-04,,,3.5
6599,26.17,20.3281,202.3994,60.4728,0.5425,1.0e-04,,,3.5
6600,27.54,21.3145,191.4628,62.9323,0.5551,1.0e-04,27.28,0.36,3.5
6601,26.89,20.6963,209.1536,64.4429,0.5506,1.0e-04,,,3.5
6602,26.53,20.4385,225.3411,63.9076,0.5417,1.0e-04,,,3.5
6603,27.04,20.7671,227.8190,64.1198,0.5491,1.0e-04,,,3.6
6604,27.11,21.0181,185.2525,62.9219,0.5475,1.0e-04,,,3.6
6605,26.99,20.9346,203.7269,64.7578,0.5424,1.0e-04,,,3.6
6606,26.27,20.2979,217.1137,64.2853,0.5465,1.0e-04,,,3.6
6607,26.70,20.4829,231.7026,64.5299,0.5562,1.0e-04,,,3.6
6608,28.04,21.8350,195.1480,61.3975,0.5531,1.0e-04,,,3.6
6609,27.58,21.2349,188.0160,64.4870,0.5590,1.0e-04,,,3.6
6610,27.98,21.3711,226.5334,66.1750,0.5592,1.0e-04,28.36,0.42,3.6
6611,25.88,19.5391,197.0198,63.1250,0.5658,1.0e-04,,,3.6
6612,27.36,21.0283,214.1097,61.3750,0.5614,1.0e-04,,,3.6
6613,28.21,21.7329,186.0532,66.6375,0.5620,1.0e-04,,,3.6
6614,27.98,21.3506,190.1309,57.7425,0.5721,1.0e-04,,,3.5
6615,26.60,20.1943,202.2773,61.0245,0.5701,1.0e-04,,,3.5
6616,27.63,21.1504,191.4758,64.9062,0.5684,1.0e-04,,,3.5
6617,27.43,20.7764,211.5468,63.4635,0.5669,1.0e-04,,,3.6
6618,27.36,20.6987,189.6472,63.1641,0.5705,1.0e-04,,,3.6
6619,27.05,20.3384,209.9893,63.3047,0.5723,1.0e-04,,,3.5
6620,25.84,19.4180,169.6413,55.1278,0.5741,1.0e-04,27.51,0.48,3.5
6621,27.04,20.4985,179.3913,60.4870,0.5756,1.0e-04,,,3.5
6622,26.68,20.1890,189.9320,61.7908,0.5688,1.0e-04,,,3.5
6623,26.67,20.2119,180.3705,61.0924,0.5737,1.0e-04,,,3.5
6624,26.68,20.4907,161.6487,57.9484,0.5771,1.0e-04,,,3.5
6625,28.32,21.8433,169.4406,62.3600,0.5759,1.0e-04,,,3.6
6626,27.77,21.2793,186.2639,64.7760,0.5720,1.0e-04,,,3.6
6627,27.73,21.4443,191.2232,64.8724,0.5528,1.0e-04,,,3.6
6628,27.79,21.4707,185.7094,61.8542,0.5608,1.0e-04,,,3.6
6629,27.62,21.4756,193.6840,67.0573,0.5547,1.0e-04,,,3.6
6630,26.77,20.7642,202.1354,65.3043,0.5545,1.0e-04,27.12,0.33,3.6
6631,25.61,19.5894,197.3510,62.8438,0.5624,1.0e-04,,,3.6
6632,26.03,20.1606,213.8663,60.4239,0.5486,1.0e-04,,,3.6
6633,27.48,21.3013,216.0227,65.0573,0.5524,1.0e-04,,,3.6
6634,27.06,20.7583,185.3359,61.9766,0.5669,1.0e-04,,,3.6
6635,27.65,21.2412,199.1616,63.1328,0.5521,1.0e-04,,,3.6
6636,26.55,20.3701,192.3038,58.3505,0.5687,1.0e-04,,,3.5
6637,27.46,21.0366,200.8906,61.4661,0.5683,1.0e-04,,,3.6
6638,27.90,21.5835,194.7337,58.8385,0.5590,1.0e-04,,,3.6
6639,27.11,20.8545,193.9718,61.7057,0.5668,1.0e-04,,,3.6
6640,26.11,19.9707,198.6979,59.4022,0.5634,1.0e-04,27.55,0.37,3.5
6641,27.35,21.0044,188.5990,64.2031,0.5714,1.0e-04,,,3.5
6642,26.67,20.2568,200.6162,62.6957,0.5676,1.0e-04,,,3.5
6643,26.86,20.6343,195.4808,57.5380,0.5594,1.0e-04,,,3.5
6644,26.36,20.2490,174.8250,64.0353,0.5606,1.0e-04,,,3.5
6645,26.41,20.3867,204.5810,62.1984,0.5624,1.0e-04,,,3.5
6646,27.56,21.0957,194.2705,66.1562,0.5726,1.0e-04,,,3.5
6647,27.32,20.8657,183.4490,66.8542,0.5703,1.0e-04,,,3.5
6648,26.79,20.3945,225.1672,67.6141,0.5719,1.0e-04,,,3.5
6649,28.16,21.8296,211.3048,68.0600,0.5576,1.0e-04,,,3.5
6650,27.40,20.8940,195.1898,62.7578,0.5837,1.0e-04,27.39,0.42,3.5
6651,28.07,21.4814,203.8500,61.3025,0.5743,1.0e-04,,,3.5
6652,27.85,21.3477,187.9164,58.7656,0.5822,1.0e-04,,,3.6
6653,26.50,19.9346,193.4737,61.2147,0.5768,1.0e-04,,,3.6
6654,26.79,20.1851,189.8679,59.4321,0.5761,1.0e-04,,,3.6
6655,26.67,20.4004,182.4246,57.6685,0.5673,1.0e-04,,,3.6
6656,28.06,21.6587,175.5764,59.2225,0.5677,1.0e-04,,,3.6
6657,27.25,21.1509,178.9375,61.0521,0.5707,1.0e-04,,,3.6
6658,26.47,20.2583,187.0611,62.9864,0.5747,1.0e-04,,,3.6
6659,27.12,20.7588,187.5774,59.6719,0.5745,1.0e-04,,,3.6
6660,25.63,19.4043,195.0561,60.1847,0.5673,1.0e-04,27.56,0.41,3.7
6661,26.01,19.7402,186.6696,56.4266,0.5713,1.0e-04,,,3.7
6662,26.45,20.2764,194.8240,59.9293,0.5554,1.0e-04,,,3.6
6663,26.68,20.5044,204.8570,57.8397,0.5580,1.0e-04,,,3.6
6664,27.17,21.0288,170.1637,57.7917,0.5609,1.0e-04,,,3.6
6665,27.45,21.1045,172.6365,62.4427,0.5650,1.0e-04,,,3.5
6666,26.48,20.2788,192.4664,63.1658,0.5627,1.0e-04,,,3.5
6667,27.82,21.4531,182.3903,63.6641,0.5699,1.0e-04,,,3.5
6668,26.67,20.5137,202.5635,59.1576,0.5689,1.0e-04,,,3.5
6669,26.03,19.8706,192.9548,62.7473,0.5595,1.0e-04,,,3.5
6670,26.95,20.5298,188.5768,59.8255,0.5626,1.0e-04,27.77,0.42,3.5
6671,27.09,20.6553,172.4186,62.0339,0.5693,1.0e-04,,,3.5
6672,28.21,21.5464,186.2977,61.8425,0.5676,1.0e-04,,,3.5
6673,26.98,20.5068,207.7516,61.5833,0.5606,1.0e-04,,,3.5
6674,27.49,21.1021,198.4639,62.2630,0.5638,1.0e-04,,,3.5
6675,26.59,20.2979,176.4233,59.2174,0.5657,1.0e-04,,,3.5
6676,26.57,20.2188,205.0751,61.8614,0.5686,1.0e-04,,,3.5
6677,27.06,20.5215,182.8185,59.7135,0.5725,1.0e-04,,,3.5
6678,26.54,19.9399,176.9027,58.4837,0.5642,1.0e-04,,,3.6
6679,28.03,21.2344,174.6083,59.4725,0.5672,1.0e-04,,,3.6
6680,26.93,20.4761,177.5779,59.2057,0.5692,1.0e-04,28.00,0.39,3.6
6681,28.32,21.8784,176.8696,60.7700,0.5632,1.0e-04,,,3.6
6682,27.07,20.6035,195.4882,58.8490,0.5689,1.0e-04,,,3.6
6683,27.94,21.2490,186.3219,58.9875,0.5664,1.0e-04,,,3.6
6684,25.91,19.5850,166.4866,54.8668,0.5667,1.0e-04,,,3.6
6685,26.78,20.4438,160.5931,56.1522,0.5700,1.0e-04,,,3.5
6686,26.47,20.1729,173.5911,56.4918,0.5587,1.0e-04,,,3.6
6687,26.38,20.1943,159.4694,55.9348,0.5748,1.0e-04,,,3.5
6688,27.61,21.3154,162.3934,54.9297,0.5729,1.0e-04,,,3.5
6689,26.25,20.1230,174.9488,56.2880,0.5686,1.0e-04,,,3.5
6690,26.77,20.3330,164.8989,59.0272,0.5767,1.0e-04,27.21,0.40,3.5
6691,25.49,19.3447,173.1501,55.2955,0.5770,1.0e-04,,,3.5
6692,26.55,20.3643,188.0073,60.7092,0.5625,1.0e-04,,,3.5
6693,28.05,21.4277,178.2856,58.8500,0.5681,1.0e-04,,,3.5
6694,26.88,20.6040,186.2906,63.2935,0.5573,1.0e-04,,,3.5
6695,26.50,20.4189,181.4690,60.4728,0.5638,1.0e-04,,,3.5
6696,27.88,21.8086,174.6516,58.7474,0.5537,1.0e-04,,,3.5
6697,27.21,21.1162,174.3077,60.5130,0.5604,1.0e-04,,,3.5
6698,27.75,21.4414,193.7882,59.8542,0.5677,1.0e-04,,,3.5
6699,26.31,20.1108,207.3188,58.0924,0.5699,1.0e-04,,,3.5
6700,26.83,20.4673,188.7975,62.2908,0.5726,1.0e-04,27.49,0.46,3.5
6701,27.80,21.1118,193.1907,65.4531,0.5721,1.0e-04,,,3.6
6702,27.69,21.2188,201.7822,63.4010,0.5672,1.0e-04,,,3.6
6703,28.07,21.7065,175.0468,63.4900,0.5666,1.0e-04,,,3.6
6704,27.62,20.9922,191.4758,62.5729,0.5744,1.0e-04,,,3.6
6705,28.44,21.6948,211.7533,66.1525,0.5686,1.0e-04,,,3.6
6706,27.63,20.7168,184.6418,64.9193,0.5675,1.0e-04,,,3.6
6707,26.27,19.5200,200.9251,62.9457,0.5698,1.0e-04,,,3.6
6708,27.58,20.7300,194.8850,61.3385,0.5618,1.0e-04,,,3.6
6709,27.81,20.9048,180.7557,58.8047,0.5697,1.0e-04,,,3.6
6710,26.73,19.9819,180.5336,65.2418,0.5648,1.0e-04,27.86,0.51,3.6
6711,27.67,20.9316,198.8470,61.3516,0.5659,1.0e-04,,,3.6
6712,27.46,20.8882,199.6414,63.6771,0.5697,1.0e-04,,,3.5
6713,27.33,20.8398,197.3322,61.1953,0.5650,1.0e-04,,,3.5
6714,28.35,22.0020,183.6344,68.8100,0.5526,1.0e-04,,,3.6
6715,27.10,20.5947,199.4010,60.9115,0.5644,1.0e-04,,,3.5
6716,27.75,21.2485,190.8797,67.0703,0.5593,1.0e-04,,,3.5
6717,27.41,21.0361,211.5891,67.3307,0.5632,1.0e-04,,,3.5
6718,27.36,21.0532,201.9058,61.2422,0.5622,1.0e-04,,,3.5
6719,27.84,21.5610,196.5553,64.9922,0.5553,1.0e-04,,,3.5
6720,28.60,22.3179,186.6268,62.9775,0.5614,1.0e-04,26.82,0.34,3.6
6721,24.65,18.7056,193.7634,62.1339,0.5574,1.0e-04,,,3.5
6722,26.58,20.4043,193.7747,64.1549,0.5590,1.0e-04,,,3.5
6723,26.96,20.5845,216.9840,63.2760,0.5637,1.0e-04,,,3.5
6724,27.32,21.1260,189.4085,59.9219,0.5619,1.0e-04,,,3.6
6725,26.74,20.3862,171.1649,61.1522,0.5736,1.0e-04,,,3.5
6726,27.28,20.7109,196.1988,63.2786,0.5692,1.0e-04,,,3.5
6727,27.39,20.9185,213.7694,63.0130,0.5693,1.0e-04,,,3.6
6728,26.12,19.8682,183.3371,57.1522,0.5679,1.0e-04,,,3.5
6729,26.09,19.9487,184.2314,60.7853,0.5635,1.0e-04,,,3.5
6730,28.49,22.0977,173.4916,63.5500,0.5610,1.0e-04,27.40,0.35,3.6
6731,29.05,22.6958,182.8037,64.0938,0.5612,1.0e-04,,,3.6
6732,27.02,20.6606,210.1145,61.6953,0.5646,1.0e-04,,,3.6
6733,27.99,21.6455,189.2519,65.4650,0.5598,1.0e-04,,,3.6
6734,26.73,20.3599,194.6322,62.4783,0.5640,1.0e-04,,,3.5
6735,27.28,20.8535,193.6722,64.1458,0.5589,1.0e-04,,,3.5
6736,25.74,19.5967,218.5684,57.4148,0.5647,1.0e-04,,,3.5
6737,26.22,20.1289,186.7123,59.3179,0.5531,1.0e-04,,,3.5
6738,25.85,19.6294,166.2472,61.3949,0.5733,1.0e-04,,,3.5
6739,27.25,20.7476,192.6068,59.7917,0.5693,1.0e-04,,,3.5
6740,27.39,20.9634,192.4390,63.8307,0.5665,1.0e-04,28.33,0.42,3.5
6741,28.07,21.5420,187.9200,61.9375,0.5717,1.0e-04,,,3.6
6742,28.11,21.4810,190.0524,61.7325,0.5717,1.0e-04,,,3.5
6743,28.38,21.6562,193.1062,65.0425,0.5701,1.0e-04,,,3.5
6744,25.90,19.5527,197.5420,59.8665,0.5635,1.0e-04,,,3.6
6745,27.15,20.6333,193.4965,60.5417,0.5718,1.0e-04,,,3.6
6746,26.36,20.1235,165.9365,60.9429,0.5691,1.0e-04,,,3.6
6747,27.01,20.4248,187.5213,60.4740,0.5796,1.0e-04,,,3.5
6748,26.61,19.9727,194.8124,61.2663,0.5774,1.0e-04,,,3.5
6749,27.47,20.6201,186.7799,59.9740,0.5711,1.0e-04,,,3.5
6750,27.67,20.9087,193.5234,62.1484,0.5757,1.0e-04,27.88,0.46,3.5
6751,26.58,20.1011,186.6234,59.8098,0.5746,1.0e-04,,,3.5
6752,27.17,20.6880,176.6873,59.6146,0.5707,1.0e-04,,,3.5
6753,27.76,21.4238,180.3686,63.5339,0.5667,1.0e-04,,,3.6
6754,26.90,20.4067,194.1780,58.4538,0.5704,1.0e-04,,,3.6
6755,28.55,21.7168,190.9233,65.6850,0.5728,1.0e-04,,,3.6
6756,26.84,20.2158,203.0719,60.9755,0.5709,1.0e-04,,,3.5
6757,26.36,19.8208,197.4112,62.0462,0.5698,1.0e-04,,,3.5
6758,26.75,20.2573,198.6706,64.6168,0.5678,1.0e-04,,,3.5
6759,26.55,20.0693,190.5066,60.7310,0.5746,1.0e-04,,,3.5
6760,28.08,21.1904,188.4909,61.3400,0.5718,1.0e-04,28.37,0.54,3.6
6761,26.88,20.1919,184.7685,64.0443,0.5675,1.0e-04,,,3.6
6762,27.20,20.6216,180.1682,62.3854,0.5704,1.0e-04,,,3.6
6763,26.66,20.2305,180.3061,63.5027,0.5685,1.0e-04,,,3.5
6764,27.19,20.6211,195.6145,62.4271,0.5697,1.0e-04,,,3.5
6765,27.82,21.3765,193.4656,61.8411,0.5666,1.0e-04,,,3.6
6766,25.76,19.6797,194.1374,64.1818,0.5664,1.0e-04,,,3.5
6767,27.28,20.9893,221.7569,64.0260,0.5613,1.0e-04,,,3.6
6768,27.97,21.5620,192.4313,63.8600,0.5750,1.0e-04,,,3.6
6769,28.42,21.9517,210.5144,62.4550,0.5665,1.0e-04,,,3.5
6770,27.68,21.4800,204.4416,67.0885,0.5550,1.0e-04,27.13,0.37,3.6
6771,27.76,21.3862,188.6745,65.6797,0.5671,1.0e-04,,,3.6
6772,27.64,21.2783,194.3133,64.2917,0.5648,1.0e-04,,,3.5
6773,28.15,21.4902,188.3539,64.8325,0.5814,1.0e-04,,,3.5
6774,28.14,21.5566,199.4494,62.0050,0.5693,1.0e-04,,,3.5
6775,28.31,21.5620,182.6505,62.3375,0.5703,1.0e-04,,,3.5
6776,26.06,19.5156,170.8820,63.5978,0.5737,1.0e-04,,,3.5
6777,25.70,19.2598,211.1228,63.1080,0.5782,1.0e-04,,,3.5
6778,27.43,20.7012,195.9424,62.1094,0.5785,1.0e-04,,,3.6
6779,27.56,21.1206,193.3122,67.8958,0.5656,1.0e-04,,,3.5
6780,27.39,20.7026,162.5830,61.4818,0.5782,1.0e-04,27.84,0.50,3.5
6781,26.66,20.0278,186.3586,65.4321,0.5753,1.0e-04,,,3.5
6782,24.96,18.6855,205.8950,59.4602,0.5775,1.0e-04,,,3.5
6783,27.35,20.9194,213.8755,61.9792,0.5651,1.0e-04,,,3.6
6784,27.62,21.1675,191.3179,60.9401,0.5723,1.0e-04,,,3.6
6785,27.29,20.9868,195.7798,60.3229,0.5747,1.0e-04,,,3.6
6786,26.93,20.4580,209.3367,62.6693,0.5710,1.0e-04,,,3.6
6787,28.40,21.8237,214.2263,59.7325,0.5703,1.0e-04,,,3.6
6788,26.41,19.7910,179.8472,57.7772,0.5802,1.0e-04,,,3.6
6789,27.81,21.1855,182.5083,62.6016,0.5824,1.0e-04,,,3.6
6790,26.86,20.1621,176.2089,58.8804,0.5818,1.0e-04,27.55,0.50,3.5
6791,27.22,20.5000,195.1589,57.9583,0.5761,1.0e-04,,,3.5
6792,27.21,20.5435,184.3555,61.0729,0.5776,1.0e-04,,,3.6
6793,26.47,19.9170,162.8868,58.3533,0.5841,1.0e-04,,,3.5
6794,27.22,20.4209,175.1909,63.0156,0.5824,1.0e-04,,,3.5
6795,26.65,20.3145,185.7910,58.6495,0.5711,1.0e-04,,,3.5
6796,27.37,20.8823,177.2845,59.4323,0.5693,1.0e-04,,,3.5
6797,27.20,20.7183,183.9875,59.7526,0.5791,1.0e-04,,,3.5
6798,27.31,20.8906,171.2611,56.5703,0.5756,1.0e-04,,,3.5
6799,26.62,20.2197,166.3826,58.5380,0.5830,1.0e-04,,,3.5
6800,27.18,20.7017,173.5621,59.2135,0.5790,1.0e-04,28.04,0.49,3.5
6801,26.07,19.5869,190.4774,64.9185,0.5714,1.0e-04,,,3.6
6802,27.28,20.4155,171.8197,58.2057,0.5786,1.0e-04,,,3.6
6803,27.14,20.5820,179.9532,54.2318,0.5708,1.0e-04,,,3.6
6804,25.98,19.7485,181.4601,56.7174,0.5754,1.0e-04,,,3.5
6805,27.65,21.1411,182.4214,62.3620,0.5721,1.0e-04,,,3.5
6806,26.27,19.8472,184.3665,57.8832,0.5724,1.0e-04,,,3.5
6807,25.24,19.0010,189.8535,55.9233,0.5739,1.0e-04,,,3.5
6808,26.11,19.7051,180.3781,54.4837,0.5726,1.0e-04,,,3.6
6809,27.41,21.0278,174.6860,59.1562,0.5743,1.0e-04,,,3.6
6810,26.85,20.4404,188.4434,60.3587,0.5745,1.0e-04,27.64,0.40,3.6
6811,25.49,19.3145,194.1026,57.1250,0.5713,1.0e-04,,,3.5
6812,26.73,20.5825,195.2853,59.0435,0.5627,1.0e-04,,,3.6
6813,27.38,21.1606,168.5701,63.3151,0.5672,1.0e-04,,,3.5
6814,27.74,21.4233,169.4780,61.2240,0.5726,1.0e-04,,,3.6
6815,27.37,20.9956,206.1627,59.9141,0.5670,1.0e-04,,,3.6
6816,27.55,21.0601,175.8999,62.8490,0.5701,1.0e-04,,,3.6
6817,26.13,19.7231,194.2647,61.5815,0.5624,1.0e-04,,,3.5
6818,28.18,21.5908,184.1516,59.9075,0.5657,1.0e-04,,,3.5
6819,27.65,21.1016,197.1931,62.3802,0.5613,1.0e-04,,,3.5
6820,26.24,19.7974,189.9641,63.3152,0.5696,1.0e-04,28.49,0.45,3.5
6821,26.79,20.2837,177.9038,56.8098,0.5783,1.0e-04,,,3.5
6822,26.25,19.8906,177.4327,60.8152,0.5734,1.0e-04,,,3.5
6823,28.90,22.3237,178.4945,60.7386,0.5649,1.0e-04,,,3.6
6824,26.46,20.0757,180.7385,58.1929,0.5681,1.0e-04,,,3.5
6825,27.08,20.3579,190.6951,63.0781,0.5733,1.0e-04,,,3.6
6826,25.94,19.3877,167.5526,57.0435,0.5796,1.0e-04,,,3.5
6827,27.19,20.6104,187.3105,60.5443,0.5725,1.0e-04,,,3.6
6828,26.20,20.0132,187.4048,56.8777,0.5619,1.0e-04,,,3.5
6829,25.47,19.4551,199.0668,60.2727,0.5660,1.0e-04,,,3.6
6830,26.74,20.4312,182.3159,63.7011,0.5672,1.0e-04,27.06,0.35,3.6
6831,25.72,19.7261,200.0723,58.7330,0.5662,1.0e-04,,,3.6
6832,27.44,20.9668,188.3393,63.3307,0.5651,1.0e-04,,,3.6
6833,28.28,21.6919,172.2281,61.7250,0.5754,1.0e-04,,,3.6
6834,26.57,20.1172,193.6735,63.6821,0.5658,1.0e-04,,,3.5
6835,26.07,19.5337,195.5230,58.2853,0.5617,1.0e-04,,,3.5
6836,25.57,19.1987,209.4252,60.8977,0.5651,1.0e-04,,,3.6
6837,26.55,19.8364,172.7185,59.7582,0.5693,1.0e-04,,,3.5
6838,26.87,20.0645,175.7092,62.2418,0.5694,1.0e-04,,,3.5
6839,28.51,21.4883,189.2331,59.7125,0.5666,1.0e-04,,,3.5
6840,27.16,20.3994,181.9611,59.1875,0.5674,1.0e-04,27.57,0.51,3.5
6841,26.92,20.2554,191.9927,61.8802,0.5715,1.0e-04,,,3.5
6842,27.01,20.6362,179.3945,68.8646,0.5711,1.0e-04,,,3.5
6843,26.86,20.7441,191.7982,66.0489,0.5583,1.0e-04,,,3.5
6844,26.97,20.8530,195.1620,60.9479,0.5593,1.0e-04,,,3.5
6845,26.26,20.2437,173.0885,59.3125,0.5637,1.0e-04,,,3.5
6846,27.20,21.1309,186.8914,59.8568,0.5562,1.0e-04,,,3.5
6847,28.00,21.6826,204.7178,59.2375,0.5562,1.0e-04,,,3.5
6848,27.50,21.2695,189.4323,65.5078,0.5600,1.0e-04,,,3.5
6849,27.35,21.1895,166.8334,59.6224,0.5553,1.0e-04,,,3.5
6850,26.76,20.4331,218.5135,60.8315,0.5610,1.0e-04,27.79,0.46,3.5
6851,26.94,20.4194,190.9368,63.6875,0.5680,1.0e-04,,,3.6
6852,26.52,20.0405,210.8188,67.0136,0.5612,1.0e-04,,,3.6
6853,26.45,20.0908,208.4107,65.3668,0.5613,1.0e-04,,,3.6
6854,26.41,19.9482,198.5962,60.5978,0.5654,1.0e-04,,,3.6
6855,27.66,21.1548,223.9105,65.4010,0.5653,1.0e-04,,,3.6
6856,27.30,20.8682,202.3082,66.2083,0.5649,1.0e-04,,,3.6
6857,27.47,20.9287,206.8235,64.1276,0.5608,1.0e-04,,,3.6
6858,27.67,21.1646,189.5467,64.1432,0.5676,1.0e-04,,,3.6
6859,27.41,20.8252,189.4931,62.4219,0.5719,1.0e-04,,,3.6
6860,27.39,20.4907,178.7847,60.3021,0.5683,1.0e-04,27.68,0.47,3.6
6861,27.64,20.9736,175.8370,61.2969,0.5685,1.0e-04,,,3.5
6862,27.85,21.1929,201.6095,61.0182,0.5714,1.0e-04,,,3.5
6863,28.33,21.4077,172.3422,60.8150,0.5752,1.0e-04,,,3.5
6864,25.87,19.3926,177.3205,60.7065,0.5670,1.0e-04,,,3.5
6865,26.71,20.0054,185.0499,64.1522,0.5711,1.0e-04,,,3.5
6866,27.47,20.6919,187.6357,61.8229,0.5717,1.0e-04,,,3.6
6867,27.96,21.1157,205.6409,66.4025,0.5649,1.0e-04,,,3.6
6868,26.43,20.0176,203.7989,61.6304,0.5630,1.0e-04,,,3.5
6869,26.62,20.2656,194.5782,64.4158,0.5674,1.0e-04,,,3.5
6870,27.00,20.5928,159.4743,62.2500,0.5614,1.0e-04,27.56,0.45,3.5
6871,28.75,22.1348,202.7278,63.0575,0.5693,1.0e-04,,,3.6
6872,26.64,20.2236,181.6288,58.2446,0.5746,1.0e-04,,,3.5
6873,27.40,21.1118,199.4214,66.7292,0.5586,1.0e-04,,,3.6
6874,26.88,20.4785,200.0409,66.7554,0.5625,1.0e-04,,,3.6
6875,26.67,20.2236,202.0555,64.7962,0.5647,1.0e-04,,,3.6
6876,27.20,20.6353,196.7596,61.1484,0.5678,1.0e-04,,,3.6
6877,27.37,20.9204,178.5796,56.8411,0.5626,1.0e-04,,,3.6
6878,28.02,21.3931,197.0773,62.6300,0.5688,1.0e-04,,,3.6
6879,27.90,21.2842,183.4079,65.1979,0.5605,1.0e-04,,,3.6
6880,26.74,20.1162,189.0290,60.4783,0.5679,1.0e-04,28.42,0.50,3.6
6881,27.71,21.0078,171.3721,57.5208,0.5663,1.0e-04,,,3.5
6882,27.59,20.8682,177.3669,59.4714,0.5701,1.0e-04,,,3.5
6883,26.89,19.9502,220.9436,62.6953,0.5683,1.0e-04,,,3.6
6884,26.12,19.2905,169.3565,57.4783,0.5747,1.0e-04,,,3.5
6885,27.23,20.3848,206.3874,62.4635,0.5767,1.0e-04,,,3.5
6886,27.27,20.5347,174.6511,62.6094,0.5818,1.0e-04,,,3.5
6887,26.01,19.4839,201.5412,59.1875,0.5735,1.0e-04,,,3.5
6888,27.82,21.1099,216.1492,59.4635,0.5774,1.0e-04,,,3.6
6889,26.51,19.8843,191.9333,60.1467,0.5789,1.0e-04,,,3.5
6890,26.12,19.8154,199.0848,58.0815,0.5748,1.0e-04,27.51,0.43,3.5
6891,27.37,20.8325,184.3655,60.4401,0.5778,1.0e-04,,,3.5
6892,27.46,21.0356,186.6793,60.2370,0.5759,1.0e-04,,,3.5
6893,26.62,20.3286,175.1598,60.8614,0.5684,1.0e-04,,,3.5
6894,28.51,21.5757,173.5729,60.7475,0.5797,1.0e-04,,,3.5
6895,26.72,20.3066,172.7368,57.0245,0.5751,1.0e-04,,,3.5
6896,27.81,21.4932,182.5848,62.9062,0.5725,1.0e-04,,,3.5
6897,27.70,21.1187,181.5537,61.5208,0.5771,1.0e-04,,,3.5
6898,26.88,20.5029,215.8359,65.1198,0.5633,1.0e-04,,,3.5
6899,25.70,19.3379,196.3679,62.1278,0.5711,1.0e-04,,,3.6
6900,26.53,20.2476,189.5920,62.1549,0.5723,1.0e-04,27.31,0.42,3.6
6901,27.12,20.6719,188.6391,64.3568,0.5628,1.0e-04,,,3.6
6902,27.28,20.7290,180.2378,65.4453,0.5786,1.0e-04,,,3.6
6903,27.97,21.2935,203.8631,63.5125,0.5748,1.0e-04,,,3.6
6904,27.88,21.1138,191.4514,62.7552,0.5787,1.0e-04,,,3.6
6905,28.35,21.8506,185.6675,64.5075,0.5640,1.0e-04,,,3.6
6906,27.41,21.0347,196.8743,59.0911,0.5713,1.0e-04,,,3.6
6907,26.51,20.1821,183.3824,57.8505,0.5745,1.0e-04,,,3.6
6908,26.97,20.6094,194.7059,61.8516,0.5669,1.0e-04,,,3.6
6909,26.65,20.2788,168.8504,64.3913,0.5738,1.0e-04,,,3.5
6910,28.04,21.3672,183.2078,62.3150,0.5776,1.0e-04,27.60,0.48,3.6
6911,26.23,19.7310,205.6888,58.6168,0.5638,1.0e-04,,,3.5
6912,25.26,19.1255,178.3327,59.3068,0.5720,1.0e-04,,,3.5
6913,27.32,20.9048,189.7326,55.7604,0.5668,1.0e-04,,,3.5
6914,27.67,21.4082,172.6230,62.6302,0.5634,1.0e-04,,,3.5
6915,26.17,20.2920,193.0699,60.6359,0.5475,1.0e-04,,,3.5
6916,28.03,21.9468,216.8084,64.4125,0.5578,1.0e-04,,,3.5
6917,27.53,21.4790,183.7738,59.5729,0.5655,1.0e-04,,,3.5
6918,27.69,21.4390,185.3766,62.5938,0.5689,1.0e-04,,,3.5
6919,27.14,20.9199,198.1660,60.7969,0.5553,1.0e-04,,,3.6
6920,28.02,21.5786,178.5122,58.5825,0.5699,1.0e-04,27.41,0.43,3.5
6921,26.86,20.4829,188.3936,65.2663,0.5671,1.0e-04,,,3.5
6922,26.66,20.2622,210.0746,58.7147,0.5696,1.0e-04,,,3.5
6923,26.08,19.4502,194.6039,55.8723,0.5722,1.0e-04,,,3.5
6924,26.11,19.6602,169.7466,58.6658,0.5697,1.0e-04,,,3.6
6925,27.97,21.3984,168.6786,60.1450,0.5752,1.0e-04,,,3.6
6926,26.45,19.8584,181.6612,62.2283,0.5706,1.0e-04,,,3.6
6927,27.24,20.5171,173.8615,56.1146,0.5814,1.0e-04,,,3.6
6928,27.22,20.4424,177.2998,64.1693,0.5860,1.0e-04,,,3.6
6929,26.37,19.9409,176.5974,57.8043,0.5803,1.0e-04,,,3.6
6930,27.54,21.1177,175.0956,54.6224,0.5787,1.0e-04,26.97,0.40,3.5
6931,26.83,20.5898,198.4397,60.9103,0.5718,1.0e-04,,,3.6
6932,27.81,21.4043,174.3318,61.3229,0.5756,1.0e-04,,,3.6
6933,27.40,21.1270,178.9248,59.6068,0.5717,1.0e-04,,,3.5
6934,27.28,21.1211,174.5990,54.8984,0.5699,1.0e-04,,,3.5
6935,27.51,21.1064,176.7139,61.2188,0.5724,1.0e-04,,,3.6
6936,26.41,20.4497,190.6690,57.5842,0.5637,1.0e-04,,,3.5
6937,26.39,20.3247,166.3545,58.4185,0.5683,1.0e-04,,,3.5
6938,26.27,20.1772,180.0272,59.9185,0.5587,1.0e-04,,,3.5
6939,26.80,20.7710,198.3843,58.0299,0.5569,1.0e-04,,,3.5
6940,28.42,22.0898,177.0935,62.0750,0.5722,1.0e-04,27.17,0.33,3.5
6941,27.38,21.1387,185.1210,56.3958,0.5696,1.0e-04,,,3.5
6942,27.44,21.3301,174.8562,59.8203,0.5621,1.0e-04,,,3.6
6943,25.51,19.5327,195.6826,57.8608,0.5723,1.0e-04,,,3.5
6944,25.54,19.2651,155.2364,57.5256,0.5798,1.0e-04,,,3.5
6945,27.41,21.0444,182.7669,58.5729,0.5690,1.0e-04,,,3.5
6946,26.06,19.7827,198.0128,60.4484,0.5662,1.0e-04,,,3.5
6947,26.47,20.1094,194.7935,54.1467,0.5793,1.0e-04,,,3.6
6948,26.68,20.4932,175.2918,57.7418,0.5645,1.0e-04,,,3.6
6949,27.80,21.3906,195.5715,58.1458,0.5618,1.0e-04,,,3.6
6950,26.43,20.1675,177.4525,61.5815,0.5714,1.0e-04,26.53,0.33,3.6
6951,26.42,20.3071,180.6321,58.1223,0.5598,1.0e-04,,,3.6
6952,27.30,20.9448,202.1722,63.8099,0.5696,1.0e-04,,,3.5
6953,27.64,21.3960,182.0521,57.5130,0.5683,1.0e-04,,,3.5
6954,27.51,21.2231,180.8097,59.2734,0.5753,1.0e-04,,,3.6
6955,26.58,20.3018,176.1120,61.0924,0.5690,1.0e-04,,,3.5
6956,27.27,20.9067,194.2321,60.2214,0.5691,1.0e-04,,,3.6
6957,27.18,20.7827,191.6330,59.5312,0.5693,1.0e-04,,,3.6
6958,26.74,20.5005,189.8992,60.0924,0.5708,1.0e-04,,,3.5
6959,27.41,21.0337,195.8385,60.1354,0.5737,1.0e-04,,,3.5
6960,27.61,21.1631,187.5507,62.5026,0.5676,1.0e-04,27.00,0.44,3.5
6961,26.96,20.5420,166.5821,58.7292,0.5719,1.0e-04,,,3.5
6962,27.84,21.3706,172.4256,63.2005,0.5775,1.0e-04,,,3.5
6963,26.44,20.0728,179.6757,61.1413,0.5717,1.0e-04,,,3.5
6964,26.52,19.9834,189.5239,61.6929,0.5698,1.0e-04,,,3.6
6965,28.33,21.3574,159.6368,60.2900,0.5751,1.0e-04,,,3.5
6966,27.80,20.9062,166.0207,62.0312,0.5828,1.0e-04,,,3.5
6967,27.89,21.0322,174.4936,57.1797,0.5765,1.0e-04,,,3.5
6968,26.92,20.5073,170.1915,58.9792,0.5765,1.0e-04,,,3.6
6969,26.84,20.2461,188.9178,59.7826,0.5745,1.0e-04,,,3.5
6970,27.53,20.8076,163.8399,61.8411,0.5774,1.0e-04,28.24,0.46,3.5
6971,27.87,21.2588,186.7304,58.5781,0.5737,1.0e-04,,,3.6
6972,26.58,20.1377,163.9384,59.5543,0.5740,1.0e-04,,,3.6
6973,26.73,20.5337,159.7496,62.2799,0.5740,1.0e-04,,,3.5
6974,25.67,19.5942,183.0354,55.7472,0.5718,1.0e-04,,,3.5
6975,26.57,20.3770,180.7958,58.0571,0.5710,1.0e-04,,,3.5
6976,27.26,20.8403,163.7214,59.7266,0.5792,1.0e-04,,,3.5
6977,25.83,19.7437,193.1561,57.4091,0.5666,1.0e-04,,,3.5
6978,27.70,21.2969,161.8275,56.8958,0.5767,1.0e-04,,,3.6
6979,27.51,20.8525,165.1527,61.3307,0.5788,1.0e-04,,,3.5
6980,26.16,19.7256,172.0726,62.0082,0.5788,1.0e-04,27.35,0.49,3.5
6981,27.42,20.8027,159.5872,60.1745,0.5806,1.0e-04,,,3.5
6982,27.75,21.3252,163.2158,60.2318,0.5731,1.0e-04,,,3.6
6983,27.70,21.2202,171.9481,58.2109,0.5751,1.0e-04,,,3.5
6984,27.80,21.5010,176.7414,57.6406,0.5680,1.0e-04,,,3.5
6985,26.82,20.5825,171.8685,59.4158,0.5746,1.0e-04,,,3.5
6986,25.50,19.4165,191.5922,58.9034,0.5673,1.0e-04,,,3.5
6987,26.55,20.4873,172.2388,60.2065,0.5629,1.0e-04,,,3.5
6988,27.76,21.3662,154.0357,61.2188,0.5725,1.0e-04,,,3.5
6989,25.44,19.4712,166.4437,57.8324,0.5652,1.0e-04,,,3.5
6990,27.46,21.2319,173.4799,61.6406,0.5669,1.0e-04,25.35,0.26,3.6
6991,26.38,20.5039,171.9181,56.9429,0.5601,1.0e-04,,,3.5
6992,25.86,20.1006,198.4372,56.0256,0.5533,1.0e-04,,,3.5
6993,25.96,20.0342,169.6905,57.8043,0.5645,1.0e-04,,,3.5
6994,26.84,20.6587,161.7729,57.1929,0.5660,1.0e-04,,,3.5
6995,25.70,19.8530,181.1727,55.3892,0.5638,1.0e-04,,,3.5
6996,26.56,20.4541,168.3037,57.6929,0.5559,1.0e-04,,,3.5
6997,26.41,20.4072,176.9572,59.2337,0.5612,1.0e-04,,,3.5
6998,26.78,20.6035,163.2134,58.1060,0.5688,1.0e-04,,,3.6
6999,26.42,20.2612,154.2667,58.5435,0.5657,1.0e-04,,,3.5
7000,27.11,20.8647,195.6101,56.7708,0.5717,1.0e-04,27.52,0.39,3.6
7001,27.43,21.0723,170.0673,65.2474,0.5657,1.0e-04,,,3.6
7002,28.11,21.6333,177.9347,60.7075,0.5747,1.0e-04,,,3.6
7003,28.48,21.7334,168.8566,57.1700,0.5793,1.0e-04,,,3.5
7004,26.19,19.7441,186.7579,62.6359,0.5734,1.0e-04,,,3.5
7005,26.87,20.3677,181.5018,57.1386,0.5836,1.0e-04,,,3.5
7006,27.59,20.8369,162.2552,61.7135,0.5828,1.0e-04,,,3.6
7007,26.57,19.8438,179.1583,58.8125,0.5819,1.0e-04,,,3.5
7008,27.54,20.7378,189.7220,57.1432,0.5811,1.0e-04,,,3.6
7009,27.93,21.3364,173.9846,59.8880,0.5724,1.0e-04,,,3.6
7010,27.00,20.3457,178.1951,57.7969,0.5795,1.0e-04,27.74,0.52,3.6
7011,27.52,20.7773,164.7841,56.6641,0.5815,1.0e-04,,,3.5
7012,26.93,20.3232,183.5570,61.5807,0.5810,1.0e-04,,,3.6
7013,27.22,20.7959,176.7512,59.8125,0.5723,1.0e-04,,,3.5
7014,27.15,21.0059,196.5212,61.2552,0.5638,1.0e-04,,,3.5
7015,27.34,21.1138,185.0686,59.6953,0.5656,1.0e-04,,,3.5
7016,27.00,20.9023,186.4668,62.8281,0.5607,1.0e-04,,,3.6
7017,26.76,20.8008,216.6736,60.8071,0.5566,1.0e-04,,,3.5
7018,27.04,21.0684,174.9106,55.2526,0.5536,1.0e-04,,,3.5
7019,26.01,20.2832,178.0484,61.4266,0.5357,1.0e-04,,,3.5
7020,26.91,20.8086,193.7841,60.7473,0.5556,1.0e-04,26.90,0.30,3.5
7021,26.99,20.8760,173.8997,55.1823,0.5657,1.0e-04,,,35.2
7022,26.37,20.4590,179.1681,57.5272,0.5380,1.0e-04,,,5.4
7023,26.31,20.4512,176.6837,58.6658,0.5412,1.0e-04,,,6.5
7024,26.89,20.9385,179.6498,61.1380,0.5535,1.0e-04,,,6.6
7025,28.25,22.0874,170.9649,59.8925,0.5537,1.0e-04,,,6.5
7026,28.00,21.8184,178.9973,58.6450,0.5644,1.0e-04,,,5.6
7027,26.29,20.3018,176.7087,61.5897,0.5581,1.0e-04,,,6.5
7028,26.82,20.7646,216.5866,63.4266,0.5570,1.0e-04,,,6.4
7029,26.77,20.6382,186.7975,57.9457,0.5483,1.0e-04,,,6.2
7030,26.84,20.8213,189.9940,60.0082,0.5544,1.0e-04,27.74,0.35,6.1
7031,27.96,21.7100,156.1116,59.6075,0.5562,1.0e-04,,,6.4
7032,26.51,20.5493,174.2314,59.3043,0.5565,1.0e-04,,,5.2
7033,26.29,20.3110,170.8691,57.9212,0.5680,1.0e-04,,,6.1
7034,25.52,19.5449,157.5788,55.5710,0.5631,1.0e-04,,,3.5
7035,26.24,20.2202,155.1094,58.8641,0.5529,1.0e-04,,,6.0
7036,26.44,20.2920,160.1665,60.4810,0.5500,1.0e-04,,,5.2
7037,26.10,19.8472,185.0182,55.2690,0.5515,1.0e-04,,,6.5
7038,25.20,19.0410,179.4687,50.1562,0.5587,1.0e-04,,,6.6
7039,26.27,19.9985,186.9683,56.2554,0.5540,1.0e-04,,,3.6
7040,27.43,21.0376,158.1628,58.7839,0.5601,1.0e-04,27.80,0.33,5.5
7041,26.77,20.6411,172.8674,59.7364,0.5617,1.0e-04,,,6.6
7042,25.58,19.5908,178.4737,56.1278,0.5530,1.0e-04,,,5.5
7043,25.90,19.7842,172.0724,56.1658,0.5490,1.0e-04,,,6.5
7044,27.52,21.3281,174.5566,58.8411,0.5497,1.0e-04,,,5.3
7045,27.16,21.2168,168.6938,59.8568,0.5466,1.0e-04,,,6.2
7046,27.30,21.0186,176.1730,61.5651,0.5628,1.0e-04,,,6.2
7047,26.38,20.2217,192.2733,60.4674,0.5655,1.0e-04,,,5.2
7048,27.06,20.7905,192.3732,62.2734,0.5528,1.0e-04,,,5.2
7049,28.27,21.9932,184.6852,62.0975,0.5517,1.0e-04,,,6.1
7050,28.05,21.7705,200.4447,63.5700,0.5537,1.0e-04,27.60,0.38,5.2
7051,27.36,21.0200,190.9706,62.7161,0.5647,1.0e-04,,,6.2
7052,26.17,19.9019,188.9141,62.9484,0.5690,1.0e-04,,,6.5
7053,26.80,20.4248,201.0698,59.9565,0.5671,1.0e-04,,,6.6
7054,26.10,19.9419,195.0087,61.5761,0.5561,1.0e-04,,,6.6
7055,26.21,20.0073,199.7128,63.2636,0.5594,1.0e-04,,,6.6
7056,25.73,19.5767,197.0575,59.9915,0.5585,1.0e-04,,,3.6
7057,27.38,20.8794,171.8617,59.1562,0.5659,1.0e-04,,,6.4
7058,26.58,20.2939,197.4265,61.6549,0.5617,1.0e-04,,,5.3
7059,26.80,20.4980,210.4557,60.7989,0.5602,1.0e-04,,,6.1
7060,28.85,22.3086,177.5993,62.4300,0.5577,1.0e-04,28.16,0.37,6.2
7061,27.37,21.0654,199.1734,64.5286,0.5559,1.0e-04,,,6.2
7062,25.66,19.6411,203.4111,62.2727,0.5572,1.0e-04,,,6.1
7063,27.41,21.3735,191.7108,61.3307,0.5506,1.0e-04,,,5.2
7064,26.72,20.8931,197.3565,61.4130,0.5314,1.0e-04,,,6.1
7065,26.56,20.6255,208.9091,61.7962,0.5514,1.0e-04,,,5.2
7066,28.03,21.8618,214.5591,63.3425,0.5452,1.0e-04,,,5.2
7067,26.81,20.5947,205.3359,60.4728,0.5506,1.0e-04,,,6.1
7068,28.38,21.8032,168.7676,59.4050,0.5594,1.0e-04,,,5.3
7069,28.17,21.7100,186.1593,61.4450,0.5495,1.0e-04,,,6.6
7070,27.66,21.2358,162.6928,60.0807,0.5644,1.0e-04,27.91,0.45,6.5
7071,27.05,20.5459,187.5048,61.5443,0.5532,1.0e-04,,,5.3
7072,28.22,21.7422,175.3456,61.1300,0.5566,1.0e-04,,,6.2
7073,25.75,19.5234,202.5395,58.2273,0.5623,1.0e-04,,,6.2
7074,27.54,21.2202,178.2377,62.6667,0.5544,1.0e-04,,,5.3
7075,26.86,20.8169,194.5048,58.4457,0.5558,1.0e-04,,,6.1
7076,28.03,21.6519,173.6347,63.2500,0.5592,1.0e-04,,,5.2
7077,26.67,20.7769,187.8015,63.6522,0.5458,1.0e-04,,,6.1
7078,26.18,20.1411,194.7675,60.9375,0.5600,1.0e-04,,,6.1
7079,28.30,21.9624,178.2325,62.3200,0.5557,1.0e-04,,,6.1
7080,27.22,21.1182,191.6747,59.3047,0.5463,1.0e-04,27.95,0.38,6.3
7081,27.42,21.1499,187.8141,61.1068,0.5511,1.0e-04,,,5.4
7082,27.63,21.5366,183.0212,59.9505,0.5496,1.0e-04,,,6.1
7083,25.84,20.0605,187.4758,61.0795,0.5495,1.0e-04,,,6.1
7084,27.20,21.2021,189.7468,60.8490,0.5410,1.0e-04,,,6.1
7085,26.69,20.6167,174.8820,59.0571,0.5523,1.0e-04,,,6.2
7086,26.67,20.5249,190.6796,63.9837,0.5554,1.0e-04,,,6.2
7087,26.63,20.3911,169.0027,56.9701,0.5643,1.0e-04,,,6.3
7088,28.64,21.9424,187.4397,59.4800,0.5655,1.0e-04,,,6.3
7089,28.01,21.8013,191.2561,63.9900,0.5537,1.0e-04,,,5.3
7090,26.99,21.0239,184.0983,59.7943,0.5397,1.0e-04,27.84,0.31,3.5
7091,26.73,20.7407,189.0711,58.3967,0.5510,1.0e-04,,,6.1
7092,28.65,22.4302,170.4104,62.5050,0.5526,1.0e-04,,,6.1
7093,27.22,21.3237,201.6058,60.1979,0.5420,1.0e-04,,,3.6
7094,26.53,20.5811,188.1095,59.1957,0.5472,1.0e-04,,,5.3
7095,26.67,20.6201,180.5948,58.9402,0.5350,1.0e-04,,,6.2
7096,27.48,21.3242,185.3402,58.6302,0.5487,1.0e-04,,,5.3
7097,27.79,21.4463,164.4510,59.3151,0.5694,1.0e-04,,,6.2
7098,27.40,21.3291,180.9246,63.2031,0.5454,1.0e-04,,,3.5
7099,27.51,21.1299,175.0761,60.4297,0.5580,1.0e-04,,,5.3
7100,26.99,20.8096,205.6310,68.4792,0.5648,1.0e-04,28.32,0.45,6.4
7101,27.38,20.8481,206.2392,65.1250,0.5528,1.0e-04,,,6.1
7102,27.47,21.0566,195.0858,65.3359,0.5481,1.0e-04,,,5.3
7103,27.42,21.1392,214.3995,60.6224,0.5614,1.0e-04,,,5.3
7104,27.26,21.0513,195.4646,63.2760,0.5530,1.0e-04,,,6.2
7105,26.16,19.9199,182.4619,57.3804,0.5509,1.0e-04,,,6.1
7106,27.99,21.6279,191.2110,65.0125,0.5542,1.0e-04,,,6.5
7107,27.04,20.7979,193.4701,62.1276,0.5433,1.0e-04,,,5.2
7108,27.38,21.2559,206.0613,64.1068,0.5315,1.0e-04,,,6.4
7109,28.08,21.9438,195.0367,63.3300,0.5431,1.0e-04,,,5.5
7110,27.30,21.1157,189.4546,60.8932,0.5485,1.0e-04,27.42,0.37,6.4
7111,27.90,21.5845,194.8715,65.3880,0.5572,1.0e-04,,,6.3
7112,27.47,21.0972,196.9956,64.9740,0.5504,1.0e-04,,,5.3
7113,28.12,21.7949,199.9120,66.7375,0.5527,1.0e-04,,,6.2
7114,26.74,20.4302,220.0383,64.0598,0.5482,1.0e-04,,,6.1
7115,26.99,20.6196,220.5065,60.1641,0.5443,1.0e-04,,,5.2
7116,27.13,20.9351,203.3702,65.1172,0.5530,1.0e-04,,,6.1
7117,27.39,21.2183,188.5689,59.5078,0.5494,1.0e-04,,,5.4
7118,27.30,21.0415,182.9107,61.9896,0.5517,1.0e-04,,,6.2
7119,27.59,21.2134,191.2315,62.9531,0.5579,1.0e-04,,,6.2
7120,27.96,21.5229,184.4647,58.8325,0.5598,1.0e-04,27.85,0.38,6.5
7121,27.53,21.1470,188.9957,57.7969,0.5672,1.0e-04,,,5.4
7122,29.04,22.3022,182.3529,60.8582,0.5666,1.0e-04,,,5.5
7123,27.53,20.9448,196.4681,63.3151,0.5696,1.0e-04,,,5.5
7124,27.95,21.2114,191.6891,59.6375,0.5693,1.0e-04,,,5.4
7125,28.12,21.5444,159.9325,61.0225,0.5711,1.0e-04,,,6.2
7126,27.08,20.5054,177.7399,62.5026,0.5724,1.0e-04,,,6.2
7127,26.99,20.4697,172.1301,61.8125,0.5667,1.0e-04,,,3.6
7128,26.87,20.0327,187.7439,63.0136,0.5716,1.0e-04,,,6.1
7129,28.92,22.0117,169.3082,64.7933,0.5687,1.0e-04,,,5.3
7130,27.33,20.7778,197.2856,63.8359,0.5687,1.0e-04,27.94,0.41,6.1
7131,28.11,21.5176,196.3445,64.7950,0.5706,1.0e-04,,,6.1
7132,26.51,20.1318,217.7424,62.4973,0.5668,1.0e-04,,,5.3
7133,26.63,20.0859,196.0751,64.3533,0.5639,1.0e-04,,,6.2
7134,28.15,21.6357,180.0189,61.5825,0.5727,1.0e-04,,,6.2
7135,24.98,19.0288,198.1657,61.5852,0.5600,1.0e-04,,,5.2
7136,26.25,20.1421,192.0469,57.5462,0.5560,1.0e-04,,,3.6
7137,26.14,20.1177,199.4330,57.5462,0.5505,1.0e-04,,,3.6
7138,27.51,21.2856,182.1739,60.6458,0.5598,1.0e-04,,,5.5
7139,26.26,20.1084,220.3295,58.5761,0.5661,1.0e-04,,,6.4
7140,28.80,22.2471,193.1374,61.5375,0.5601,1.0e-04,28.03,0.42,6.4
7141,27.18,20.7778,194.3586,58.9766,0.5614,1.0e-04,,,6.2
7142,26.33,19.9238,204.5302,61.2989,0.5619,1.0e-04,,,6.3
7143,28.55,22.0205,190.8011,64.8775,0.5665,1.0e-04,,,5.3
7144,28.80,22.1113,182.1741,62.8225,0.5690,1.0e-04,,,6.1
7145,27.01,20.6895,212.1467,62.1276,0.5590,1.0e-04,,,6.4
7146,29.07,22.6963,168.4518,61.2524,0.5644,1.0e-04,,,5.2
7147,27.20,20.8955,181.3158,60.2031,0.5600,1.0e-04,,,6.1
7148,28.18,21.8901,204.0725,63.9075,0.5603,1.0e-04,,,6.1
7149,27.09,20.7686,172.7308,65.4219,0.5645,1.0e-04,,,6.2
7150,27.30,20.9780,188.2209,60.7396,0.5631,1.0e-04,28.39,0.43,3.6
7151,26.90,20.5977,173.5911,61.7656,0.5696,1.0e-04,,,3.6
7152,27.14,20.7612,190.8947,64.4141,0.5617,1.0e-04,,,6.5
7153,28.65,21.9287,195.8429,61.2850,0.5726,1.0e-04,,,6.6
7154,26.96,20.5317,193.3950,61.5182,0.5631,1.0e-04,,,3.6
7155,28.04,21.4082,186.3295,63.1000,0.5678,1.0e-04,,,5.5
7156,26.59,20.0508,183.2971,64.3832,0.5711,1.0e-04,,,6.3
7157,26.52,19.8701,188.0308,62.5652,0.5720,1.0e-04,,,5.3
7158,26.08,19.5742,208.7141,59.9837,0.5700,1.0e-04,,,6.1
7159,27.30,20.7549,179.5354,61.8464,0.5681,1.0e-04,,,3.5
7160,27.57,21.0444,194.4848,61.6719,0.5743,1.0e-04,27.74,0.53,6.1
7161,27.98,21.1113,180.5733,60.7375,0.5770,1.0e-04,,,6.4
7162,27.56,20.8281,157.4775,63.4870,0.5764,1.0e-04,,,5.2
7163,26.69,20.0923,176.4079,59.7717,0.5728,1.0e-04,,,6.1
7164,28.62,22.0264,160.8998,61.9200,0.5694,1.0e-04,,,6.1
7165,27.62,21.0127,157.5631,57.5573,0.5797,1.0e-04,,,6.1
7166,26.87,20.6841,166.8719,58.8672,0.5659,1.0e-04,,,6.5
7167,27.66,21.2017,161.2670,60.1458,0.5692,1.0e-04,,,3.6
7168,27.90,21.3350,170.2201,59.5521,0.5784,1.0e-04,,,3.6
7169,27.83,21.3599,164.7384,57.4401,0.5636,1.0e-04,,,6.6
7170,25.95,19.8145,168.9771,55.3750,0.5738,1.0e-04,27.85,0.42,6.9
7171,27.03,20.6899,172.7884,58.6016,0.5662,1.0e-04,,,5.5
7172,27.78,21.2144,160.3412,52.5234,0.5768,1.0e-04,,,6.4
7173,27.26,20.6431,168.3781,55.9792,0.5748,1.0e-04,,,6.2
7174,26.81,20.1802,167.6775,58.3641,0.5710,1.0e-04,,,6.2
7175,27.25,20.9375,170.3674,59.5911,0.5643,1.0e-04,,,6.2
7176,26.88,20.5542,168.3827,55.0082,0.5702,1.0e-04,,,6.1
7177,27.04,20.7119,171.9759,57.5234,0.5649,1.0e-04,,,5.2
7178,27.01,20.6411,161.5343,53.6745,0.5762,1.0e-04,,,5.1
7179,26.95,20.6309,163.4213,58.5547,0.5680,1.0e-04,,,5.2
7180,26.16,19.8848,158.7873,56.7283,0.5717,1.0e-04,27.25,0.46,6.2
7181,26.60,20.1260,158.4384,57.0190,0.5756,1.0e-04,,,6.1
7182,27.82,21.0327,156.4194,56.9427,0.5755,1.0e-04,,,3.5
7183,26.24,19.9531,155.1087,53.9158,0.5719,1.0e-04,,,3.6
7184,27.26,20.7812,156.2618,58.0312,0.5745,1.0e-04,,,3.6
7185,27.32,20.8682,157.2580,57.2917,0.5728,1.0e-04,,,3.6
7186,27.94,21.3789,188.7098,60.2125,0.5689,1.0e-04,,,3.6
7187,27.12,20.5386,162.6140,58.3750,0.5797,1.0e-04,,,6.6
7188,26.87,20.4302,156.8438,57.8016,0.5749,1.0e-04,,,6.3
7189,26.45,20.0591,165.6255,57.7853,0.5689,1.0e-04,,,5.3
7190,27.95,21.5078,164.7920,59.7000,0.5651,1.0e-04,27.48,0.38,6.2
7191,25.31,19.2827,172.0338,54.0966,0.5664,1.0e-04,,,6.1
7192,27.94,21.2803,195.0458,59.6925,0.5747,1.0e-04,,,3.5
7193,27.34,20.9561,164.0100,64.6276,0.5705,1.0e-04,,,6.1
7194,27.16,20.7754,172.2854,54.9766,0.5794,1.0e-04,,,6.1
7195,25.83,19.8149,182.7765,59.1761,0.5749,1.0e-04,,,6.1
7196,28.59,22.1650,191.8857,58.5850,0.5787,1.0e-04,,,5.3
7197,27.20,21.0654,199.5747,61.4349,0.5716,1.0e-04,,,3.5
7198,27.09,20.9258,175.6515,58.8516,0.5703,1.0e-04,,,6.2
7199,28.18,21.8135,179.3053,64.1550,0.5697,1.0e-04,,,6.2
7200,28.26,21.9189,192.6994,60.7650,0.5701,1.0e-04,26.79,0.30,6.1
7201,25.78,19.9185,180.6203,60.4972,0.5547,1.0e-04,,,6.5
7202,26.83,20.7056,173.2448,60.2799,0.5674,1.0e-04,,,6.4
7203,27.23,21.2393,195.3241,58.5885,0.5556,1.0e-04,,,3.5
7204,26.69,20.5933,180.2097,61.0978,0.5632,1.0e-04,,,3.6
7205,25.87,19.7017,181.9632,56.1165,0.5664,1.0e-04,,,6.3
7206,27.58,21.2798,195.4525,62.6562,0.5604,1.0e-04,,,3.6
7207,27.97,21.8032,180.1764,60.3775,0.5664,1.0e-04,,,3.6
7208,27.30,21.0151,172.3484,57.8984,0.5617,1.0e-04,,,6.1
7209,26.46,20.3960,191.3904,57.5707,0.5561,1.0e-04,,,5.2
7210,26.83,20.5527,175.2006,64.3832,0.5611,1.0e-04,27.50,0.36,6.1
7211,28.06,21.7456,167.3989,61.9225,0.5569,1.0e-04,,,3.6
7212,27.42,21.2266,190.4581,60.5156,0.5578,1.0e-04,,,5.4
7213,27.61,21.3169,179.6949,62.4531,0.5598,1.0e-04,,,6.2
7214,27.78,21.4507,184.0054,62.2812,0.5625,1.0e-04,,,3.6
7215,27.26,20.8218,193.1111,60.2552,0.5582,1.0e-04,,,6.2
7216,26.02,19.8306,201.1790,58.8152,0.5586,1.0e-04,,,5.3
7217,27.04,20.8125,177.4634,62.3828,0.5637,1.0e-04,,,5.2
7218,27.84,21.7349,177.1028,60.0000,0.5497,1.0e-04,,,3.6
7219,26.59,20.5918,187.8599,62.8967,0.5463,1.0e-04,,,3.6
7220,28.28,22.0898,166.9777,60.4500,0.5491,1.0e-04,27.11,0.30,3.6
7221,27.62,21.6035,177.6280,59.9531,0.5478,1.0e-04,,,6.2
7222,26.36,20.2144,192.5399,64.2174,0.5638,1.0e-04,,,5.3
7223,28.26,21.9253,194.5857,60.0775,0.5687,1.0e-04,,,3.6
7224,26.59,20.3921,180.7535,59.8125,0.5625,1.0e-04,,,3.5
7225,27.49,21.0430,163.6606,60.0807,0.5675,1.0e-04,,,5.3
7226,27.13,20.8735,179.7005,61.7474,0.5654,1.0e-04,,,6.1
7227,27.61,21.2900,188.1987,59.2578,0.5599,1.0e-04,,,3.6
7228,26.71,20.4556,191.8754,60.0951,0.5637,1.0e-04,,,6.1
7229,28.81,22.1699,188.7716,60.9600,0.5619,1.0e-04,,,3.6
7230,27.69,21.5000,179.3822,62.3802,0.5563,1.0e-04,27.97,0.38,6.3
7231,26.69,20.4292,201.8827,63.4239,0.5661,1.0e-04,,,6.3
7232,26.39,20.0947,201.7974,59.5272,0.5536,1.0e-04,,,5.3
7233,26.11,20.1445,189.7234,63.5380,0.5580,1.0e-04,,,3.5
7234,27.75,21.4907,169.6189,58.3151,0.5625,1.0e-04,,,3.5
7235,26.74,20.3579,175.2934,61.2962,0.5650,1.0e-04,,,3.6
7236,28.69,22.1079,195.7696,59.2650,0.5654,1.0e-04,,,3.6
7237,26.80,20.2119,194.1088,59.4484,0.5714,1.0e-04,,,6.1
7238,26.55,19.9971,164.1301,58.3832,0.5766,1.0e-04,,,5.2
7239,26.63,20.3076,191.4320,58.9511,0.5686,1.0e-04,,,6.3
7240,26.84,20.2417,180.2696,64.9429,0.5773,1.0e-04,28.33,0.53,6.2
7241,27.58,20.7329,190.1356,60.4453,0.5784,1.0e-04,,,3.5
7242,26.54,19.8247,160.2085,57.6821,0.5835,1.0e-04,,,5.2
7243,26.90,20.1987,195.4859,58.4688,0.5746,1.0e-04,,,5.2
7244,27.68,20.8511,192.1437,61.5781,0.5725,1.0e-04,,,6.1
7245,27.50,20.7627,191.9620,62.8906,0.5698,1.0e-04,,,5.3
7246,27.55,20.9409,184.5325,66.5339,0.5765,1.0e-04,,,5.4
7247,27.15,20.4844,189.9567,60.8411,0.5733,1.0e-04,,,3.6
7248,25.61,19.0859,193.6571,58.8693,0.5737,1.0e-04,,,3.5
7249,27.71,20.8721,156.9630,59.5365,0.5803,1.0e-04,,,6.2
7250,28.82,22.1528,160.3634,61.2875,0.5728,1.0e-04,28.46,0.50,6.3
7251,26.72,20.0474,171.3680,60.9891,0.5726,1.0e-04,,,6.1
7252,27.29,20.5552,173.6465,56.6328,0.5811,1.0e-04,,,6.1
7253,26.53,19.9141,181.8305,61.3370,0.5814,1.0e-04,,,5.2
7254,25.67,19.2886,174.4554,55.6250,0.5793,1.0e-04,,,3.5
7255,27.65,21.3003,166.2735,58.9036,0.5782,1.0e-04,,,6.3
7256,26.96,20.6421,154.7729,57.5365,0.5785,1.0e-04,,,3.6
7257,26.99,20.8711,178.6420,59.0156,0.5717,1.0e-04,,,5.3
7258,26.26,20.2588,170.9730,54.8940,0.5719,1.0e-04,,,6.2
7259,27.02,20.6958,179.1069,60.6146,0.5783,1.0e-04,,,5.3
7260,27.53,20.9473,190.2444,63.4479,0.5838,1.0e-04,27.37,0.52,5.3
7261,26.45,19.8296,187.1365,60.1848,0.5761,1.0e-04,,,3.6
7262,27.52,20.7134,176.5915,58.8932,0.5777,1.0e-04,,,3.6
7263,26.48,19.7158,182.8817,57.6141,0.5849,1.0e-04,,,5.4
7264,26.05,19.3833,152.2871,54.0598,0.5816,1.0e-04,,,3.6
7265,27.44,20.4180,161.0984,59.7500,0.5736,1.0e-04,,,5.4
7266,26.80,19.9385,161.1003,60.9755,0.5768,1.0e-04,,,3.6
7267,25.98,19.2056,193.8026,60.4864,0.5758,1.0e-04,,,3.5
7268,27.49,20.6899,161.0945,64.0964,0.5703,1.0e-04,,,5.3
7269,27.12,20.6729,203.0543,59.8333,0.5712,1.0e-04,,,6.2
7270,26.48,20.0112,179.9859,61.5245,0.5789,1.0e-04,27.59,0.45,3.5
7271,27.28,20.7134,181.0762,57.8568,0.5797,1.0e-04,,,6.1
7272,25.62,19.2036,171.3610,56.1080,0.5831,1.0e-04,,,3.5
7273,28.28,21.5366,179.0115,57.0350,0.5786,1.0e-04,,,3.6
7274,28.17,21.6440,172.6669,56.7675,0.5777,1.0e-04,,,3.6
7275,26.64,20.3584,156.1433,55.5897,0.5798,1.0e-04,,,3.5
7276,25.88,19.7231,167.4834,56.7045,0.5735,1.0e-04,,,6.2
7277,24.96,19.0034,173.3491,58.2131,0.5723,1.0e-04,,,5.2
7278,27.12,20.4272,152.7527,61.1693,0.5806,1.0e-04,,,6.2
7279,27.75,21.1089,189.2722,65.0781,0.5788,1.0e-04,,,6.6
7280,25.81,19.5234,175.1467,60.2528,0.5735,1.0e-04,27.33,0.45,3.6
7281,27.23,20.7471,190.8805,63.1667,0.5750,1.0e-04,,,3.6
7282,27.91,21.4731,195.6783,63.8802,0.5742,1.0e-04,,,3.5
7283,27.37,21.0234,164.5491,59.0625,0.5787,1.0e-04,,,5.3
7284,26.62,20.4590,164.9130,61.4402,0.5691,1.0e-04,,,3.6
7285,26.67,20.4043,180.2025,62.4674,0.5716,1.0e-04,,,3.6
7286,26.14,19.9204,167.4603,60.3505,0.5766,1.0e-04,,,6.1
7287,25.62,19.4629,206.5191,59.9006,0.5688,1.0e-04,,,6.1
7288,25.91,19.5874,203.2252,62.1277,0.5680,1.0e-04,,,6.1
7289,26.37,19.9990,223.3164,60.9293,0.5709,1.0e-04,,,5.2
7290,27.13,20.6377,191.0293,62.9401,0.5725,1.0e-04,27.64,0.51,6.4
7291,27.99,21.2090,187.2936,65.1500,0.5756,1.0e-04,,,3.5
7292,27.21,20.7017,199.9758,65.1146,0.5702,1.0e-04,,,6.2
7293,26.45,20.0918,200.1608,62.1332,0.5712,1.0e-04,,,5.3
7294,27.13,20.5796,166.0113,60.1615,0.5782,1.0e-04,,,6.6
7295,28.08,21.4282,184.6172,63.6825,0.5706,1.0e-04,,,3.6
7296,26.47,19.9741,186.5191,64.2989,0.5783,1.0e-04,,,5.9
7297,27.51,20.7925,203.8800,61.9271,0.5794,1.0e-04,,,5.5
7298,27.49,21.0605,223.6137,63.2005,0.5719,1.0e-04,,,5.3
7299,26.70,20.4365,209.1099,66.7636,0.5668,1.0e-04,,,3.6
7300,26.72,20.3062,196.9639,61.4103,0.5684,1.0e-04,27.42,0.40,3.5
7301,25.68,19.4731,203.5724,60.3438,0.5666,1.0e-04,,,3.5
7302,27.50,21.3154,216.3380,64.9557,0.5622,1.0e-04,,,3.5
7303,26.46,20.1543,171.2496,60.9918,0.5807,1.0e-04,,,5.2
7304,28.03,21.6636,179.6633,56.5075,0.5629,1.0e-04,,,3.5
7305,27.24,21.1353,174.8837,60.1953,0.5695,1.0e-04,,,3.5
7306,27.24,20.9780,185.9759,59.4609,0.5729,1.0e-04,,,3.5
7307,26.40,20.1353,161.8084,59.7201,0.5797,1.0e-04,,,5.2
7308,27.80,21.4761,181.0225,60.0859,0.5700,1.0e-04,,,6.1
7309,27.60,21.2900,172.4379,64.2995,0.5662,1.0e-04,,,3.6
7310,28.24,21.5146,175.0398,62.7525,0.5765,1.0e-04,27.56,0.52,3.6
7311,27.71,20.8560,186.9334,65.9036,0.5792,1.0e-04,,,3.6
7312,26.93,19.8657,211.6630,65.4688,0.5750,1.0e-04,,,5.5
7313,27.91,21.1489,192.6431,59.1550,0.5750,1.0e-04,,,5.6
7314,27.28,20.6357,189.1374,58.9062,0.5774,1.0e-04,,,3.6
7315,27.11,20.5347,184.4163,59.9453,0.5755,1.0e-04,,,6.6
7316,27.40,20.8359,178.2464,65.1771,0.5714,1.0e-04,,,5.5
7317,26.90,20.3560,181.6372,58.4036,0.5827,1.0e-04,,,5.4
7318,27.12,20.6118,181.0469,61.6224,0.5697,1.0e-04,,,6.2
7319,26.10,19.5005,200.7512,59.2092,0.5763,1.0e-04,,,3.5
7320,27.44,20.7231,181.4809,60.7318,0.5714,1.0e-04,27.82,0.52,3.6
7321,25.75,19.3110,167.2090,62.0312,0.5736,1.0e-04,,,3.5
7322,27.42,20.7192,191.5166,63.8255,0.5787,1.0e-04,,,5.3
7323,26.66,19.9854,169.7621,56.8179,0.5688,1.0e-04,,,6.1
7324,27.39,20.9966,177.2878,60.8984,0.5705,1.0e-04,,,5.2
7325,26.01,19.5171,176.0101,57.5815,0.5756,1.0e-04,,,5.2
7326,27.63,21.2485,165.7873,60.4062,0.5720,1.0e-04,,,6.1
7327,27.50,21.1572,152.8144,58.8047,0.5660,1.0e-04,,,5.2
7328,28.10,21.5493,153.2999,64.7900,0.5793,1.0e-04,,,6.4
7329,27.71,21.2031,170.7683,61.2995,0.5756,1.0e-04,,,6.6
7330,26.80,20.2974,174.7496,58.3614,0.5767,1.0e-04,27.43,0.48,6.6
7331,27.33,20.7568,177.2553,61.0182,0.5796,1.0e-04,,,6.6
7332,25.82,19.3130,185.4353,55.7301,0.5727,1.0e-04,,,6.6
7333,28.92,22.2168,190.1044,62.3197,0.5798,1.0e-04,,,6.6
7334,26.48,19.9263,165.5070,61.3967,0.5801,1.0e-04,,,5.3
7335,28.07,21.3623,173.5198,64.5525,0.5781,1.0e-04,,,3.6
7336,27.25,20.8789,194.3017,59.2969,0.5657,1.0e-04,,,6.1
7337,26.78,20.3667,192.1809,60.3016,0.5850,1.0e-04,,,3.5
7338,25.91,19.6128,185.5031,59.9375,0.5770,1.0e-04,,,6.1
7339,27.58,21.1636,198.2364,63.0990,0.5768,1.0e-04,,,3.6
7340,26.81,20.4224,197.2744,60.9076,0.5741,1.0e-04,27.33,0.39,3.5
7341,25.71,19.5708,177.3214,57.2784,0.5776,1.0e-04,,,6.1
7342,28.17,21.5356,172.0984,58.3575,0.5849,1.0e-04,,,6.1
7343,27.78,21.1167,190.8273,57.9609,0.5811,1.0e-04,,,3.5
7344,26.35,20.1514,181.5704,63.3668,0.5670,1.0e-04,,,3.6
7345,26.72,20.2983,181.4755,64.4620,0.5696,1.0e-04,,,6.6
7346,26.82,20.6963,205.4944,61.8614,0.5662,1.0e-04,,,6.6
7347,26.38,20.2949,199.2912,62.3152,0.5687,1.0e-04,,,5.6
7348,27.31,21.0654,199.8712,61.0130,0.5715,1.0e-04,,,3.6
7349,27.15,20.9097,194.6856,61.0677,0.5606,1.0e-04,,,6.7
7350,26.38,20.3125,181.0928,63.7609,0.5696,1.0e-04,26.77,0.31,5.6
7351,27.05,20.9814,193.1789,61.1458,0.5632,1.0e-04,,,3.6
7352,25.67,19.6484,203.4165,58.9290,0.5656,1.0e-04,,,3.5
7353,28.77,22.2993,191.6917,62.1575,0.5625,1.0e-04,,,6.2
7354,27.16,20.9233,179.4152,55.5495,0.5668,1.0e-04,,,3.5
7355,26.88,20.4702,190.0426,57.4266,0.5706,1.0e-04,,,3.5
7356,26.56,20.2134,185.9976,60.4375,0.5642,1.0e-04,,,3.5
7357,27.66,21.0454,192.3763,58.6016,0.5735,1.0e-04,,,6.1
7358,28.27,21.5977,188.7851,63.2675,0.5675,1.0e-04,,,6.1
7359,28.05,21.2065,174.0886,60.6575,0.5732,1.0e-04,,,3.6
7360,27.38,20.6855,193.7620,63.3151,0.5706,1.0e-04,27.92,0.45,3.6
7361,26.58,20.1572,193.0173,61.0761,0.5628,1.0e-04,,,3.5
7362,26.40,20.0771,192.2677,57.9620,0.5676,1.0e-04,,,3.5
7363,26.38,20.1440,199.0711,57.1685,0.5641,1.0e-04,,,3.6
7364,26.91,20.6196,192.0085,63.2266,0.5631,1.0e-04,,,3.5
7365,27.28,20.8286,167.8218,55.1484,0.5752,1.0e-04,,,3.6
7366,28.20,21.6284,171.9996,63.4250,0.5615,1.0e-04,,,6.6
7367,27.90,21.5059,193.0878,61.1600,0.5700,1.0e-04,,,6.4
7368,27.28,20.9287,166.1260,59.6719,0.5759,1.0e-04,,,3.6
7369,27.61,21.0864,209.2674,62.4479,0.5643,1.0e-04,,,3.6
7370,27.58,21.2905,197.3994,64.7526,0.5686,1.0e-04,27.40,0.33,6.1
7371,28.02,21.7739,214.8315,63.3475,0.5590,1.0e-04,,,3.5
7372,25.72,19.6470,193.5263,63.0824,0.5544,1.0e-04,,,6.1
7373,25.21,19.1299,230.8460,63.5114,0.5609,1.0e-04,,,6.1
7374,26.33,20.0376,201.7254,64.9239,0.5598,1.0e-04,,,5.2
7375,28.49,22.0435,189.1002,59.9375,0.5631,1.0e-04,,,5.2
7376,25.44,19.3018,196.1533,61.8949,0.5640,1.0e-04,,,5.1
7377,26.79,20.4707,196.1782,61.0163,0.5700,1.0e-04,,,6.1
7378,26.50,20.1772,169.7591,57.9185,0.5700,1.0e-04,,,3.5
7379,28.51,21.8022,172.2777,61.7075,0.5741,1.0e-04,,,3.5
7380,28.88,22.2349,172.6756,64.1400,0.5700,1.0e-04,27.94,0.46,3.6
7381,25.52,19.2007,180.3777,64.0483,0.5660,1.0e-04,,,5.2
7382,26.94,20.5669,193.4872,63.4583,0.5710,1.0e-04,,,6.3
7383,28.41,21.7925,182.1987,64.1200,0.5648,1.0e-04,,,5.2
7384,27.69,21.2900,180.9150,65.7604,0.5584,1.0e-04,,,3.6
7385,25.22,19.0459,179.1283,57.2386,0.5647,1.0e-04,,,6.5
7386,27.86,21.3965,181.8521,59.5078,0.5603,1.0e-04,,,6.1
7387,27.93,21.3643,177.0992,66.7050,0.5639,1.0e-04,,,3.6
7388,25.71,19.4492,189.8565,60.7301,0.5665,1.0e-04,,,3.5
7389,27.89,21.4214,178.8387,59.0078,0.5634,1.0e-04,,,6.2
7390,26.98,20.4014,173.7030,57.8984,0.5663,1.0e-04,28.17,0.45,5.2
7391,27.51,21.0532,192.5897,61.1797,0.5666,1.0e-04,,,3.5
7392,27.39,21.0186,184.1966,61.3047,0.5724,1.0e-04,,,3.6
7393,27.22,21.0332,191.2076,64.2344,0.5598,1.0e-04,,,6.3
7394,25.46,19.0254,202.3151,62.2017,0.5677,1.0e-04,,,5.3
7395,26.86,20.1724,179.0524,62.5272,0.5694,1.0e-04,,,6.2
7396,26.71,20.1250,217.9417,63.6522,0.5698,1.0e-04,,,6.1
7397,27.06,20.4282,180.3021,62.0365,0.5706,1.0e-04,,,6.3
7398,26.47,19.9097,173.6984,63.1196,0.5714,1.0e-04,,,3.5
7399,26.59,19.9893,205.2730,64.2174,0.5568,1.0e-04,,,3.5
7400,28.28,21.4941,181.0986,66.4150,0.5711,1.0e-04,27.53,0.34,3.6
7401,26.02,19.9712,195.4921,66.0924,0.5564,1.0e-04,,,3.5
7402,26.31,20.1538,192.1863,60.8560,0.5636,1.0e-04,,,6.5
7403,28.31,21.9839,185.5578,62.4250,0.5655,1.0e-04,,,6.5
7404,26.98,20.8271,204.2898,60.4870,0.5570,1.0e-04,,,5.8
7405,28.22,21.7925,184.3145,66.2875,0.5550,1.0e-04,,,6.5
7406,25.97,19.7900,182.0177,59.1848,0.5627,1.0e-04,,,3.6
7407,27.02,20.8940,197.7073,62.4922,0.5520,1.0e-04,,,5.5
7408,26.36,20.1597,180.9156,63.0598,0.5643,1.0e-04,,,3.6
7409,26.21,20.0464,197.7165,63.2147,0.5714,1.0e-04,,,3.6
7410,27.11,20.6191,199.2267,61.7604,0.5734,1.0e-04,28.11,0.40,3.6
7411,27.33,20.9956,200.2274,64.2917,0.5570,1.0e-04,,,6.3
7412,25.49,19.1968,196.6854,60.9403,0.5628,1.0e-04,,,5.5
7413,28.01,21.3755,184.8173,63.8825,0.5680,1.0e-04,,,3.6
7414,27.56,21.2300,198.5100,66.5547,0.5569,1.0e-04,,,3.6
7415,28.27,21.8721,195.2129,66.8075,0.5621,1.0e-04,,,3.6
7416,26.18,19.8125,207.0679,66.6467,0.5704,1.0e-04,,,3.6
7417,26.95,20.3765,195.9072,65.6901,0.5654,1.0e-04,,,5.4
7418,26.54,19.8604,209.2922,61.6114,0.5747,1.0e-04,,,5.3
7419,27.71,21.1206,191.8693,62.9115,0.5633,1.0e-04,,,6.2
7420,27.04,20.3979,197.9727,61.1719,0.5729,1.0e-04,27.11,0.54,3.5
7421,27.71,20.8799,184.5131,61.4974,0.5744,1.0e-04,,,3.6
7422,26.19,19.6621,181.0040,58.5136,0.5692,1.0e-04,,,3.6
7423,27.12,20.2676,199.5762,58.9583,0.5679,1.0e-04,,,3.6
7424,29.08,22.1221,175.0413,62.6466,0.5770,1.0e-04,,,3.6
7425,26.70,19.8579,172.3628,57.8668,0.5744,1.0e-04,,,6.5
7426,28.09,21.2505,190.9084,61.5350,0.5677,1.0e-04,,,3.6
7427,26.47,19.6421,186.9982,62.8152,0.5685,1.0e-04,,,3.6
7428,26.61,20.0669,188.6309,59.2473,0.5680,1.0e-04,,,6.3
7429,28.10,21.3203,209.6778,64.0650,0.5646,1.0e-04,,,3.6
7430,26.70,20.1206,169.6478,62.2473,0.5839,1.0e-04,27.65,0.52,6.4
7431,27.64,20.9189,181.9159,62.7396,0.5762,1.0e-04,,,6.7
7432,26.54,19.7339,176.2355,61.0000,0.5786,1.0e-04,,,6.5
7433,27.18,20.4512,175.2726,60.8516,0.5717,1.0e-04,,,3.6
7434,27.28,20.7397,176.7045,61.1823,0.5689,1.0e-04,,,3.6
7435,27.77,21.2324,180.6892,65.2839,0.5723,1.0e-04,,,3.6
7436,27.79,21.2539,174.7206,63.3516,0.5721,1.0e-04,,,6.2
7437,27.35,20.7598,211.2297,64.0599,0.5709,1.0e-04,,,6.2
7438,27.27,20.8330,184.4084,63.1849,0.5713,1.0e-04,,,3.5
7439,26.12,19.6670,187.7742,61.5679,0.5728,1.0e-04,,,3.6
7440,26.76,20.4814,198.2818,61.4620,0.5623,1.0e-04,27.71,0.40,6.5
7441,27.73,21.2529,172.5571,59.8776,0.5725,1.0e-04,,,6.2
7442,26.85,20.3237,188.3626,62.8804,0.5753,1.0e-04,,,3.6
7443,27.58,20.9043,191.7517,64.8125,0.5714,1.0e-04,,,3.6
7444,28.10,21.1211,193.6720,58.8550,0.5796,1.0e-04,,,5.3
7445,27.50,20.6846,193.3317,62.5599,0.5811,1.0e-04,,,3.6
7446,27.04,20.3633,184.7513,60.4245,0.5833,1.0e-04,,,3.6
7447,26.00,19.4531,206.1333,57.9592,0.5786,1.0e-04,,,3.6
7448,27.53,20.8511,169.6651,59.1354,0.5807,1.0e-04,,,3.6
7449,27.93,21.2568,166.2504,60.4275,0.5726,1.0e-04,,,6.6
7450,27.48,21.0244,173.6085,63.8854,0.5760,1.0e-04,27.08,0.42,5.5
7451,27.28,20.8101,176.3151,60.4844,0.5848,1.0e-04,,,3.6
7452,26.69,20.2866,156.8208,57.9511,0.5717,1.0e-04,,,6.4
7453,26.25,19.7891,174.8550,60.4158,0.5749,1.0e-04,,,6.3
7454,27.09,20.7881,185.3524,59.4505,0.5711,1.0e-04,,,6.2
7455,26.73,20.4644,157.9456,57.7065,0.5720,1.0e-04,,,6.2
7456,27.17,20.9253,168.6644,59.1615,0.5717,1.0e-04,,,3.6
7457,29.18,22.8267,150.3933,61.6635,0.5721,1.0e-04,,,3.6
7458,27.06,20.7471,187.3952,62.1693,0.5679,1.0e-04,,,3.6
7459,26.73,20.5820,180.6404,63.2255,0.5650,1.0e-04,,,3.6
7460,27.29,20.8481,163.2967,59.1927,0.5715,1.0e-04,27.34,0.35,3.6
7461,25.71,19.6587,183.2092,63.9091,0.5670,1.0e-04,,,3.6
7462,27.30,21.0161,165.3434,65.9896,0.5682,1.0e-04,,,3.6
7463,28.11,21.6821,179.0583,62.8475,0.5707,1.0e-04,,,3.6
7464,27.17,20.6846,204.3212,63.1693,0.5620,1.0e-04,,,6.3
7465,26.89,20.5361,206.8804,59.5104,0.5644,1.0e-04,,,3.6
7466,28.77,22.1470,178.5908,62.0900,0.5692,1.0e-04,,,6.7
7467,27.09,20.5972,205.1289,62.8776,0.5725,1.0e-04,,,6.5
7468,26.91,20.5933,193.5391,63.7578,0.5684,1.0e-04,,,10.7
7469,27.47,20.7900,178.9789,64.4609,0.5774,1.0e-04,,,3.6
7470,28.24,21.3813,196.4188,61.9650,0.5769,1.0e-04,28.24,0.51,6.5
7471,26.31,19.7754,200.1481,62.9620,0.5689,1.0e-04,,,3.6
7472,27.01,20.4746,183.0284,63.1406,0.5747,1.0e-04,,,5.3
7473,27.62,20.9565,182.0662,62.5052,0.5703,1.0e-04,,,3.6
7474,28.09,21.6265,194.2617,63.4725,0.5664,1.0e-04,,,6.2
7475,27.44,20.8345,205.3704,61.3229,0.5749,1.0e-04,,,3.6
7476,28.20,21.5103,191.8449,62.4475,0.5764,1.0e-04,,,3.6
7477,27.92,21.2920,174.5972,66.6500,0.5710,1.0e-04,,,3.6
7478,28.34,21.6279,208.7457,62.0100,0.5676,1.0e-04,,,3.6
7479,27.18,20.7686,227.0714,60.4688,0.5782,1.0e-04,,,6.1
7480,26.07,19.8154,192.2065,58.1332,0.5698,1.0e-04,27.90,0.44,3.6
7481,25.41,19.1050,172.8174,57.7500,0.5755,1.0e-04,,,3.6
7482,27.74,21.2031,177.7956,61.2214,0.5768,1.0e-04,,,3.6
7483,27.53,21.1953,186.7597,63.3151,0.5734,1.0e-04,,,5.7
7484,27.53,20.9180,192.4058,62.6849,0.5749,1.0e-04,,,5.7
7485,26.92,20.5176,185.7368,59.1927,0.5814,1.0e-04,,,3.6
7486,28.05,21.4663,184.1571,60.7725,0.5773,1.0e-04,,,3.6
7487,27.44,20.9316,172.8760,61.8568,0.5756,1.0e-04,,,5.7
7488,27.87,21.5269,187.0399,61.2969,0.5716,1.0e-04,,,3.6
7489,28.50,21.9194,183.7435,65.6200,0.5689,1.0e-04,,,3.6
7490,28.33,21.7231,203.6021,67.4225,0.5713,1.0e-04,27.64,0.48,6.3
7491,27.30,20.7085,205.0387,63.6693,0.5742,1.0e-04,,,3.5
7492,28.33,21.7144,174.5418,66.8975,0.5754,1.0e-04,,,6.2
7493,26.90,20.1914,199.1761,58.5462,0.5729,1.0e-04,,,6.1
7494,26.78,20.2773,174.5958,58.1603,0.5682,1.0e-04,,,3.6
7495,27.26,20.7261,176.0917,62.6068,0.5739,1.0e-04,,,3.5
7496,27.19,20.7998,175.8244,59.2969,0.5659,1.0e-04,,,6.1
7497,27.42,21.1567,194.7536,59.5078,0.5671,1.0e-04,,,6.2
7498,26.81,20.5981,191.0471,60.9647,0.5658,1.0e-04,,,6.1
7499,28.26,21.7153,188.1851,62.4850,0.5728,1.0e-04,,,6.4
7500,28.28,21.8496,198.0077,63.7475,0.5650,1.0e-04,27.77,0.40,3.6
7501,28.01,21.5410,182.4506,60.4450,0.5665,1.0e-04,,,5.7
7502,27.65,21.3555,197.5571,61.9193,0.5677,1.0e-04,,,6.3
7503,26.95,20.9683,196.5847,63.2630,0.5486,1.0e-04,,,3.6
7504,25.92,19.9658,202.6889,59.0978,0.5644,1.0e-04,,,3.6
7505,27.28,21.2485,199.1571,60.9844,0.5610,1.0e-04,,,6.1
7506,25.77,19.7427,188.9217,61.2131,0.5647,1.0e-04,,,6.0
7507,26.21,20.2910,158.1199,55.8533,0.5555,1.0e-04,,,6.0
7508,27.42,21.3408,154.3491,56.5026,0.5619,1.0e-04,,,5.2
7509,27.40,21.2212,183.0668,62.0339,0.5576,1.0e-04,,,3.5
7510,26.25,20.3193,194.7715,59.9891,0.5608,1.0e-04,27.62,0.33,3.5
7511,26.68,20.5889,156.6361,58.5272,0.5607,1.0e-04,,,6.0
7512,25.62,19.7622,180.4467,57.8381,0.5571,1.0e-04,,,5.9
7513,27.90,21.4624,154.3936,59.1450,0.5765,1.0e-04,,,3.5
7514,27.39,21.1895,157.3167,58.9792,0.5686,1.0e-04,,,3.5
7515,26.59,20.3096,201.1555,60.5897,0.5661,1.0e-04,,,5.1
7516,27.33,20.7412,169.2762,59.1458,0.5745,1.0e-04,,,3.6
7517,26.75,20.3589,192.5035,58.4592,0.5689,1.0e-04,,,3.5
7518,27.19,20.8262,186.0885,63.6380,0.5670,1.0e-04,,,6.3
7519,28.08,21.5767,175.9750,58.5625,0.5721,1.0e-04,,,5.3
7520,27.80,21.4580,183.9620,60.3932,0.5653,1.0e-04,28.10,0.44,3.6
7521,26.69,20.2603,199.0965,60.5217,0.5754,1.0e-04,,,6.4
7522,27.29,20.9634,179.8526,60.9922,0.5642,1.0e-04,,,3.6
7523,26.88,20.7866,180.0224,58.7174,0.5553,1.0e-04,,,6.1
7524,26.81,20.7192,167.5627,57.0082,0.5692,1.0e-04,,,6.1
7525,27.23,21.2188,180.5411,59.4505,0.5565,1.0e-04,,,3.5
7526,27.11,20.9238,178.9637,59.0938,0.5635,1.0e-04,,,3.5
7527,26.90,20.7910,177.1245,60.6016,0.5633,1.0e-04,,,3.5
7528,26.94,20.8784,173.4657,57.8750,0.5491,1.0e-04,,,3.5
7529,26.63,20.4121,175.2969,58.1223,0.5620,1.0e-04,,,6.0
7530,26.80,20.6064,158.9678,57.1250,0.5614,1.0e-04,27.23,0.36,6.0
7531,27.00,20.7480,166.0957,56.0260,0.5607,1.0e-04,,,3.5
7532,26.63,20.4487,161.2730,59.1168,0.5584,1.0e-04,,,6.0
7533,26.78,20.3062,173.9245,59.4212,0.5688,1.0e-04,,,6.0
7534,26.71,20.0718,156.8857,52.1250,0.5767,1.0e-04,,,3.5
7535,27.35,20.5991,167.2452,55.0417,0.5725,1.0e-04,,,3.6
7536,27.62,20.8423,165.6254,57.8125,0.5746,1.0e-04,,,3.6
7537,28.34,21.5444,167.6915,60.5875,0.5695,1.0e-04,,,6.5
7538,27.88,21.0264,170.4387,58.4714,0.5752,1.0e-04,,,3.6
7539,25.74,18.9678,153.0420,58.1108,0.5637,1.0e-04,,,3.5
7540,28.11,21.0508,161.8667,60.6175,0.5677,1.0e-04,27.99,0.57,6.3
7541,27.49,20.7129,164.4106,58.9010,0.5681,1.0e-04,,,3.5
7542,28.33,21.4844,163.8448,59.4125,0.5743,1.0e-04,,,3.6
7543,27.42,20.8223,155.5391,59.1224,0.5751,1.0e-04,,,3.6
7544,27.35,20.6152,172.1671,60.1667,0.5712,1.0e-04,,,5.2
7545,27.28,20.4736,174.3341,58.9141,0.5693,1.0e-04,,,6.1
7546,26.76,19.9912,182.7671,56.8587,0.5796,1.0e-04,,,6.0
7547,26.96,20.4048,178.8396,58.1562,0.5769,1.0e-04,,,3.5
7548,26.99,20.3721,177.7081,61.0938,0.5743,1.0e-04,,,3.5
7549,26.23,19.7197,160.0528,56.7527,0.5726,1.0e-04,,,3.5
7550,28.91,21.8931,161.7390,57.6599,0.5773,1.0e-04,28.41,0.54,3.6
7551,26.22,19.5986,164.4481,58.1766,0.5761,1.0e-04,,,6.0
7552,27.13,20.4307,164.9004,60.7005,0.5798,1.0e-04,,,3.5
7553,27.76,21.0703,174.6363,61.3099,0.5797,1.0e-04,,,3.5
7554,27.40,20.8457,161.6148,58.9036,0.5681,1.0e-04,,,3.6
7555,27.19,20.5957,171.2390,57.7630,0.5715,1.0e-04,,,6.4
7556,26.43,20.0361,185.0199,59.4266,0.5732,1.0e-04,,,5.4
7557,27.39,21.0254,176.1288,59.9922,0.5635,1.0e-04,,,3.6
7558,27.97,21.4102,183.5993,59.7600,0.5721,1.0e-04,,,6.6
7559,26.57,20.2056,195.3813,61.1250,0.5712,1.0e-04,,,3.5
7560,25.52,19.2114,168.7631,57.8153,0.5694,1.0e-04,27.68,0.40,5.2
7561,28.09,21.6445,176.8436,58.8750,0.5741,1.0e-04,,,3.5
7562,27.85,21.2651,182.7128,62.2917,0.5755,1.0e-04,,,6.1
7563,27.53,21.1372,175.8438,62.0651,0.5633,1.0e-04,,,5.2
7564,28.06,21.4639,183.1215,63.4825,0.5713,1.0e-04,,,3.6
7565,27.72,21.0996,197.0075,63.1406,0.5741,1.0e-04,,,3.5
7566,28.03,21.4478,192.9294,66.5525,0.5702,1.0e-04,,,3.5
7567,27.91,21.2388,224.1172,63.1500,0.5843,1.0e-04,,,3.5
7568,27.67,21.1670,180.7103,69.6302,0.5700,1.0e-04,,,3.5
7569,25.97,19.6475,199.9205,61.4484,0.5788,1.0e-04,,,5.1
7570,26.69,20.0801,192.2351,63.2174,0.5685,1.0e-04,28.55,0.43,6.0
7571,26.76,20.3535,186.6158,61.4647,0.5694,1.0e-04,,,3.5
7572,25.62,19.3179,197.7555,58.9858,0.5673,1.0e-04,,,6.3
7573,26.84,20.4097,186.3145,58.1957,0.5672,1.0e-04,,,3.6
7574,27.81,21.1035,160.8094,60.9323,0.5787,1.0e-04,,,6.4
7575,26.65,20.1826,198.6276,61.5815,0.5662,1.0e-04,,,3.6
7576,26.80,20.2256,179.3165,64.4348,0.5700,1.0e-04,,,3.6
7577,27.28,20.5669,193.5220,57.0625,0.5738,1.0e-04,,,6.2
7578,27.85,21.2573,170.8103,64.2083,0.5818,1.0e-04,,,3.6
7579,27.59,20.8564,194.7097,61.2630,0.5705,1.0e-04,,,3.5
7580,27.21,20.7295,203.8699,61.6250,0.5757,1.0e-04,28.29,0.35,6.1
7581,25.64,19.6523,181.9515,61.1562,0.5627,1.0e-04,,,3.5
7582,26.59,20.4072,182.9359,57.0299,0.5728,1.0e-04,,,3.5
7583,26.97,20.5742,167.9023,60.3021,0.5816,1.0e-04,,,3.5
7584,27.25,20.8716,163.3094,55.1953,0.5822,1.0e-04,,,6.0
7585,27.00,20.5420,188.3657,57.5964,0.5700,1.0e-04,,,3.5
7586,27.60,20.7681,165.8379,60.0156,0.5782,1.0e-04,,,6.1
7587,27.56,20.9385,157.3242,60.9089,0.5775,1.0e-04,,,3.5
7588,25.94,19.3188,178.7295,59.0408,0.5706,1.0e-04,,,5.1
7589,27.09,20.3647,174.0543,60.5365,0.5754,1.0e-04,,,3.5
7590,27.54,20.9507,181.3704,61.8099,0.5694,1.0e-04,28.31,0.48,3.5
7591,27.37,20.7124,178.0132,61.3333,0.5737,1.0e-04,,,3.6
7592,26.47,20.1152,160.2136,58.1114,0.5677,1.0e-04,,,3.5
7593,26.92,20.7012,184.8779,58.7318,0.5632,1.0e-04,,,3.6
7594,26.69,20.5303,158.8724,57.9348,0.5638,1.0e-04,,,6.1
7595,26.29,20.1333,170.5877,53.8560,0.5672,1.0e-04,,,3.6
7596,28.17,21.8452,167.7126,55.7325,0.5703,1.0e-04,,,3.6
7597,28.30,21.9658,161.7394,61.0000,0.5652,1.0e-04,,,3.6
7598,27.42,21.3569,174.7481,58.3542,0.5512,1.0e-04,,,3.6
7599,27.94,21.6685,164.3303,63.5650,0.5547,1.0e-04,,,6.1
7600,26.46,20.3003,187.6520,64.3288,0.5572,1.0e-04,28.21,0.46,3.5
7601,28.42,21.7334,161.0752,63.3450,0.5728,1.0e-04,,,5.2
7602,27.34,20.5610,170.5883,61.6302,0.5630,1.0e-04,,,3.5
7603,27.18,20.4771,171.6139,63.0104,0.5684,1.0e-04,,,6.0
7604,26.35,19.6299,174.4495,54.3424,0.5775,1.0e-04,,,6.1
7605,25.67,19.1157,146.4948,53.9631,0.5777,1.0e-04,,,6.1
7606,27.04,20.5771,159.1142,57.5234,0.5785,1.0e-04,,,3.6
7607,26.39,20.0962,168.3159,55.2690,0.5662,1.0e-04,,,3.5
7608,27.15,20.7100,171.5545,64.2969,0.5642,1.0e-04,,,3.5
7609,27.69,21.2646,173.2113,54.2214,0.5713,1.0e-04,,,3.5
7610,27.78,21.1743,168.7491,59.0964,0.5786,1.0e-04,27.96,0.44,6.0
7611,27.50,20.9536,187.4415,60.1745,0.5793,1.0e-04,,,5.2
7612,25.29,19.0977,184.5417,58.9545,0.5718,1.0e-04,,,6.1
7613,27.20,20.4023,177.7409,58.7057,0.5772,1.0e-04,,,3.6
7614,26.68,20.1152,173.9191,59.9321,0.5732,1.0e-04,,,3.5
7615,27.08,20.6670,170.0954,58.8255,0.5703,1.0e-04,,,3.5
7616,26.99,20.7417,173.2831,61.0990,0.5644,1.0e-04,,,3.6
7617,26.78,20.5264,184.7402,61.9185,0.5750,1.0e-04,,,3.5
7618,27.49,21.1421,183.4151,60.4740,0.5594,1.0e-04,,,3.5
7619,28.87,22.1035,183.2440,55.6225,0.5725,1.0e-04,,,6.1
7620,26.47,20.2080,160.7407,55.8533,0.5680,1.0e-04,28.07,0.43,3.5
7621,26.90,20.4014,186.7616,60.6432,0.5764,1.0e-04,,,3.5
7622,26.33,19.9575,170.2667,58.5788,0.5724,1.0e-04,,,6.1
7623,26.07,19.6069,195.5604,59.8859,0.5730,1.0e-04,,,3.5
7624,28.07,21.4302,175.6021,64.0525,0.5720,1.0e-04,,,3.6
7625,26.13,19.9580,176.0008,57.8967,0.5788,1.0e-04,,,3.5
7626,26.74,20.3281,175.7494,60.5054,0.5715,1.0e-04,,,3.5
7627,27.09,20.5132,154.2476,57.6224,0.5805,1.0e-04,,,3.6
7628,27.35,20.9565,157.9870,58.5755,0.5735,1.0e-04,,,6.1
7629,26.10,19.9834,184.0880,60.9538,0.5647,1.0e-04,,,6.0
7630,26.84,20.6499,173.4432,59.3234,0.5685,1.0e-04,26.63,0.29,3.5
7631,27.06,21.0068,187.9915,59.7083,0.5631,1.0e-04,,,3.5
7632,26.52,20.3701,166.3861,61.1902,0.5600,1.0e-04,,,3.5
7633,27.20,21.0361,193.3538,60.0703,0.5611,1.0e-04,,,6.1
7634,27.29,21.1328,191.8756,60.6042,0.5602,1.0e-04,,,6.2
7635,26.76,20.6938,186.3443,58.3832,0.5618,1.0e-04,,,6.1
7636,28.11,21.6401,157.0027,59.8875,0.5690,1.0e-04,,,3.6
7637,27.99,21.4219,199.2486,61.8075,0.5695,1.0e-04,,,3.6
7638,26.79,20.5610,189.9306,59.1141,0.5701,1.0e-04,,,3.5
7639,27.83,21.3931,165.3564,60.0260,0.5741,1.0e-04,,,6.2
7640,27.00,20.5288,180.5437,63.5026,0.5715,1.0e-04,28.35,0.39,3.5
7641,27.20,20.8623,179.9617,62.5234,0.5682,1.0e-04,,,3.5
7642,27.89,21.5747,172.6665,64.9896,0.5631,1.0e-04,,,6.1
7643,28.06,21.5913,169.7945,63.0875,0.5697,1.0e-04,,,3.6
7644,26.68,20.3384,177.4964,62.2473,0.5690,1.0e-04,,,6.1
7645,26.01,19.8335,169.0838,59.5516,0.5713,1.0e-04,,,3.5
7646,27.28,20.9336,194.0626,62.0625,0.5710,1.0e-04,,,3.5
7647,27.45,21.2124,187.5855,64.1927,0.5655,1.0e-04,,,3.5
7648,27.50,21.0991,196.1033,61.8542,0.5672,1.0e-04,,,3.5
7649,27.19,20.8979,172.0518,56.6380,0.5760,1.0e-04,,,3.5
7650,26.94,20.7764,185.5624,64.2656,0.5424,1.0e-04,27.21,0.30,3.5
7651,27.39,21.2979,207.3990,63.4401,0.5594,1.0e-04,,,5.1
7652,27.82,21.4990,182.0912,63.4922,0.5561,1.0e-04,,,3.5
7653,27.72,21.4824,192.3368,64.5391,0.5611,1.0e-04,,,3.5
7654,27.16,20.8721,197.2285,63.6120,0.5525,1.0e-04,,,3.6
7655,26.16,19.9492,203.4341,61.2663,0.5621,1.0e-04,,,3.5
7656,28.59,21.8369,173.6326,61.3025,0.5629,1.0e-04,,,3.5
7657,28.04,21.5459,192.1934,59.7375,0.5643,1.0e-04,,,5.2
7658,27.78,21.2412,187.6596,61.0521,0.5735,1.0e-04,,,3.6
7659,27.17,20.7124,186.0761,61.3125,0.5732,1.0e-04,,,3.6
7660,27.69,20.9814,183.6860,60.8281,0.5799,1.0e-04,27.67,0.37,3.6
7661,26.41,20.1743,189.2586,59.7690,0.5595,1.0e-04,,,3.5
7662,26.94,20.7915,190.0677,55.4297,0.5549,1.0e-04,,,5.2
7663,27.14,20.7700,173.9482,52.8177,0.5656,1.0e-04,,,6.1
7664,28.44,22.0254,161.5824,59.4300,0.5710,1.0e-04,,,5.2
7665,27.17,20.8384,151.0526,61.6719,0.5740,1.0e-04,,,6.1
7666,25.81,19.7153,184.3741,57.7983,0.5748,1.0e-04,,,3.5
7667,27.56,21.2432,176.5146,62.7474,0.5675,1.0e-04,,,5.2
7668,27.12,20.9565,182.9431,59.5495,0.5661,1.0e-04,,,3.5
7669,27.17,20.8940,174.4665,54.7734,0.5601,1.0e-04,,,3.5
7670,27.49,20.9707,175.0254,57.5234,0.5761,1.0e-04,27.47,0.42,5.2
7671,27.07,20.6851,179.1951,60.3620,0.5727,1.0e-04,,,3.5
7672,26.65,20.2456,184.5424,56.6386,0.5664,1.0e-04,,,6.0
7673,27.40,20.8740,206.2522,61.9635,0.5683,1.0e-04,,,3.5
7674,27.22,20.8281,185.1890,59.1615,0.5700,1.0e-04,,,6.1
7675,28.00,21.6235,190.3609,58.7825,0.5643,1.0e-04,,,3.6
7676,25.75,19.6519,197.2752,61.5170,0.5632,1.0e-04,,,6.4
7677,26.74,20.2319,180.6545,58.4158,0.5752,1.0e-04,,,3.6
7678,26.12,19.8320,168.6151,56.5734,0.5739,1.0e-04,,,3.5
7679,27.47,21.0259,168.1061,59.3906,0.5775,1.0e-04,,,3.5
7680,26.77,20.3574,161.9266,61.4484,0.5707,1.0e-04,27.79,0.36,3.5
7681,28.25,21.9175,168.2774,60.4775,0.5727,1.0e-04,,,3.6
7682,27.20,21.0381,190.9226,59.2214,0.5600,1.0e-04,,,3.5
7683,29.04,22.7197,200.2710,61.5962,0.5593,1.0e-04,,,3.6
7684,27.54,21.3389,181.1088,61.8438,0.5547,1.0e-04,,,5.2
7685,26.89,20.9736,185.5062,58.6576,0.5537,1.0e-04,,,3.5
7686,26.29,20.1313,194.7212,64.4429,0.5616,1.0e-04,,,3.5
7687,27.83,21.4971,193.7555,62.4922,0.5643,1.0e-04,,,3.5
7688,26.87,20.9023,191.0938,58.8542,0.5620,1.0e-04,,,6.0
7689,27.32,21.2192,193.0310,60.0130,0.5684,1.0e-04,,,6.2
7690,27.27,21.0283,189.3034,59.8490,0.5745,1.0e-04,27.95,0.41,3.5
7691,26.82,20.4033,176.0631,58.4185,0.5749,1.0e-04,,,3.5
7692,27.04,20.5269,178.0895,63.1562,0.5736,1.0e-04,,,6.0
7693,26.48,20.0806,181.0983,59.9239,0.5711,1.0e-04,,,3.5
7694,26.58,20.2495,181.4273,63.9130,0.5632,1.0e-04,,,3.5
7695,26.88,20.4609,177.2125,59.7474,0.5747,1.0e-04,,,3.6
7696,27.88,21.1743,166.3400,62.2422,0.5752,1.0e-04,,,3.6
7697,27.38,20.9272,195.2838,62.5469,0.5677,1.0e-04,,,6.5
7698,27.33,20.8042,203.1251,65.6927,0.5711,1.0e-04,,,6.4
7699,27.65,20.9082,194.5633,62.5234,0.5756,1.0e-04,,,3.6
7700,26.26,20.0615,176.9899,59.4103,0.5754,1.0e-04,27.76,0.42,3.6
7701,27.37,21.0742,182.9276,67.0833,0.5774,1.0e-04,,,5.4
7702,28.72,22.0674,177.4370,63.5300,0.5725,1.0e-04,,,3.6
7703,26.71,20.3745,182.4809,64.5462,0.5658,1.0e-04,,,3.5
7704,26.16,19.9834,184.7558,58.5027,0.5690,1.0e-04,,,3.5
7705,27.56,21.2090,181.1287,59.8776,0.5711,1.0e-04,,,5.2
7706,26.40,20.2720,180.4623,59.5353,0.5687,1.0e-04,,,3.5
7707,27.25,20.8262,204.5920,61.5729,0.5710,1.0e-04,,,3.5
7708,28.27,21.7358,165.7252,67.0025,0.5691,1.0e-04,,,3.6
7709,26.11,19.7378,195.7372,61.9457,0.5757,1.0e-04,,,3.5
7710,27.27,20.9097,188.7232,63.9974,0.5686,1.0e-04,27.26,0.41,3.5
7711,26.63,20.2681,194.2900,62.7853,0.5743,1.0e-04,,,3.5
7712,27.38,20.9917,172.8730,61.0703,0.5695,1.0e-04,,,3.5
7713,27.43,21.1763,174.5260,64.8880,0.5553,1.0e-04,,,3.5
7714,29.30,22.8257,179.1829,62.1058,0.5635,1.0e-04,,,6.0
7715,26.95,20.7471,181.6582,61.5703,0.5685,1.0e-04,,,3.5
7716,28.11,21.6514,184.6051,64.1475,0.5703,1.0e-04,,,3.6
7717,26.09,19.7754,190.0843,65.4130,0.5715,1.0e-04,,,3.6
7718,25.63,19.5146,192.0186,63.9403,0.5704,1.0e-04,,,3.5
7719,26.87,20.6572,181.1086,65.0435,0.5681,1.0e-04,,,3.5
7720,26.74,20.5234,156.8556,62.2582,0.5792,1.0e-04,27.94,0.43,3.6
7721,28.12,21.5615,182.7283,62.5625,0.5710,1.0e-04,,,6.3
7722,27.36,20.8838,174.2464,62.8151,0.5813,1.0e-04,,,3.5
7723,26.86,20.1777,181.5301,65.3098,0.5779,1.0e-04,,,3.6
7724,26.90,20.2334,174.7600,66.1979,0.5786,1.0e-04,,,3.5
7725,27.14,20.5347,216.9518,63.0026,0.5752,1.0e-04,,,3.5
7726,26.52,19.8096,202.5431,63.2636,0.5778,1.0e-04,,,5.2
7727,27.34,20.6909,209.3180,61.2656,0.5807,1.0e-04,,,3.6
7728,27.18,20.5039,165.6428,58.5417,0.5812,1.0e-04,,,6.1
7729,27.40,20.7036,172.1867,56.7083,0.5779,1.0e-04,,,5.2
7730,26.83,20.3608,173.0693,55.8696,0.5693,1.0e-04,27.59,0.39,3.5
7731,26.99,20.7046,179.8434,60.2500,0.5697,1.0e-04,,,3.5
7732,28.84,22.1548,162.2580,64.5050,0.5699,1.0e-04,,,3.6
7733,27.05,20.7075,188.3659,61.5052,0.5749,1.0e-04,,,3.6
7734,26.30,19.8604,187.9402,60.5815,0.5758,1.0e-04,,,3.5
7735,26.53,20.0742,200.1693,60.2745,0.5795,1.0e-04,,,3.5
7736,27.26,20.7080,176.6428,60.8385,0.5699,1.0e-04,,,3.5
7737,28.42,21.8130,176.7222,61.1800,0.5818,1.0e-04,,,3.6
7738,26.18,20.0425,192.7553,63.6386,0.5600,1.0e-04,,,3.5
7739,26.94,20.8711,197.9973,63.3125,0.5425,1.0e-04,,,3.6
7740,26.24,20.2598,188.3574,61.7446,0.5587,1.0e-04,27.54,0.39,3.6
7741,26.75,20.4883,183.5727,64.6196,0.5627,1.0e-04,,,3.5
7742,26.66,20.3262,163.0563,57.6223,0.5785,1.0e-04,,,3.5
7743,25.42,19.4199,195.9310,59.0085,0.5667,1.0e-04,,,5.2
7744,26.36,20.1733,163.5221,56.6549,0.5706,1.0e-04,,,3.6
7745,26.50,20.1772,174.7672,58.2147,0.5758,1.0e-04,,,3.6
7746,26.69,20.2368,175.7307,54.7772,0.5728,1.0e-04,,,3.6
7747,27.15,20.6094,167.9161,56.4479,0.5733,1.0e-04,,,3.6
7748,27.29,20.8330,164.4314,57.1589,0.5759,1.0e-04,,,3.6
7749,27.39,20.8384,176.7407,63.4271,0.5813,1.0e-04,,,3.6
7750,27.19,20.5420,167.6306,58.2031,0.5762,1.0e-04,28.12,0.48,6.1
7751,27.06,20.4561,183.1983,61.7057,0.5797,1.0e-04,,,6.0
7752,27.14,20.5371,158.0218,57.4349,0.5825,1.0e-04,,,3.6
7753,28.24,21.8008,171.7315,63.4175,0.5696,1.0e-04,,,3.6
7754,27.68,21.0405,160.6806,62.1510,0.5818,1.0e-04,,,3.6
7755,26.04,19.8262,182.5243,60.0326,0.5719,1.0e-04,,,3.5
7756,27.41,21.0029,184.0826,61.5078,0.5700,1.0e-04,,,3.5
7757,26.48,20.2329,176.2032,60.6196,0.5697,1.0e-04,,,3.5
7758,28.81,22.2905,181.2996,63.5225,0.5690,1.0e-04,,,3.6
7759,27.03,20.6572,183.6596,60.5807,0.5694,1.0e-04,,,5.2
7760,26.98,20.5518,180.6646,59.7266,0.5709,1.0e-04,27.90,0.48,3.5
7761,26.96,20.3789,160.0460,59.1562,0.5792,1.0e-04,,,3.6
7762,26.87,20.6060,177.8924,61.2604,0.5728,1.0e-04,,,3.5
7763,28.39,21.8672,184.4328,60.7350,0.5702,1.0e-04,,,5.3
7764,26.36,19.9956,171.1734,60.0408,0.5714,1.0e-04,,,3.6
7765,26.44,20.0352,168.2334,57.9620,0.5735,1.0e-04,,,3.5
7766,27.34,20.8955,186.3989,58.3203,0.5689,1.0e-04,,,6.1
7767,26.85,20.5371,175.0834,57.7283,0.5648,1.0e-04,,,3.5
7768,27.82,21.3394,189.6774,63.9844,0.5743,1.0e-04,,,3.6
7769,27.25,20.8218,185.7384,63.3411,0.5711,1.0e-04,,,3.5
7770,27.00,20.5742,164.5211,62.6536,0.5760,1.0e-04,27.86,0.45,3.5
7771,27.27,20.7378,175.2874,61.8047,0.5734,1.0e-04,,,6.1
7772,27.39,21.0054,165.5059,60.2812,0.5752,1.0e-04,,,3.6
7773,27.52,20.9619,181.5131,60.3698,0.5740,1.0e-04,,,3.5
7774,25.70,19.1128,203.6081,64.1932,0.5734,1.0e-04,,,6.3
7775,26.83,20.0801,200.2753,58.4647,0.5749,1.0e-04,,,3.6
7776,27.43,20.6919,162.5138,61.8672,0.5791,1.0e-04,,,3.6
7777,27.06,20.5557,161.7645,62.4740,0.5731,1.0e-04,,,3.7
7778,27.01,20.5244,174.4547,60.1745,0.5760,1.0e-04,,,3.8
7779,26.78,20.3071,178.8011,60.3859,0.5706,1.0e-04,,,4.2
7780,25.18,18.7051,188.5296,57.5540,0.5671,1.0e-04,28.17,0.47,8.1
7781,27.07,20.5220,183.6205,60.4531,0.5658,1.0e-04,,,3.6
7782,27.46,21.1050,193.0235,63.5104,0.5616,1.0e-04,,,3.6
7783,25.83,19.4780,174.8709,56.1335,0.5715,1.0e-04,,,3.6
7784,28.56,21.8120,167.9748,61.0800,0.5698,1.0e-04,,,3.5
7785,28.84,22.3564,187.1837,62.0375,0.5668,1.0e-04,,,6.4
7786,27.44,21.2637,205.8119,61.4375,0.5722,1.0e-04,,,3.5
7787,27.09,20.8257,189.1706,59.0391,0.5742,1.0e-04,,,6.2
7788,26.90,20.5571,178.1715,56.3307,0.5723,1.0e-04,,,3.6
7789,28.13,21.6587,208.2241,58.0300,0.5610,1.0e-04,,,3.6
7790,26.58,20.2773,186.4170,58.5598,0.5646,1.0e-04,27.63,0.40,3.5
7791,26.48,20.2412,201.9056,60.4185,0.5516,1.0e-04,,,3.5
7792,27.35,20.9883,200.9436,63.4349,0.5608,1.0e-04,,,3.5
7793,26.29,20.2427,197.2990,63.2853,0.5594,1.0e-04,,,3.5
7794,26.88,20.5522,204.5318,62.9755,0.5686,1.0e-04,,,6.1
7795,26.44,20.2441,206.3042,63.7391,0.5564,1.0e-04,,,3.5
7796,26.61,20.0840,200.6721,63.6685,0.5660,1.0e-04,,,3.5
7797,27.70,21.2036,192.0431,63.2839,0.5608,1.0e-04,,,3.5
7798,27.45,21.1743,165.0974,61.4271,0.5647,1.0e-04,,,5.2
7799,27.15,20.8931,216.9747,59.8047,0.5550,1.0e-04,,,3.5
7800,26.87,20.5591,195.8164,65.6250,0.5604,1.0e-04,27.79,0.45,3.5
7801,26.97,20.4380,182.2440,59.6432,0.5746,1.0e-04,,,3.5
7802,26.66,20.2759,205.3275,59.2283,0.5626,1.0e-04,,,6.1
7803,27.24,20.7661,176.0261,60.4531,0.5757,1.0e-04,,,6.1
7804,25.70,19.4077,197.9003,63.4460,0.5688,1.0e-04,,,3.5
7805,26.86,20.5938,193.9925,56.7826,0.5669,1.0e-04,,,3.5
7806,27.18,21.0073,190.1336,59.9505,0.5663,1.0e-04,,,3.6
7807,27.06,20.7998,204.0884,62.1016,0.5667,1.0e-04,,,6.1
7808,26.72,20.7285,201.2805,64.2473,0.5578,1.0e-04,,,3.5
7809,27.56,21.1943,186.3239,59.3464,0.5617,1.0e-04,,,3.5
7810,26.93,20.6851,207.3262,60.1172,0.5698,1.0e-04,27.39,0.39,3.5
7811,26.99,20.7397,174.1933,57.9219,0.5684,1.0e-04,,,3.6
7812,25.65,19.5493,203.2972,59.1108,0.5547,1.0e-04,,,3.5
7813,27.22,20.8989,183.5847,67.0495,0.5689,1.0e-04,,,3.6
7814,27.38,20.9521,196.5156,67.4115,0.5655,1.0e-04,,,3.5
7815,28.44,21.8506,226.6545,68.7725,0.5594,1.0e-04,,,3.5
7816,27.27,20.8037,188.6239,66.2266,0.5685,1.0e-04,,,3.5
7817,28.08,21.4653,206.1135,60.5925,0.5779,1.0e-04,,,3.5
7818,26.83,20.4604,213.8142,64.7255,0.5656,1.0e-04,,,3.5
7819,27.56,21.0786,192.8265,62.2474,0.5753,1.0e-04,,,3.5
7820,26.12,19.6528,211.4510,60.0652,0.5727,1.0e-04,27.50,0.48,6.2
7821,27.44,20.7583,191.3322,64.1042,0.5777,1.0e-04,,,5.1
7822,25.96,19.5977,204.4999,65.0299,0.5696,1.0e-04,,,3.5
7823,27.51,20.9175,179.8410,56.5990,0.5803,1.0e-04,,,3.5
7824,27.32,20.9131,194.3465,55.9740,0.5725,1.0e-04,,,3.5
7825,26.31,20.0361,195.9302,58.6087,0.5638,1.0e-04,,,3.5
7826,26.39,20.3428,190.9906,61.3777,0.5659,1.0e-04,,,3.5
7827,26.87,20.7969,214.8118,64.8804,0.5600,1.0e-04,,,6.1
7828,27.36,21.2129,191.3632,59.3880,0.5635,1.0e-04,,,6.5
7829,27.13,20.8491,197.1584,63.9818,0.5782,1.0e-04,,,3.6
7830,26.44,20.0376,201.1637,62.0190,0.5697,1.0e-04,27.54,0.38,3.5
7831,26.73,20.4971,205.7491,59.5571,0.5657,1.0e-04,,,3.5
7832,26.15,20.0767,196.6045,60.2391,0.5697,1.0e-04,,,3.5
7833,26.53,20.3208,173.9135,62.9375,0.5636,1.0e-04,,,3.6
7834,25.91,19.7798,179.9880,59.8750,0.5676,1.0e-04,,,5.3
7835,26.66,20.3857,179.0280,57.4565,0.5742,1.0e-04,,,3.5
7836,26.26,19.8857,180.4299,60.1033,0.5721,1.0e-04,,,3.5
7837,27.27,20.7046,162.6698,60.7917,0.5683,1.0e-04,,,3.5
7838,26.14,19.6948,188.5138,57.0027,0.5726,1.0e-04,,,6.0
7839,27.08,20.6465,169.5981,55.6771,0.5747,1.0e-04,,,3.5
7840,26.94,20.5425,170.1218,56.6536,0.5827,1.0e-04,27.88,0.41,3.5
7841,26.92,20.5488,177.1756,60.4453,0.5727,1.0e-04,,,3.5
7842,26.42,20.1948,202.8250,55.3179,0.5643,1.0e-04,,,5.1
7843,28.38,21.9380,174.9261,56.8800,0.5711,1.0e-04,,,3.5
7844,26.12,20.0342,162.7012,56.0815,0.5548,1.0e-04,,,6.0
7845,26.77,20.6323,178.0622,53.8750,0.5634,1.0e-04,,,3.5
7846,26.85,20.5815,172.2677,57.1114,0.5582,1.0e-04,,,3.5
7847,28.10,21.8809,159.4543,59.7850,0.5519,1.0e-04,,,3.6
7848,28.35,21.9888,177.7536,60.7225,0.5655,1.0e-04,,,3.6
7849,28.43,22.0283,177.8877,60.1825,0.5539,1.0e-04,,,3.6
7850,27.31,20.9194,193.0256,60.1615,0.5610,1.0e-04,27.66,0.43,3.6
7851,27.44,20.8667,178.5151,59.2839,0.5647,1.0e-04,,,3.6
7852,27.00,20.5752,156.0478,57.1250,0.5696,1.0e-04,,,3.6
7853,26.88,20.4780,172.3790,56.8125,0.5662,1.0e-04,,,6.3
7854,27.12,20.6494,181.3429,57.6771,0.5590,1.0e-04,,,3.5
7855,27.81,21.3657,183.7603,62.1615,0.5608,1.0e-04,,,3.5
7856,27.83,21.1738,185.7318,67.1458,0.5638,1.0e-04,,,3.5
7857,26.34,19.6938,157.2176,58.2228,0.5719,1.0e-04,,,5.2
7858,27.64,20.9844,170.1219,61.3359,0.5705,1.0e-04,,,3.5
7859,28.19,21.5889,157.4013,60.5100,0.5656,1.0e-04,,,3.5
7860,26.88,20.3442,199.9774,62.8967,0.5664,1.0e-04,28.05,0.44,3.5
7861,27.09,20.5352,167.1989,59.7630,0.5759,1.0e-04,,,3.5
7862,28.07,21.2202,191.3690,63.0575,0.5639,1.0e-04,,,3.5
7863,26.85,20.1836,213.2225,59.9620,0.5652,1.0e-04,,,3.5
7864,28.08,21.2637,186.8666,64.6100,0.5617,1.0e-04,,,3.5
7865,28.05,21.0596,183.2572,60.6100,0.5677,1.0e-04,,,3.5
7866,28.25,21.2153,184.9075,61.3300,0.5694,1.0e-04,,,6.0
7867,27.74,20.6294,159.1247,62.1198,0.5701,1.0e-04,,,3.6
7868,27.43,20.4248,159.6913,61.1979,0.5650,1.0e-04,,,3.5
7869,27.46,20.7148,169.0854,56.6146,0.5747,1.0e-04,,,3.6
7870,27.35,20.7988,165.1940,60.6979,0.5720,1.0e-04,28.33,0.50,6.4
7871,27.01,20.4111,189.0761,61.3125,0.5720,1.0e-04,,,3.6
7872,27.28,20.6172,168.3668,61.4115,0.5750,1.0e-04,,,3.6
7873,27.04,20.4893,188.1313,62.7135,0.5727,1.0e-04,,,3.6
7874,26.23,19.8247,188.2245,58.5027,0.5737,1.0e-04,,,3.5
7875,26.20,19.6885,186.3920,61.5082,0.5734,1.0e-04,,,6.1
7876,27.38,20.8394,185.5243,64.3464,0.5668,1.0e-04,,,3.5
7877,28.59,21.7300,177.1232,63.4725,0.5740,1.0e-04,,,3.5
7878,26.43,19.9546,185.2215,61.3016,0.5726,1.0e-04,,,3.5
7879,27.55,20.8521,174.8790,61.1172,0.5739,1.0e-04,,,3.5
7880,27.71,21.0547,184.9718,58.6328,0.5709,1.0e-04,28.01,0.46,3.5
7881,27.42,20.8799,181.0487,64.3255,0.5704,1.0e-04,,,3.5
7882,28.49,21.9473,151.7970,59.3425,0.5673,1.0e-04,,,3.6
7883,27.30,20.8198,183.0748,64.7292,0.5730,1.0e-04,,,3.5
7884,26.03,19.5615,169.6318,59.9511,0.5757,1.0e-04,,,5.1
7885,27.31,20.9819,166.9567,58.2839,0.5629,1.0e-04,,,6.0
7886,28.28,21.8662,183.4415,61.9350,0.5680,1.0e-04,,,3.5
7887,26.65,20.3760,156.6628,58.2935,0.5685,1.0e-04,,,3.5
7888,26.63,20.2656,177.8639,63.6848,0.5769,1.0e-04,,,3.5
7889,26.76,20.5010,192.6199,59.6196,0.5704,1.0e-04,,,3.5
7890,28.13,21.6548,194.9742,66.2475,0.5669,1.0e-04,28.31,0.47,3.6
7891,25.92,19.5327,184.0188,58.7011,0.5747,1.0e-04,,,3.6
7892,27.80,21.2852,165.2604,58.8828,0.5752,1.0e-04,,,6.4
7893,27.45,21.0723,193.2459,59.9974,0.5579,1.0e-04,,,3.6
7894,27.68,21.4316,166.5690,60.6771,0.5703,1.0e-04,,,3.6
7895,26.74,20.5957,182.2992,58.9212,0.5567,1.0e-04,,,3.6
7896,26.64,20.3711,183.5306,58.7772,0.5683,1.0e-04,,,6.4
7897,27.42,21.2422,183.2363,61.0833,0.5639,1.0e-04,,,3.6
7898,25.77,19.5386,171.7520,57.5028,0.5698,1.0e-04,,,3.5
7899,27.69,21.1094,179.1594,64.4089,0.5765,1.0e-04,,,3.6
7900,27.54,20.9956,171.3501,61.8333,0.5721,1.0e-04,28.34,0.40,3.6
7901,25.21,19.0928,198.5467,60.2898,0.5689,1.0e-04,,,3.5
7902,26.68,20.6206,178.8491,57.2853,0.5558,1.0e-04,,,3.5
7903,26.41,20.1499,167.8478,60.8207,0.5521,1.0e-04,,,3.5
7904,27.25,20.9199,177.7686,57.5052,0.5606,1.0e-04,,,3.5
7905,27.27,21.0801,189.7395,62.0781,0.5532,1.0e-04,,,3.5
7906,25.91,19.9253,189.5844,58.7582,0.5617,1.0e-04,,,5.1
7907,27.64,21.3311,186.5728,61.4844,0.5643,1.0e-04,,,3.5
7908,27.14,20.5889,187.9554,60.1406,0.5621,1.0e-04,,,3.5
7909,27.54,21.2178,194.1754,59.1458,0.5594,1.0e-04,,,3.5
7910,26.95,20.7031,196.7752,59.2682,0.5566,1.0e-04,27.89,0.38,3.5
7911,27.32,20.9585,174.2719,56.1562,0.5592,1.0e-04,,,3.5
7912,26.75,20.3828,173.8088,57.4321,0.5676,1.0e-04,,,3.5
7913,27.34,21.0566,209.8289,58.6615,0.5576,1.0e-04,,,3.5
7914,27.99,21.2739,177.7823,60.6150,0.5646,1.0e-04,,,3.6
7915,27.02,20.4150,165.6143,57.6250,0.5750,1.0e-04,,,3.6
7916,25.96,19.7407,183.3697,60.8614,0.5679,1.0e-04,,,6.7
7917,26.70,20.3960,190.5272,59.6141,0.5470,1.0e-04,,,3.5
7918,26.03,19.7144,185.0042,57.8886,0.5713,1.0e-04,,,3.6
7919,28.24,21.7705,165.7355,61.1975,0.5613,1.0e-04,,,3.6
7920,26.75,20.1797,184.6463,57.6386,0.5743,1.0e-04,27.97,0.52,3.5
7921,28.65,21.7393,161.3194,58.2025,0.5725,1.0e-04,,,3.5
7922,27.84,21.3071,169.9702,60.9948,0.5692,1.0e-04,,,3.5
7923,26.83,20.3672,172.2730,59.9158,0.5749,1.0e-04,,,3.5
7924,27.94,21.3228,171.9698,60.0050,0.5768,1.0e-04,,,3.5
7925,26.16,19.9868,193.2558,60.8995,0.5688,1.0e-04,,,3.5
7926,27.07,20.5654,164.4615,59.3698,0.5694,1.0e-04,,,5.2
7927,26.39,20.0796,192.6111,60.5299,0.5664,1.0e-04,,,3.5
7928,26.40,20.1523,183.8304,56.3995,0.5703,1.0e-04,,,3.5
7929,27.46,21.1455,197.1502,65.4245,0.5686,1.0e-04,,,5.1
7930,24.99,19.0610,206.6311,53.9886,0.5575,1.0e-04,27.35,0.35,6.2
7931,25.86,19.7866,176.7189,56.0710,0.5558,1.0e-04,,,3.5
7932,26.58,20.3511,155.6901,58.0054,0.5670,1.0e-04,,,3.5
7933,26.69,20.3589,164.8526,57.3342,0.5724,1.0e-04,,,3.5
7934,25.71,19.4131,166.9588,54.7528,0.5742,1.0e-04,,,3.5
7935,27.50,21.0332,168.4342,60.1432,0.5663,1.0e-04,,,3.6
7936,26.06,19.8696,171.1227,55.5788,0.5585,1.0e-04,,,3.6
7937,26.56,20.4507,160.1474,55.4837,0.5654,1.0e-04,,,5.4
7938,26.94,20.6357,152.4745,55.4557,0.5702,1.0e-04,,,5.3
7939,28.37,21.9805,164.6640,57.0350,0.5609,1.0e-04,,,3.6
7940,26.94,20.7939,168.5558,57.8438,0.5608,1.0e-04,27.45,0.37,3.5
7941,27.46,21.1899,204.2229,60.5729,0.5513,1.0e-04,,,3.6
7942,27.50,21.2168,185.4013,59.2917,0.5547,1.0e-04,,,3.6
7943,26.85,20.6929,173.9994,61.4402,0.5557,1.0e-04,,,6.1
7944,26.83,20.5327,155.7583,62.0435,0.5756,1.0e-04,,,3.5
7945,27.17,20.7710,172.2217,58.2057,0.5646,1.0e-04,,,3.5
7946,28.48,21.8647,170.9423,56.4950,0.5712,1.0e-04,,,3.6
7947,28.42,21.7925,154.1180,57.6375,0.5715,1.0e-04,,,3.5
7948,27.26,20.6338,165.3036,60.0755,0.5654,1.0e-04,,,3.5
7949,26.16,19.5742,176.1234,59.2853,0.5739,1.0e-04,,,6.1
7950,27.99,21.0391,145.6931,59.3725,0.5750,1.0e-04,27.58,0.54,3.6
7951,26.12,19.4727,180.4044,57.6087,0.5659,1.0e-04,,,3.5
7952,28.15,21.0957,157.3929,56.7925,0.5728,1.0e-04,,,3.6
7953,27.51,20.6284,187.2047,59.6953,0.5700,1.0e-04,,,3.5
7954,26.39,19.7026,150.4631,57.2527,0.5782,1.0e-04,,,3.5
7955,25.81,19.2178,167.4041,57.8494,0.5712,1.0e-04,,,3.5
7956,26.96,20.3506,155.9816,54.3594,0.5740,1.0e-04,,,6.3
7957,27.62,20.9365,170.4255,60.0859,0.5675,1.0e-04,,,6.1
7958,26.38,20.0762,168.6800,58.5272,0.5715,1.0e-04,,,3.6
7959,26.43,20.0693,179.8133,62.3859,0.5736,1.0e-04,,,3.6
7960,26.61,20.1616,175.8122,64.1739,0.5651,1.0e-04,27.40,0.45,3.6
7961,27.28,20.7910,169.6886,63.8906,0.5700,1.0e-04,,,3.6
7962,26.81,20.4180,192.8156,63.4402,0.5683,1.0e-04,,,3.5
7963,27.07,20.4434,183.9298,62.7604,0.5751,1.0e-04,,,3.5
7964,28.11,21.2744,175.9137,61.7400,0.5733,1.0e-04,,,3.5
7965,26.95,20.2109,201.4820,62.4844,0.5730,1.0e-04,,,6.3
7966,27.24,20.4624,191.3668,60.9349,0.5723,1.0e-04,,,3.5
7967,27.02,20.2339,182.6620,60.2865,0.5761,1.0e-04,,,3.5
7968,27.43,20.7632,154.1904,63.7552,0.5773,1.0e-04,,,3.5
7969,26.90,20.2842,178.0690,59.7604,0.5721,1.0e-04,,,3.5
7970,27.10,20.4253,176.3065,60.2292,0.5691,1.0e-04,27.70,0.50,3.6
7971,27.35,20.7056,187.1077,62.9062,0.5724,1.0e-04,,,3.5
7972,27.04,20.4175,177.1448,58.7786,0.5723,1.0e-04,,,5.2
7973,27.20,20.7295,182.5624,62.7734,0.5758,1.0e-04,,,3.6
7974,28.12,21.5986,200.8614,63.2150,0.5716,1.0e-04,,,6.0
7975,26.78,20.2183,194.8701,60.6332,0.5799,1.0e-04,,,3.5
7976,27.73,20.9570,175.7797,63.0964,0.5764,1.0e-04,,,3.5
7977,27.24,20.6055,170.8220,60.1536,0.5698,1.0e-04,,,3.5
7978,26.64,20.1274,177.3512,60.9158,0.5702,1.0e-04,,,3.5
7979,26.89,20.4238,164.5080,60.0072,0.5752,1.0e-04,,,3.6
7980,27.30,20.6646,167.5438,57.2344,0.5800,1.0e-04,27.08,0.50,6.1
7981,28.48,21.6274,169.7838,61.5300,0.5763,1.0e-04,,,5.3
7982,26.06,19.3428,167.1600,55.8859,0.5825,1.0e-04,,,6.1
7983,25.42,18.5757,178.9705,57.0909,0.5734,1.0e-04,,,3.5
7984,26.24,19.3247,160.5887,59.4457,0.5778,1.0e-04,,,3.5
7985,26.38,19.6748,168.3834,59.8261,0.5745,1.0e-04,,,3.5
7986,27.04,20.2451,161.6912,54.6302,0.5790,1.0e-04,,,3.6
7987,26.26,19.9043,155.2860,57.3451,0.5757,1.0e-04,,,3.6
7988,26.62,20.0986,147.1236,57.3641,0.5736,1.0e-04,,,3.6
7989,26.58,20.1494,154.2444,58.9674,0.5747,1.0e-04,,,3.5
7990,26.88,20.5830,160.8941,59.7908,0.5715,1.0e-04,27.40,0.40,3.5
7991,25.68,19.4873,170.2078,61.7415,0.5614,1.0e-04,,,3.5
7992,25.78,19.4136,171.5764,60.3778,0.5705,1.0e-04,,,3.5
7993,27.27,20.5713,167.4101,55.8750,0.5712,1.0e-04,,,3.6
7994,27.92,21.0249,151.7538,61.5469,0.5731,1.0e-04,,,3.5
7995,27.35,20.5659,185.1491,62.7474,0.5741,1.0e-04,,,3.5
7996,27.97,21.1523,172.8949,57.7775,0.5704,1.0e-04,,,3.6
7997,28.03,21.4326,179.6284,64.1525,0.5657,1.0e-04,,,3.5
7998,26.90,20.2871,179.3364,60.2065,0.5658,1.0e-04,,,3.5
7999,26.63,19.9907,171.5604,60.5652,0.5715,1.0e-04,,,3.5
8000,27.01,20.1543,176.3582,62.5964,0.5697,1.0e-04,27.61,0.61,5.1
8001,26.70,19.7515,183.2503,57.0272,0.5749,1.0e-04,,,6.1
8002,28.08,20.7622,177.0434,58.8875,0.5740,1.0e-04,,,3.6
8003,26.84,19.6582,185.7637,58.6766,0.5673,1.0e-04,,,3.5
8004,26.66,19.5273,168.9461,56.3533,0.5655,1.0e-04,,,3.5
8005,27.38,20.1104,157.8316,56.8672,0.5790,1.0e-04,,,3.6
8006,25.37,18.6934,177.9863,54.6051,0.5737,1.0e-04,,,3.5
8007,25.52,18.8330,171.1456,58.9688,0.5750,1.0e-04,,,3.5
8008,28.26,21.1279,156.9747,61.9225,0.5684,1.0e-04,,,3.6
8009,27.61,20.5122,168.5408,54.8932,0.5728,1.0e-04,,,6.4
8010,27.35,20.3330,161.8184,58.2240,0.5662,1.0e-04,27.61,0.56,3.6
8011,26.72,20.0581,162.6671,54.8478,0.5751,1.0e-04,,,3.6
8012,27.63,20.9927,172.0299,59.5781,0.5765,1.0e-04,,,3.5
8013,26.28,20.0840,169.5370,58.3859,0.5676,1.0e-04,,,3.5
8014,27.45,21.1016,153.9064,54.5391,0.5728,1.0e-04,,,3.5
8015,26.34,20.1108,154.4302,55.8696,0.5723,1.0e-04,,,3.5
8016,25.84,19.6533,160.7878,52.9801,0.5730,1.0e-04,,,3.5
8017,27.15,20.8560,179.9934,60.5130,0.5716,1.0e-04,,,3.5
8018,27.86,21.2769,145.9993,59.5651,0.5790,1.0e-04,,,3.5
8019,26.79,20.4014,174.5455,60.5353,0.5725,1.0e-04,,,3.5
8020,27.21,20.7515,196.9666,61.0312,0.5775,1.0e-04,27.15,0.37,3.5
8021,27.35,21.0698,188.4546,62.3255,0.5708,1.0e-04,,,6.0
8022,27.37,21.0928,181.8547,59.6719,0.5710,1.0e-04,,,3.5
8023,26.87,20.6001,179.2329,57.8641,0.5671,1.0e-04,,,3.5
8024,26.69,20.4849,202.5497,62.8886,0.5657,1.0e-04,,,3.5
8025,26.18,19.9951,183.6969,65.3777,0.5740,1.0e-04,,,3.5
8026,26.87,20.5039,183.0903,59.6033,0.5774,1.0e-04,,,6.1
8027,26.59,20.0693,188.8775,58.5299,0.5784,1.0e-04,,,5.4
8028,26.84,20.0581,189.9478,60.8696,0.5762,1.0e-04,,,3.6
8029,27.02,20.4297,179.8538,63.4323,0.5755,1.0e-04,,,3.6
8030,27.18,20.3403,168.5522,58.0156,0.5713,1.0e-04,27.97,0.53,3.6
8031,26.36,19.6699,177.9605,60.0109,0.5702,1.0e-04,,,3.5
8032,26.78,19.9556,167.0202,57.3451,0.5793,1.0e-04,,,6.2
8033,27.25,20.3945,169.4862,62.7526,0.5715,1.0e-04,,,3.5
8034,26.42,19.8169,167.3236,58.6141,0.5702,1.0e-04,,,3.6
8035,27.15,20.5190,153.4076,58.0104,0.5787,1.0e-04,,,3.5
8036,27.09,20.4536,181.7868,62.5547,0.5754,1.0e-04,,,3.5
8037,28.38,21.7451,151.3842,61.1550,0.5749,1.0e-04,,,3.6
8038,26.74,20.2407,160.3007,56.6739,0.5729,1.0e-04,,,3.5
8039,27.79,21.1763,166.4901,61.9896,0.5666,1.0e-04,,,3.5
8040,26.49,20.1890,178.3437,59.2120,0.5643,1.0e-04,27.62,0.43,3.5
8041,27.66,21.1265,173.3584,59.8255,0.5769,1.0e-04,,,3.5
8042,28.70,22.0059,165.1495,62.8825,0.5788,1.0e-04,,,6.0
8043,27.84,21.3804,182.4644,67.1172,0.5752,1.0e-04,,,3.5
8044,27.41,20.7495,183.3453,66.1510,0.5740,1.0e-04,,,5.1
8045,27.56,21.0625,169.2514,63.2656,0.5715,1.0e-04,,,3.5
8046,28.60,21.8857,155.6889,63.9075,0.5731,1.0e-04,,,3.6
8047,27.64,21.1172,179.5482,57.6823,0.5714,1.0e-04,,,6.3
8048,25.80,19.5957,190.5288,61.1165,0.5655,1.0e-04,,,3.6
8049,27.03,20.7769,195.2079,60.7240,0.5640,1.0e-04,,,5.4
8050,26.22,19.8213,199.5053,64.1359,0.5637,1.0e-04,27.63,0.53,3.5
8051,27.25,20.5205,193.6884,67.5625,0.5720,1.0e-04,,,3.6
8052,27.12,20.6821,185.0016,62.4401,0.5704,1.0e-04,,,3.6
8053,25.96,19.7847,185.4417,63.9429,0.5646,1.0e-04,,,3.6
8054,26.57,20.2461,182.7713,61.8370,0.5663,1.0e-04,,,3.6
8055,28.27,21.8115,200.7444,64.8950,0.5593,1.0e-04,,,3.6
8056,27.81,21.1865,209.8122,61.8880,0.5658,1.0e-04,,,3.5
8057,27.27,21.0503,203.9811,62.7630,0.5576,1.0e-04,,,3.6
8058,27.25,20.8105,231.0869,67.2708,0.5661,1.0e-04,,,3.5
8059,27.06,20.8008,202.1129,64.0573,0.5635,1.0e-04,,,3.5
8060,26.44,20.2554,199.0318,62.1875,0.5582,1.0e-04,27.06,0.36,5.2
8061,28.37,22.0063,207.0495,61.2550,0.5556,1.0e-04,,,3.5
8062,26.96,20.9390,200.5646,61.3932,0.5402,1.0e-04,,,6.2
8063,26.80,20.5098,194.7824,60.9212,0.5641,1.0e-04,,,6.0
8064,26.52,20.4033,195.6418,59.9293,0.5688,1.0e-04,,,3.5
8065,27.46,21.1729,169.3394,58.4193,0.5584,1.0e-04,,,3.5
8066,28.17,21.6768,207.4683,64.4825,0.5713,1.0e-04,,,3.5
8067,26.79,20.4487,170.3925,61.8315,0.5674,1.0e-04,,,6.0
8068,26.89,20.5640,195.1272,65.0443,0.5612,1.0e-04,,,3.6
8069,25.98,19.7173,167.9626,58.2908,0.5675,1.0e-04,,,3.5
8070,26.12,19.8789,198.8207,59.4375,0.5611,1.0e-04,27.88,0.42,3.6
8071,27.06,20.6313,191.2484,61.7604,0.5588,1.0e-04,,,3.6
8072,27.80,21.2700,162.7918,59.4557,0.5691,1.0e-04,,,3.6
8073,26.68,20.2031,175.5706,61.4755,0.5695,1.0e-04,,,6.1
8074,26.42,19.6587,175.7161,57.5027,0.5568,1.0e-04,,,3.5
8075,26.57,19.8354,163.1653,52.4918,0.5713,1.0e-04,,,3.5
8076,28.09,21.0400,150.4369,55.7375,0.5704,1.0e-04,,,3.6
8077,27.25,20.3149,149.5746,54.0755,0.5731,1.0e-04,,,3.6
8078,27.63,20.9717,147.3909,59.6172,0.5643,1.0e-04,,,3.6
8079,27.67,21.1626,161.3112,63.0573,0.5680,1.0e-04,,,3.6
8080,26.70,20.5005,165.7690,56.8370,0.5649,1.0e-04,27.23,0.36,3.5
8081,27.78,21.5098,188.5062,59.8672,0.5591,1.0e-04,,,3.5
8082,27.74,21.4404,155.8218,54.8125,0.5658,1.0e-04,,,3.5
8083,27.54,21.4663,176.2496,57.6562,0.5590,1.0e-04,,,5.1
8084,26.27,20.4238,181.6736,51.3478,0.5469,1.0e-04,,,3.5
8085,26.21,20.2773,170.7669,55.1168,0.5518,1.0e-04,,,3.5
8086,26.67,20.7319,175.9310,57.5516,0.5483,1.0e-04,,,3.5
8087,27.68,21.5234,177.6009,58.5755,0.5541,1.0e-04,,,6.1
8088,27.30,21.2588,189.7896,63.8698,0.5511,1.0e-04,,,3.5
8089,26.80,20.5283,175.9169,62.1576,0.5551,1.0e-04,,,3.5
8090,27.53,21.0918,174.7177,55.2474,0.5569,1.0e-04,27.18,0.37,3.5
8091,28.42,22.0176,166.0002,59.7200,0.5574,1.0e-04,,,5.4
8092,27.31,21.1929,187.6453,61.4688,0.5492,1.0e-04,,,3.6
8093,27.66,21.4497,183.7652,57.9349,0.5384,1.0e-04,,,3.5
8094,27.25,20.8228,162.7559,55.3932,0.5643,1.0e-04,,,3.6
8095,26.47,20.3013,172.0642,55.8560,0.5460,1.0e-04,,,3.5
8096,28.33,22.1250,169.4599,57.1425,0.5471,1.0e-04,,,3.6
8097,27.30,21.0967,153.7352,55.1615,0.5532,1.0e-04,,,3.5
8098,25.66,19.8320,186.1832,62.8125,0.5343,1.0e-04,,,3.5
8099,27.47,21.4282,179.4693,59.3568,0.5500,1.0e-04,,,3.6
8100,27.74,21.6709,189.0109,57.9219,0.5404,1.0e-04,26.69,0.34,3.6
8101,26.34,20.3091,203.7690,59.2228,0.5496,1.0e-04,,,3.5
8102,26.75,20.6323,193.9297,60.1386,0.5484,1.0e-04,,,3.5
8103,27.22,21.0469,185.5634,61.9271,0.5475,1.0e-04,,,3.5
8104,27.33,21.0049,189.1798,62.3594,0.5500,1.0e-04,,,3.5
8105,26.95,20.6226,187.7630,62.0521,0.5573,1.0e-04,,,5.2
8106,27.65,21.2324,201.0922,63.7292,0.5414,1.0e-04,,,3.5
8107,27.24,21.0747,192.2131,61.9036,0.5350,1.0e-04,,,6.1
8108,25.74,19.7725,192.6146,60.9631,0.5424,1.0e-04,,,3.5
8109,26.06,20.1172,184.5816,59.8342,0.5430,1.0e-04,,,3.5
8110,27.04,20.9409,169.1759,57.8255,0.5527,1.0e-04,26.79,0.33,3.5
8111,27.26,21.1807,199.7005,59.9089,0.5550,1.0e-04,,,3.5
8112,26.17,20.1846,202.7251,60.2364,0.5448,1.0e-04,,,3.5
8113,26.69,20.4810,181.5985,60.8016,0.5557,1.0e-04,,,3.6
8114,27.30,21.0229,181.1465,61.9818,0.5469,1.0e-04,,,3.5
8115,27.28,21.0688,173.9359,59.2448,0.5438,1.0e-04,,,3.6
8116,27.07,21.0122,178.6527,61.8333,0.5457,1.0e-04,,,3.6
8117,26.72,20.7246,194.5047,58.1957,0.5421,1.0e-04,,,3.5
8118,28.15,21.6318,177.2338,64.2100,0.5474,1.0e-04,,,3.6
8119,27.26,20.8174,207.2337,60.0391,0.5497,1.0e-04,,,3.5
8120,28.13,21.6523,188.2279,63.4950,0.5523,1.0e-04,27.42,0.41,3.6
8121,27.40,21.0894,193.2749,67.3568,0.5496,1.0e-04,,,3.6
8122,28.30,21.9116,207.7866,66.3525,0.5526,1.0e-04,,,3.6
8123,27.46,21.3530,169.9547,60.9115,0.5518,1.0e-04,,,3.6
8124,27.45,21.1626,176.1589,61.2083,0.5519,1.0e-04,,,5.2
8125,26.97,20.8428,183.0913,66.2214,0.5420,1.0e-04,,,3.6
8126,25.77,19.6865,175.5129,60.9119,0.5506,1.0e-04,,,3.5
8127,27.43,21.0649,199.2184,63.2005,0.5473,1.0e-04,,,3.5
8128,27.46,21.2241,165.2165,59.9948,0.5595,1.0e-04,,,3.5
8129,27.02,20.5278,186.1059,56.8750,0.5579,1.0e-04,,,3.5
8130,28.10,21.3809,173.2219,59.5725,0.5688,1.0e-04,27.83,0.41,3.5
8131,27.14,20.8105,174.9346,63.3724,0.5592,1.0e-04,,,3.5
8132,26.70,20.4224,198.8248,61.1277,0.5578,1.0e-04,,,3.5
8133,27.26,20.9053,190.6175,60.3516,0.5610,1.0e-04,,,3.5
8134,26.47,19.9619,178.0398,60.0516,0.5680,1.0e-04,,,3.5
8135,27.73,21.0537,171.4077,57.9531,0.5735,1.0e-04,,,3.5
8136,27.51,20.8379,150.5277,56.2682,0.5733,1.0e-04,,,3.5
8137,28.20,21.3540,168.9949,61.4700,0.5700,1.0e-04,,,3.6
8138,26.95,20.4331,169.5263,61.2812,0.5702,1.0e-04,,,3.6
8139,28.23,21.4834,177.9439,59.2850,0.5740,1.0e-04,,,3.6
8140,26.91,20.6655,156.7839,54.7409,0.5557,1.0e-04,28.00,0.39,3.6
8141,27.10,20.8330,151.4237,61.2943,0.5650,1.0e-04,,,3.5
8142,25.97,19.9087,174.4986,59.0707,0.5610,1.0e-04,,,3.5
8143,28.77,22.3682,178.5447,58.6725,0.5591,1.0e-04,,,3.6
8144,26.19,20.0386,167.9977,59.2391,0.5536,1.0e-04,,,3.5
8145,27.23,20.7710,169.5023,57.2865,0.5633,1.0e-04,,,3.6
8146,26.12,20.0171,181.1350,59.3315,0.5601,1.0e-04,,,3.5
8147,28.18,21.5747,176.8725,64.1000,0.5706,1.0e-04,,,6.2
8148,26.98,20.5288,173.0274,60.8984,0.5712,1.0e-04,,,3.6
8149,28.11,21.5449,177.8366,63.3100,0.5645,1.0e-04,,,3.6
8150,26.60,20.2476,187.0828,60.0543,0.5656,1.0e-04,28.09,0.40,3.5
8151,26.76,20.4512,170.6086,57.0136,0.5631,1.0e-04,,,3.5
8152,27.65,21.2075,174.1776,56.2370,0.5656,1.0e-04,,,3.6
8153,28.18,21.7495,154.2227,62.6925,0.5681,1.0e-04,,,3.5
8154,27.08,20.7241,158.2307,60.1380,0.5637,1.0e-04,,,6.1
8155,26.62,20.3599,169.4013,57.0408,0.5702,1.0e-04,,,3.5
8156,25.46,19.3774,174.7000,57.1051,0.5753,1.0e-04,,,3.5
8157,27.81,21.3413,183.7262,59.7422,0.5671,1.0e-04,,,3.5
8158,26.43,20.0098,171.2166,56.9620,0.5582,1.0e-04,,,3.5
8159,27.29,20.6562,185.7785,59.1667,0.5726,1.0e-04,,,3.5
8160,27.96,21.2837,160.7425,59.9175,0.5686,1.0e-04,27.46,0.46,3.5
8161,27.70,21.1328,166.6501,57.4557,0.5742,1.0e-04,,,3.5
8162,27.27,20.6396,167.8299,58.3385,0.5690,1.0e-04,,,3.5
8163,26.75,19.9531,183.8205,55.1929,0.5701,1.0e-04,,,3.5
8164,26.65,20.1841,173.4374,55.7880,0.5669,1.0e-04,,,3.5
8165,27.30,20.9897,165.3206,60.6198,0.5652,1.0e-04,,,3.6
8166,26.34,20.0742,190.3059,58.2120,0.5721,1.0e-04,,,3.5
8167,27.73,21.2222,172.8857,57.0547,0.5609,1.0e-04,,,3.6
8168,26.80,20.5176,162.0302,57.5000,0.5725,1.0e-04,,,3.5
8169,25.22,19.0703,161.2065,55.7273,0.5672,1.0e-04,,,3.5
8170,27.33,20.8193,154.8799,58.0599,0.5692,1.0e-04,28.06,0.42,3.6
8171,26.25,19.9541,176.9600,60.3832,0.5639,1.0e-04,,,3.6
8172,27.23,20.7407,176.7156,66.4922,0.5634,1.0e-04,,,3.6
8173,26.69,20.5005,189.1071,63.2147,0.5530,1.0e-04,,,3.5
8174,26.27,20.0337,178.6805,61.8261,0.5670,1.0e-04,,,3.5
8175,26.97,20.7969,194.4065,61.6979,0.5514,1.0e-04,,,6.4
8176,27.97,21.4062,174.9162,62.6150,0.5663,1.0e-04,,,3.6
8177,27.88,21.5312,155.9182,57.0885,0.5672,1.0e-04,,,3.6
8178,25.99,19.6934,168.7644,57.4538,0.5724,1.0e-04,,,3.5
8179,27.20,20.6904,197.2289,59.1250,0.5665,1.0e-04,,,3.5
8180,27.55,20.8809,168.9332,62.1536,0.5718,1.0e-04,27.59,0.51,5.1
8181,27.44,20.7632,147.5864,57.9818,0.5680,1.0e-04,,,3.5
8182,27.79,21.1387,158.4784,64.2031,0.5758,1.0e-04,,,3.5
8183,27.73,21.0825,164.8638,61.1771,0.5727,1.0e-04,,,3.5
8184,26.56,20.2017,190.4083,61.1902,0.5648,1.0e-04,,,6.0
8185,26.46,20.1104,185.8154,61.7745,0.5620,1.0e-04,,,3.5
8186,26.58,20.2866,180.8037,58.3342,0.5672,1.0e-04,,,3.5
8187,26.19,19.8623,182.6829,60.2011,0.5764,1.0e-04,,,3.5
8188,28.05,21.5103,158.7014,58.9900,0.5672,1.0e-04,,,3.6
8189,27.26,20.7056,183.5426,62.4141,0.5682,1.0e-04,,,3.6
8190,27.70,21.1255,182.5874,64.6406,0.5672,1.0e-04,27.60,0.40,3.6
8191,27.46,21.0933,168.5608,60.8932,0.5641,1.0e-04,,,3.6
8192,27.81,21.2905,166.8395,58.7786,0.5743,1.0e-04,,,3.6
8193,28.65,21.9614,172.0122,60.5675,0.5707,1.0e-04,,,3.6
8194,26.95,20.6709,199.3741,62.0651,0.5605,1.0e-04,,,3.6
8195,27.22,20.8354,177.9707,61.7760,0.5669,1.0e-04,,,3.5
8196,27.52,21.3169,182.5640,63.0833,0.5519,1.0e-04,,,3.5
8197,26.78,20.5605,178.7514,61.0734,0.5568,1.0e-04,,,3.5
8198,27.72,21.2969,183.7438,60.1589,0.5637,1.0e-04,,,3.5
8199,25.85,19.8594,182.0912,59.2642,0.5536,1.0e-04,,,3.5
8200,27.53,21.3052,174.4801,59.2891,0.5569,1.0e-04,27.45,0.36,3.5
8201,25.72,19.6797,185.6432,59.5284,0.5563,1.0e-04,,,3.5
8202,27.10,21.2319,218.1852,60.9974,0.5425,1.0e-04,,,3.5
8203,26.62,20.7441,204.7659,56.1359,0.5434,1.0e-04,,,3.5
8204,26.78,20.8394,189.1971,59.8668,0.5483,1.0e-04,,,3.5
8205,26.11,20.1147,191.2853,60.1196,0.5513,1.0e-04,,,3.5
8206,27.11,20.9043,184.5036,60.7969,0.5484,1.0e-04,,,3.5
8207,27.82,21.6655,200.5539,64.9870,0.5440,1.0e-04,,,3.5
8208,27.16,20.8750,182.0509,65.4792,0.5450,1.0e-04,,,3.5
8209,27.44,21.2192,191.2844,62.9089,0.5522,1.0e-04,,,3.5
8210,28.19,22.0244,168.4479,59.5550,0.5488,1.0e-04,27.79,0.39,3.6
8211,26.49,20.1851,195.7827,59.3913,0.5655,1.0e-04,,,3.6
8212,27.26,20.8120,186.3381,61.8828,0.5629,1.0e-04,,,3.6
8213,26.25,19.7812,192.0347,56.2500,0.5741,1.0e-04,,,3.6
8214,26.33,19.9673,178.8033,63.0272,0.5729,1.0e-04,,,3.5
8215,26.75,20.4819,188.5559,62.5679,0.5672,1.0e-04,,,3.5
8216,27.66,21.3823,195.9695,60.4375,0.5604,1.0e-04,,,3.6
8217,27.62,21.2529,170.4365,60.8516,0.5576,1.0e-04,,,3.6
8218,26.48,20.3149,194.9682,62.6005,0.5525,1.0e-04,,,3.5
8219,26.99,20.4961,184.1305,62.9714,0.5775,1.0e-04,,,3.6
8220,26.71,20.4097,165.9380,60.7826,0.5719,1.0e-04,27.54,0.44,3.5
8221,27.14,20.6650,192.2358,61.4583,0.5737,1.0e-04,,,3.5
8222,27.53,20.8340,191.4319,61.5677,0.5750,1.0e-04,,,3.5
8223,27.29,20.6665,177.7880,65.3385,0.5728,1.0e-04,,,3.5
8224,26.76,20.2363,182.4859,59.1332,0.5716,1.0e-04,,,3.5
8225,26.10,19.7710,195.8377,60.8587,0.5644,1.0e-04,,,3.5
8226,26.90,20.4678,185.3731,62.3411,0.5673,1.0e-04,,,3.5
8227,27.41,20.9521,187.4344,59.6510,0.5520,1.0e-04,,,3.5
8228,26.52,20.2095,181.5849,63.6114,0.5602,1.0e-04,,,3.5
8229,27.39,20.8110,188.8151,63.5885,0.5658,1.0e-04,,,3.5
8230,25.93,19.5405,187.8477,56.8940,0.5708,1.0e-04,28.16,0.48,3.5
8231,25.80,19.3711,169.5367,59.6619,0.5663,1.0e-04,,,3.5
8232,27.66,21.1899,174.9021,55.5312,0.5725,1.0e-04,,,3.5
8233,26.26,19.8657,179.9083,59.1603,0.5685,1.0e-04,,,3.5
8234,27.47,20.9937,188.0496,60.9661,0.5633,1.0e-04,,,3.5
8235,27.62,21.1582,165.9889,60.6146,0.5617,1.0e-04,,,3.6
8236,26.92,20.4565,179.0024,63.2057,0.5650,1.0e-04,,,3.5
8237,27.86,21.1738,182.2347,63.4297,0.5647,1.0e-04,,,3.5
8238,28.76,21.9663,169.7794,60.3525,0.5612,1.0e-04,,,6.1
8239,26.77,20.3213,179.1834,59.7853,0.5649,1.0e-04,,,3.5
8240,26.02,19.5186,178.4590,56.1902,0.5715,1.0e-04,27.75,0.54,3.5
8241,27.00,20.2207,180.1990,61.0469,0.5641,1.0e-04,,,3.5
8242,26.44,19.7964,165.3635,60.4918,0.5705,1.0e-04,,,3.5
8243,26.84,20.1392,170.6754,59.9239,0.5722,1.0e-04,,,3.5
8244,25.62,19.2148,176.1407,55.9688,0.5625,1.0e-04,,,3.5
8245,27.25,20.5591,170.0917,60.0000,0.5575,1.0e-04,,,3.5
8246,26.95,20.4565,157.2876,58.4818,0.5661,1.0e-04,,,3.5
8247,26.71,20.3052,187.6777,57.1359,0.5626,1.0e-04,,,3.5
8248,26.53,20.1592,155.9517,56.9674,0.5609,1.0e-04,,,3.5
8249,27.38,21.0620,170.1869,59.5729,0.5693,1.0e-04,,,3.5
8250,28.45,21.9360,170.1440,62.9000,0.5577,1.0e-04,27.26,0.33,3.6
8251,27.13,20.9854,184.0892,59.9115,0.5549,1.0e-04,,,3.5
8252,26.31,20.3652,195.5552,57.9864,0.5567,1.0e-04,,,3.5
8253,26.40,20.4790,194.0877,60.2690,0.5507,1.0e-04,,,3.5
8254,28.01,21.5884,172.0339,59.6075,0.5644,1.0e-04,,,3.5
8255,27.91,21.4800,190.3986,58.8255,0.5666,1.0e-04,,,3.5
8256,27.23,20.9419,163.6515,62.8906,0.5647,1.0e-04,,,3.5
8257,26.90,20.7109,176.2576,62.2240,0.5609,1.0e-04,,,3.5
8258,27.20,21.0342,186.3776,62.9974,0.5510,1.0e-04,,,3.5
8259,27.90,21.5498,189.1145,65.4175,0.5608,1.0e-04,,,3.6
8260,27.58,21.2622,186.7221,62.4583,0.5633,1.0e-04,27.43,0.42,3.6
8261,27.58,21.0820,171.7537,57.3099,0.5724,1.0e-04,,,3.6
8262,26.28,19.8892,188.9090,59.3533,0.5710,1.0e-04,,,3.5
8263,27.46,20.9365,180.7746,59.2578,0.5649,1.0e-04,,,3.6
8264,27.37,21.0435,175.7227,63.3958,0.5605,1.0e-04,,,3.6
8265,27.85,21.4463,182.9970,63.8594,0.5586,1.0e-04,,,3.6
8266,27.93,21.4907,195.2160,64.0675,0.5675,1.0e-04,,,3.5
8267,27.68,21.1313,176.4133,66.3307,0.5664,1.0e-04,,,3.5
8268,28.13,21.6934,184.4644,62.2450,0.5656,1.0e-04,,,3.5
8269,27.12,20.7935,210.8944,65.9557,0.5538,1.0e-04,,,3.5
8270,27.43,20.9517,193.2804,60.5130,0.5594,1.0e-04,27.46,0.41,3.5
8271,28.20,21.7358,180.6140,63.3725,0.5610,1.0e-04,,,3.5
8272,26.05,19.8135,183.3028,58.5951,0.5571,1.0e-04,,,3.5
8273,28.22,21.7422,171.7273,64.0925,0.5653,1.0e-04,,,3.6
8274,27.97,21.3052,184.6460,62.3950,0.5666,1.0e-04,,,3.5
8275,26.70,20.1265,172.2699,60.0707,0.5634,1.0e-04,,,3.5
8276,26.96,20.2827,174.0106,60.1953,0.5691,1.0e-04,,,3.5
8277,27.41,20.8530,190.2821,64.8151,0.5600,1.0e-04,,,3.5
8278,26.96,20.2720,188.9826,61.8177,0.5639,1.0e-04,,,3.5
8279,27.40,20.7856,175.6674,62.8151,0.5592,1.0e-04,,,3.5
8280,27.46,21.0107,178.4242,63.5807,0.5539,1.0e-04,27.64,0.46,3.5
8281,27.71,21.0913,201.2935,64.8359,0.5641,1.0e-04,,,3.5
8282,27.17,20.4712,200.6392,63.5312,0.5633,1.0e-04,,,3.5
8283,26.37,19.9238,191.5242,60.4538,0.5674,1.0e-04,,,3.5
8284,28.07,21.5356,188.4509,63.7300,0.5593,1.0e-04,,,3.6
8285,27.58,20.8481,169.2231,66.5391,0.5690,1.0e-04,,,5.2
8286,27.56,20.7959,190.5085,62.2917,0.5662,1.0e-04,,,3.6
8287,28.09,20.9907,167.0891,61.7525,0.5623,1.0e-04,,,3.6
8288,28.14,21.1201,186.3828,64.3250,0.5609,1.0e-04,,,3.6
8289,26.93,20.1025,190.5780,62.2109,0.5596,1.0e-04,,,3.6
8290,28.27,21.2891,194.7556,59.7575,0.5596,1.0e-04,28.47,0.55,3.6
8291,28.00,21.0078,162.8747,60.2525,0.5614,1.0e-04,,,3.6
8292,27.66,20.6616,174.3707,59.8724,0.5686,1.0e-04,,,3.5
8293,26.73,19.8789,167.5409,56.3424,0.5695,1.0e-04,,,6.0
8294,26.73,20.1787,174.9377,60.3560,0.5710,1.0e-04,,,3.5
8295,27.30,20.7954,184.4378,57.8516,0.5699,1.0e-04,,,3.5
8296,25.70,19.4531,191.1620,57.8182,0.5641,1.0e-04,,,3.5
8297,27.72,21.3867,171.7021,58.6693,0.5571,1.0e-04,,,3.5
8298,28.62,22.1313,157.6575,63.8350,0.5691,1.0e-04,,,6.0
8299,28.06,21.8760,180.0426,63.2150,0.5523,1.0e-04,,,3.6
8300,27.06,20.9697,186.4487,60.8724,0.5503,1.0e-04,27.45,0.31,3.5
8301,27.29,21.2773,185.1328,62.1458,0.5491,1.0e-04,,,3.5
8302,26.12,20.0234,190.6895,58.4783,0.5588,1.0e-04,,,3.5
8303,27.68,21.3477,175.4967,63.5729,0.5567,1.0e-04,,,3.5
8304,25.68,19.5356,197.6392,55.9375,0.5601,1.0e-04,,,3.5
8305,26.89,20.6509,169.8564,57.6793,0.5674,1.0e-04,,,3.5
8306,27.12,20.8604,207.2782,59.4089,0.5678,1.0e-04,,,3.5
8307,27.21,20.8442,185.3747,64.1589,0.5557,1.0e-04,,,3.5
8308,26.79,20.3926,185.0993,65.4864,0.5574,1.0e-04,,,3.5
8309,27.26,20.7998,211.7647,65.5286,0.5611,1.0e-04,,,3.5
8310,26.76,20.5444,213.4516,64.8587,0.5570,1.0e-04,27.30,0.37,3.5
8311,28.01,21.6958,195.4609,60.6275,0.5645,1.0e-04,,,3.5
8312,27.38,20.9409,208.2582,65.6094,0.5594,1.0e-04,,,3.5
8313,28.45,21.9785,191.7019,65.8875,0.5543,1.0e-04,,,3.5
8314,26.53,20.3042,206.6713,65.6332,0.5614,1.0e-04,,,3.5
8315,27.34,21.1924,195.5031,64.3750,0.5521,1.0e-04,,,3.5
8316,27.02,20.9238,178.0656,61.8880,0.5495,1.0e-04,,,3.5
8317,26.22,20.2070,197.0082,58.6821,0.5507,1.0e-04,,,3.5
8318,27.68,21.4409,199.3158,60.4661,0.5577,1.0e-04,,,3.5
8319,27.15,21.0435,202.8820,63.1979,0.5493,1.0e-04,,,3.5
8320,26.90,20.5117,179.2135,60.3832,0.5669,1.0e-04,27.52,0.39,3.5
8321,27.18,20.8672,206.8980,65.8307,0.5575,1.0e-04,,,3.5
8322,26.07,19.7578,189.5607,64.8641,0.5596,1.0e-04,,,3.5
8323,27.25,20.9775,189.0882,61.1979,0.5596,1.0e-04,,,3.5
8324,27.41,21.1958,174.2332,64.3698,0.5558,1.0e-04,,,3.5
8325,26.29,20.2622,208.6144,64.1005,0.5489,1.0e-04,,,3.5
8326,26.33,20.2505,204.5825,59.2826,0.5592,1.0e-04,,,3.5
8327,25.99,19.9585,181.9318,56.0380,0.5563,1.0e-04,,,3.5
8328,25.87,19.6079,185.5208,59.7283,0.5707,1.0e-04,,,6.0
8329,26.55,20.1406,190.2400,59.7745,0.5701,1.0e-04,,,3.5
8330,26.94,20.3838,168.2555,60.8776,0.5709,1.0e-04,27.91,0.46,6.1
8331,28.46,21.8086,188.8234,66.2625,0.5607,1.0e-04,,,3.6
8332,27.44,20.5239,179.0749,61.2969,0.5657,1.0e-04,,,3.6
8333,27.59,20.7046,224.4068,62.6901,0.5641,1.0e-04,,,3.6
8334,26.53,19.8853,170.9276,59.2418,0.5699,1.0e-04,,,3.5
8335,26.82,20.2021,202.9227,58.2092,0.5626,1.0e-04,,,3.5
8336,27.58,20.7158,178.1243,59.9219,0.5711,1.0e-04,,,3.5
8337,26.56,20.1128,196.8279,57.5054,0.5603,1.0e-04,,,3.5
8338,27.18,20.7402,174.5630,59.7865,0.5681,1.0e-04,,,3.5
8339,25.63,19.5493,173.0095,53.6534,0.5574,1.0e-04,,,3.5
8340,26.35,20.1016,176.3607,59.7935,0.5548,1.0e-04,27.44,0.35,3.5
8341,27.50,21.2896,162.9477,58.0573,0.5622,1.0e-04,,,3.5
8342,28.00,21.6060,176.9119,58.4200,0.5657,1.0e-04,,,3.6
8343,27.94,21.5186,181.4651,63.1700,0.5527,1.0e-04,,,3.5
8344,26.35,20.0239,168.8184,60.1413,0.5644,1.0e-04,,,3.5
8345,26.96,20.6836,173.8433,57.7031,0.5577,1.0e-04,,,3.5
8346,26.81,20.5449,165.1313,56.2011,0.5603,1.0e-04,,,3.5
8347,27.83,21.6460,173.1746,61.0182,0.5569,1.0e-04,,,3.5
8348,26.92,20.7202,182.6560,60.2188,0.5610,1.0e-04,,,3.5
8349,27.51,21.2910,167.2500,59.2552,0.5679,1.0e-04,,,3.5
8350,25.96,20.1646,175.1848,58.5707,0.5419,1.0e-04,26.28,0.27,3.5
8351,27.01,21.0688,164.3090,56.3880,0.5630,1.0e-04,,,3.5
8352,27.46,21.4639,187.4250,61.7943,0.5485,1.0e-04,,,5.2
8353,27.09,21.1357,197.8770,58.4115,0.5487,1.0e-04,,,3.6
8354,26.43,20.2974,171.0947,60.1304,0.5706,1.0e-04,,,3.5
8355,27.24,21.0659,179.2279,60.1719,0.5521,1.0e-04,,,3.6
8356,27.20,21.0532,190.1221,59.0234,0.5587,1.0e-04,,,3.6
8357,26.42,20.2388,195.4069,64.1576,0.5542,1.0e-04,,,3.5
8358,29.04,22.3911,200.7833,60.6322,0.5620,1.0e-04,,,3.6
8359,27.24,20.9600,191.2627,62.8984,0.5591,1.0e-04,,,3.6
8360,26.63,20.5493,202.0506,62.8505,0.5599,1.0e-04,27.25,0.38,3.5
8361,26.72,20.5176,209.2387,60.6821,0.5522,1.0e-04,,,3.5
8362,26.42,20.2163,196.2977,57.2174,0.5638,1.0e-04,,,3.5
8363,27.28,21.2559,184.6286,59.5052,0.5567,1.0e-04,,,3.5
8364,26.31,20.0908,170.5068,56.8152,0.5571,1.0e-04,,,3.5
8365,26.50,20.3203,163.1309,59.1141,0.5543,1.0e-04,,,3.5
8366,27.35,21.1772,167.9265,65.3594,0.5531,1.0e-04,,,3.5
8367,28.36,21.8838,188.6850,64.3550,0.5633,1.0e-04,,,3.6
8368,27.87,21.0981,184.9303,63.7161,0.5607,1.0e-04,,,3.5
8369,27.55,20.9355,187.3965,61.6771,0.5721,1.0e-04,,,3.5
8370,28.57,21.6157,183.5230,61.9600,0.5735,1.0e-04,28.11,0.55,3.6
8371,28.21,21.1631,181.9684,61.3000,0.5688,1.0e-04,,,3.6
8372,26.33,19.5972,191.2688,58.5435,0.5724,1.0e-04,,,3.5
8373,26.99,20.0049,154.9726,55.5000,0.5794,1.0e-04,,,3.5
8374,26.99,20.1855,153.8728,55.6615,0.5804,1.0e-04,,,3.5
8375,27.16,20.5527,147.4694,54.5677,0.5821,1.0e-04,,,3.5
8376,27.52,21.0918,182.4820,60.9870,0.5768,1.0e-04,,,3.6
8377,27.37,21.0068,145.7957,59.3073,0.5711,1.0e-04,,,3.6
8378,26.97,20.8955,179.1720,55.0078,0.5599,1.0e-04,,,3.6
8379,27.50,20.9038,169.4858,58.8776,0.5753,1.0e-04,,,3.6
8380,26.84,20.2515,184.7798,59.0815,0.5696,1.0e-04,28.51,0.48,3.5
8381,27.67,21.0073,153.6346,58.4427,0.5640,1.0e-04,,,3.5
8382,26.40,20.0552,173.6195,58.2935,0.5698,1.0e-04,,,3.5
8383,27.09,20.5293,178.5911,61.9062,0.5649,1.0e-04,,,3.5
8384,27.97,21.0596,158.5332,57.1300,0.5752,1.0e-04,,,3.5
8385,26.78,20.0933,171.5803,60.0000,0.5823,1.0e-04,,,3.5
8386,27.30,20.5396,178.4050,56.3880,0.5756,1.0e-04,,,6.4
8387,26.74,20.1284,155.2254,55.7962,0.5887,1.0e-04,,,3.5
8388,26.40,20.0220,156.7127,57.2717,0.5739,1.0e-04,,,3.5
8389,26.20,19.8560,169.6307,60.0109,0.5765,1.0e-04,,,3.5
8390,28.89,22.0840,165.6049,61.9050,0.5826,1.0e-04,27.53,0.40,3.6
8391,25.27,19.1167,182.2222,59.1960,0.5756,1.0e-04,,,3.5
8392,26.18,19.7324,188.0254,58.0435,0.5766,1.0e-04,,,3.5
8393,26.49,20.0654,151.4128,58.1766,0.5823,1.0e-04,,,3.5
8394,27.79,21.3555,183.1946,61.1536,0.5741,1.0e-04,,,3.5
8395,27.38,21.0654,164.4061,61.1380,0.5774,1.0e-04,,,3.5
8396,26.83,20.5850,147.3059,58.1793,0.5698,1.0e-04,,,3.5
8397,26.31,20.2446,172.8198,56.7799,0.5666,1.0e-04,,,3.5
8398,28.64,22.4312,162.7305,60.0575,0.5594,1.0e-04,,,3.5
8399,25.15,19.1211,181.9225,59.7812,0.5636,1.0e-04,,,3.5
8400,27.47,21.0864,172.4893,61.5885,0.5652,1.0e-04,27.48,0.40,5.3
8401,28.05,21.5415,181.7275,58.9650,0.5731,1.0e-04,,,3.6
8402,27.23,20.7173,175.0502,59.5365,0.5763,1.0e-04,,,3.6
8403,25.93,19.5776,173.2830,56.4429,0.5792,1.0e-04,,,3.5
8404,26.55,20.0908,179.8841,57.1033,0.5700,1.0e-04,,,3.5
8405,24.93,18.6499,159.5365,56.2358,0.5807,1.0e-04,,,3.5
8406,26.80,20.1558,163.1545,56.0000,0.5767,1.0e-04,,,3.5
8407,27.78,21.1689,178.5238,59.3828,0.5676,1.0e-04,,,3.6
8408,27.38,20.8140,162.7456,58.5469,0.5640,1.0e-04,,,3.5
8409,26.45,20.2070,157.7855,58.8207,0.5601,1.0e-04,,,3.5
8410,26.93,20.6216,157.6487,52.8776,0.5753,1.0e-04,28.06,0.51,3.5
8411,27.84,21.0332,152.6414,56.6068,0.5765,1.0e-04,,,3.5
8412,26.29,19.8975,156.1626,56.0054,0.5676,1.0e-04,,,3.5
8413,26.31,19.8442,154.6857,56.5462,0.5699,1.0e-04,,,3.5
8414,26.73,20.5020,158.4524,59.2038,0.5713,1.0e-04,,,3.5
8415,26.54,20.3950,181.5088,60.1549,0.5666,1.0e-04,,,3.5
8416,27.37,21.2295,185.6622,61.8099,0.5552,1.0e-04,,,3.5
8417,26.60,20.4292,178.7328,60.0299,0.5679,1.0e-04,,,3.5
8418,26.30,20.2593,185.2175,57.6848,0.5539,1.0e-04,,,3.5
8419,27.15,21.0205,179.9652,58.8438,0.5595,1.0e-04,,,3.5
8420,26.95,20.7588,186.4087,61.3359,0.5683,1.0e-04,27.06,0.37,3.5
8421,26.14,19.9697,172.5112,58.4864,0.5629,1.0e-04,,,3.5
8422,25.85,19.7720,186.4758,60.0256,0.5688,1.0e-04,,,3.5
8423,27.93,21.4121,169.4560,54.6050,0.5712,1.0e-04,,,3.5
8424,26.92,20.4639,157.7242,56.1589,0.5784,1.0e-04,,,3.5
8425,27.56,20.9600,162.3930,56.7552,0.5743,1.0e-04,,,3.5
8426,27.70,21.2749,157.1578,58.0443,0.5729,1.0e-04,,,3.8
8427,25.53,19.2339,159.1143,52.6676,0.5890,1.0e-04,,,5.4
8428,26.32,19.8940,174.5705,56.9783,0.5767,1.0e-04,,,3.5
8429,27.37,20.9834,178.2004,59.5443,0.5747,1.0e-04,,,3.6
8430,28.17,21.4277,166.6303,60.8550,0.5749,1.0e-04,27.99,0.48,3.6
8431,26.70,20.1528,200.0556,59.5951,0.5769,1.0e-04,,,3.5
8432,25.99,19.7930,175.4524,60.4266,0.5711,1.0e-04,,,3.5
8433,26.84,20.5083,174.5222,61.6141,0.5734,1.0e-04,,,3.5
8434,27.08,20.5879,185.3052,61.6693,0.5706,1.0e-04,,,3.5
8435,27.65,21.2437,172.1561,63.4661,0.5651,1.0e-04,,,3.5
8436,25.65,19.6636,177.9870,60.1165,0.5597,1.0e-04,,,3.5
8437,26.76,20.4282,185.6966,60.7799,0.5716,1.0e-04,,,3.5
8438,28.15,21.6211,183.8176,59.9450,0.5801,1.0e-04,,,3.5
8439,27.86,21.3315,164.8591,64.1536,0.5737,1.0e-04,,,3.5
8440,27.38,20.9761,172.1469,62.7500,0.5640,1.0e-04,27.65,0.51,3.5
8441,26.01,19.4326,177.2994,56.3451,0.5695,1.0e-04,,,3.5
8442,26.16,19.5669,189.6630,63.4565,0.5690,1.0e-04,,,3.5
8443,27.23,20.4990,172.1911,61.2604,0.5666,1.0e-04,,,3.5
8444,27.11,20.3398,178.4464,61.8932,0.5772,1.0e-04,,,3.5
8445,27.81,20.9761,202.5906,57.5365,0.5785,1.0e-04,,,3.5
8446,28.00,21.1260,157.3141,61.2350,0.5772,1.0e-04,,,3.5
8447,27.58,20.8799,163.4867,62.4714,0.5769,1.0e-04,,,3.5
8448,26.61,20.0293,176.1191,62.1168,0.5718,1.0e-04,,,3.5
8449,26.96,20.1729,172.0573,59.7839,0.5800,1.0e-04,,,3.5
8450,27.61,20.5986,184.1002,59.9219,0.5717,1.0e-04,27.85,0.62,3.5
8451,27.31,20.2241,191.6093,59.9062,0.5709,1.0e-04,,,3.5
8452,25.63,19.1621,171.4539,59.9858,0.5731,1.0e-04,,,3.5
8453,28.42,21.5898,170.2597,61.2400,0.5727,1.0e-04,,,3.5
8454,28.08,21.1851,157.8892,56.3475,0.5830,1.0e-04,,,3.5
8455,27.05,20.2573,182.0958,62.2995,0.5783,1.0e-04,,,3.5
8456,27.39,20.5063,154.3912,62.4193,0.5805,1.0e-04,,,3.5
8457,26.97,20.1523,169.6026,58.9844,0.5795,1.0e-04,,,3.5
8458,26.74,20.0000,171.3881,61.4429,0.5834,1.0e-04,,,3.5
8459,26.71,19.8691,162.7574,58.4321,0.5745,1.0e-04,,,3.5
8460,27.11,20.5977,169.1200,57.5885,0.5783,1.0e-04,27.72,0.52,3.5
8461,26.26,19.6069,175.8443,57.5190,0.5794,1.0e-04,,,3.8
8462,26.97,20.4453,160.7383,56.8151,0.5759,1.0e-04,,,3.5
8463,25.60,19.0771,162.6447,54.3949,0.5861,1.0e-04,,,3.5
8464,27.40,20.6177,172.3629,56.5156,0.5862,1.0e-04,,,3.5
8465,26.56,19.8452,176.7548,57.2092,0.5850,1.0e-04,,,3.5
8466,27.18,20.6714,159.5384,60.8438,0.5844,1.0e-04,,,3.5
8467,26.47,19.7310,162.8012,56.7174,0.5873,1.0e-04,,,3.5
8468,26.50,19.6543,164.7574,56.4429,0.5878,1.0e-04,,,3.5
8469,25.54,18.8706,165.9809,55.9972,0.5859,1.0e-04,,,3.5
8470,26.55,19.7500,140.9220,54.7908,0.5893,1.0e-04,26.91,0.62,3.5
8471,26.09,19.1953,158.6709,54.4022,0.5881,1.0e-04,,,3.5
8472,28.22,20.9385,169.2419,56.6325,0.5825,1.0e-04,,,3.5
8473,27.18,20.2388,160.9290,57.6016,0.5894,1.0e-04,,,3.5
8474,26.79,20.1377,159.5477,55.1440,0.5854,1.0e-04,,,3.5
8475,27.60,20.7432,153.4709,58.0807,0.5874,1.0e-04,,,3.5
8476,26.11,19.5127,162.5661,53.8967,0.5870,1.0e-04,,,3.5
8477,26.89,20.2520,161.4252,59.2448,0.5903,1.0e-04,,,5.4
8478,27.12,20.6055,173.0639,57.1901,0.5853,1.0e-04,,,3.5
8479,26.02,19.4414,183.3705,59.3207,0.5852,1.0e-04,,,3.5
8480,26.39,19.6572,164.0368,58.6658,0.5853,1.0e-04,27.53,0.55,3.5
8481,28.35,21.3403,171.8018,59.0800,0.5888,1.0e-04,,,3.5
8482,25.36,18.8467,177.3911,58.4744,0.5864,1.0e-04,,,3.5
8483,27.76,20.9277,179.9201,56.1797,0.5810,1.0e-04,,,3.5
8484,25.92,19.4062,180.0871,55.9429,0.5866,1.0e-04,,,3.5
8485,26.10,19.8501,163.5522,57.7527,0.5716,1.0e-04,,,3.5
8486,25.90,19.5352,170.4504,56.1335,0.5789,1.0e-04,,,3.5
8487,26.06,19.5854,171.3253,56.2527,0.5769,1.0e-04,,,3.5
8488,27.41,20.8667,165.9295,56.2188,0.5805,1.0e-04,,,5.1
8489,27.49,20.8413,164.2893,55.9896,0.5849,1.0e-04,,,3.5
8490,26.95,20.2124,168.2714,62.6693,0.5761,1.0e-04,28.03,0.48,3.5
8491,26.92,20.3970,165.5475,57.8906,0.5816,1.0e-04,,,3.5
8492,26.45,19.9253,174.6397,59.1440,0.5800,1.0e-04,,,3.5
8493,28.07,21.1338,172.2559,59.8600,0.5775,1.0e-04,,,3.5
8494,27.03,20.2998,175.7748,57.8151,0.5774,1.0e-04,,,3.5
8495,27.07,20.5405,163.3190,61.5599,0.5829,1.0e-04,,,3.5
8496,25.51,19.3994,180.5759,57.7074,0.5673,1.0e-04,,,3.5
8497,25.78,19.7002,179.7634,55.9830,0.5717,1.0e-04,,,6.1
8498,27.35,21.0044,171.7880,55.9010,0.5707,1.0e-04,,,3.6
8499,27.17,20.8091,153.7389,57.0990,0.5829,1.0e-04,,,3.6
8500,27.48,21.0332,153.6027,57.9479,0.5751,1.0e-04,26.97,0.43,3.6
8501,25.79,19.5586,191.7237,57.2585,0.5775,1.0e-04,,,3.5
8502,26.59,20.1890,156.9098,57.9375,0.5813,1.0e-04,,,3.5
8503,27.12,20.7114,158.8234,56.4583,0.5824,1.0e-04,,,3.5
8504,26.51,19.9702,170.9572,56.4429,0.5766,1.0e-04,,,3.5
8505,25.81,19.3633,155.6827,54.7358,0.5808,1.0e-04,,,3.5
8506,27.10,20.5605,170.6065,56.5443,0.5858,1.0e-04,,,3.5
8507,27.52,20.9365,162.8608,58.3333,0.5833,1.0e-04,,,3.5
8508,26.90,20.5049,177.2672,59.3370,0.5791,1.0e-04,,,3.5
8509,27.58,21.1079,172.0627,57.3854,0.5749,1.0e-04,,,3.5
8510,26.34,19.7612,153.0497,55.2473,0.5849,1.0e-04,27.75,0.49,3.5
8511,26.65,20.0293,174.8240,57.6929,0.5829,1.0e-04,,,3.5
8512,27.78,20.9609,155.7598,59.6380,0.5869,1.0e-04,,,3.5
8513,27.80,20.7539,183.4254,59.4036,0.5814,1.0e-04,,,3.5
8514,26.50,19.9619,176.9690,56.8179,0.5731,1.0e-04,,,3.5
8515,26.86,20.4541,157.1991,56.5870,0.5769,1.0e-04,,,3.5
8516,27.80,21.2480,173.9517,57.1562,0.5749,1.0e-04,,,3.5
8517,25.46,19.4146,175.4600,59.2330,0.5732,1.0e-04,,,3.5
8518,27.39,20.9873,168.9743,60.8776,0.5736,1.0e-04,,,3.5
8519,26.49,20.3188,171.2438,59.9457,0.5758,1.0e-04,,,3.5
8520,27.13,20.7559,198.8178,58.1693,0.5746,1.0e-04,27.45,0.42,3.6
8521,26.12,19.8018,178.8417,59.0082,0.5692,1.0e-04,,,3.5
8522,26.21,20.1274,155.8956,60.4049,0.5789,1.0e-04,,,3.5
8523,26.69,20.5015,178.4463,59.2418,0.5747,1.0e-04,,,3.5
8524,24.93,18.7954,186.8939,56.1619,0.5841,1.0e-04,,,3.5
8525,26.67,20.3140,159.0844,63.8315,0.5832,1.0e-04,,,3.5
8526,26.59,20.3511,183.6715,65.6902,0.5637,1.0e-04,,,3.5
8527,25.66,19.5059,198.3475,61.8295,0.5730,1.0e-04,,,3.5
8528,26.03,19.9531,181.2241,59.1467,0.5713,1.0e-04,,,3.5
8529,26.46,20.3989,196.1831,57.9864,0.5590,1.0e-04,,,3.5
8530,26.80,20.7808,199.6701,60.5109,0.5563,1.0e-04,27.08,0.40,3.5
8531,26.95,20.5840,207.2964,64.3125,0.5683,1.0e-04,,,3.5
8532,26.05,19.6108,186.6634,60.9049,0.5791,1.0e-04,,,3.5
8533,25.75,19.3398,168.5672,59.3835,0.5878,1.0e-04,,,3.5
8534,27.14,20.5601,188.1071,61.8776,0.5778,1.0e-04,,,3.5
8535,26.75,20.1392,188.3401,59.0543,0.5774,1.0e-04,,,3.5
8536,25.76,19.2510,173.5078,60.6449,0.5772,1.0e-04,,,3.5
8537,27.58,20.8408,194.6825,61.8203,0.5740,1.0e-04,,,3.5
8538,27.55,21.0698,190.6957,65.3828,0.5735,1.0e-04,,,3.5
8539,26.08,19.8945,187.4635,59.3342,0.5701,1.0e-04,,,3.5
8540,26.23,20.1113,227.3629,65.3940,0.5589,1.0e-04,27.23,0.40,3.5
8541,28.06,21.5879,187.7547,62.5125,0.5732,1.0e-04,,,3.5
8542,27.37,20.8271,229.0208,67.7344,0.5727,1.0e-04,,,3.5
8543,28.55,21.5811,200.7192,71.8450,0.5732,1.0e-04,,,3.6
8544,26.40,19.6992,205.2873,60.7228,0.5703,1.0e-04,,,3.5
8545,26.79,20.0122,187.4495,57.8560,0.5767,1.0e-04,,,3.5
8546,26.56,19.7520,185.3625,60.1712,0.5796,1.0e-04,,,3.5
8547,27.91,20.9434,199.0002,61.5286,0.5800,1.0e-04,,,3.5
8548,26.34,19.7139,187.2641,62.1087,0.5791,1.0e-04,,,3.5
8549,25.13,18.8882,187.6622,59.6477,0.5781,1.0e-04,,,3.5
8550,27.82,21.2676,198.0674,61.0182,0.5751,1.0e-04,27.68,0.48,3.6
8551,26.97,20.4019,185.4211,62.1823,0.5715,1.0e-04,,,3.6
8552,27.18,20.5435,180.9018,62.2083,0.5790,1.0e-04,,,3.6
8553,26.80,20.2324,171.4799,63.7011,0.5762,1.0e-04,,,3.5
8554,25.92,19.4678,196.4410,62.9864,0.5772,1.0e-04,,,3.5
8555,25.91,19.3369,181.1969,60.2255,0.5702,1.0e-04,,,3.5
8556,26.34,19.8232,214.1984,64.0435,0.5700,1.0e-04,,,3.5
8557,27.18,20.4956,204.5832,65.4167,0.5743,1.0e-04,,,3.5
8558,28.54,21.7632,189.1154,65.0325,0.5709,1.0e-04,,,3.5
8559,27.10,20.4551,195.9098,64.5234,0.5773,1.0e-04,,,3.5
8560,27.68,21.0317,196.8812,70.7396,0.5789,1.0e-04,28.07,0.50,3.5
8561,27.39,20.6772,191.1424,65.9271,0.5729,1.0e-04,,,3.5
8562,26.03,19.3418,187.4798,60.3587,0.5804,1.0e-04,,,3.5
8563,28.47,21.4082,193.6893,65.1175,0.5802,1.0e-04,,,3.5
8564,28.26,21.3535,187.6822,62.7825,0.5776,1.0e-04,,,3.5
8565,27.71,20.9302,192.5902,66.7630,0.5775,1.0e-04,,,3.5
8566,25.62,19.1147,225.9625,64.8324,0.5736,1.0e-04,,,3.5
8567,27.62,20.6558,193.8303,67.4531,0.5777,1.0e-04,,,3.6
8568,27.70,20.7759,204.8547,67.6276,0.5756,1.0e-04,,,3.5
8569,26.79,19.9536,193.2390,60.9103,0.5802,1.0e-04,,,3.5
8570,28.32,21.3052,163.4764,64.9575,0.5761,1.0e-04,27.46,0.53,3.6
8571,27.66,20.9312,201.5642,64.9818,0.5846,1.0e-04,,,3.6
8572,26.94,20.3340,154.1650,63.7604,0.5837,1.0e-04,,,3.6
8573,27.46,20.8501,187.5659,61.8385,0.5789,1.0e-04,,,3.6
8574,27.71,21.2847,191.9084,58.3802,0.5847,1.0e-04,,,3.5
8575,27.63,21.2021,178.5415,65.1927,0.5811,1.0e-04,,,3.6
8576,26.68,20.3926,204.2089,60.1168,0.5779,1.0e-04,,,3.5
8577,26.76,20.5796,182.7391,61.1495,0.5780,1.0e-04,,,3.5
8578,26.75,20.5347,181.9489,57.5408,0.5696,1.0e-04,,,3.5
8579,26.93,20.5044,175.4488,60.3724,0.5790,1.0e-04,,,3.5
8580,26.57,19.8433,201.9047,59.6413,0.5798,1.0e-04,27.49,0.51,3.5
8581,26.24,19.6353,172.3866,59.8560,0.5800,1.0e-04,,,3.5
8582,26.52,19.9722,180.7358,62.7772,0.5795,1.0e-04,,,5.1
8583,27.55,20.8911,179.9435,59.5885,0.5778,1.0e-04,,,3.5
8584,26.97,20.1333,178.5446,60.3464,0.5752,1.0e-04,,,3.5
8585,25.88,19.1602,179.6090,56.4176,0.5832,1.0e-04,,,3.5
8586,25.38,18.5596,206.2674,59.0398,0.5814,1.0e-04,,,3.5
8587,26.62,19.6641,185.7694,61.0190,0.5791,1.0e-04,,,3.5
8588,26.67,19.6348,169.7450,59.7201,0.5785,1.0e-04,,,3.5
8589,26.23,19.4619,180.6404,59.1739,0.5853,1.0e-04,,,3.5
8590,26.50,19.8037,177.8487,56.1658,0.5739,1.0e-04,27.86,0.60,3.5
8591,26.26,19.4326,195.4948,59.3560,0.5781,1.0e-04,,,3.5
8592,26.34,19.4326,178.4942,56.8560,0.5757,1.0e-04,,,3.5
8593,26.86,19.8374,188.2202,60.5435,0.5770,1.0e-04,,,3.5
8594,26.68,19.7329,184.9884,61.2092,0.5774,1.0e-04,,,3.5
8595,27.40,20.4683,172.7988,57.3646,0.5797,1.0e-04,,,3.5
8596,26.50,19.6348,175.0020,59.8533,0.5775,1.0e-04,,,3.5
8597,26.66,19.7603,169.3797,60.6223,0.5739,1.0e-04,,,3.5
8598,27.75,20.8799,169.0478,61.5703,0.5800,1.0e-04,,,3.5
8599,26.14,19.3530,168.9979,57.3668,0.5839,1.0e-04,,,3.5
8600,27.59,20.6792,183.4384,62.8932,0.5752,1.0e-04,28.06,0.54,3.6
8601,27.34,20.5342,192.3481,65.8307,0.5791,1.0e-04,,,3.5
8602,28.65,21.6562,191.1653,64.7750,0.5736,1.0e-04,,,3.6
8603,26.36,19.9180,198.4166,65.5027,0.5693,1.0e-04,,,3.5
8604,26.53,19.9653,183.2120,60.4402,0.5813,1.0e-04,,,3.5
8605,28.08,21.5405,211.5377,67.1125,0.5725,1.0e-04,,,3.5
8606,27.09,20.5835,212.6071,62.7865,0.5737,1.0e-04,,,3.5
8607,27.05,20.5801,199.2966,65.6667,0.5769,1.0e-04,,,3.5
8608,27.29,20.9814,208.2552,62.2500,0.5679,1.0e-04,,,3.5
8609,27.29,20.9702,193.2903,62.9844,0.5737,1.0e-04,,,3.5
8610,28.67,22.2651,167.1003,61.5000,0.5733,1.0e-04,27.54,0.38,3.5
8611,27.17,20.8027,191.9853,65.8385,0.5726,1.0e-04,,,6.1
8612,26.90,20.5098,201.8095,61.4714,0.5719,1.0e-04,,,3.5
8613,26.68,20.4731,180.7081,65.5408,0.5709,1.0e-04,,,3.5
8614,26.24,20.0244,181.2635,64.5761,0.5774,1.0e-04,,,3.5
8615,28.10,21.4277,170.3570,66.1675,0.5769,1.0e-04,,,3.5
8616,27.04,20.2598,216.1585,60.9661,0.5694,1.0e-04,,,3.6
8617,27.63,20.9771,194.0403,59.7135,0.5760,1.0e-04,,,6.1
8618,26.91,20.3794,191.4798,62.2188,0.5748,1.0e-04,,,3.5
8619,27.95,21.3369,185.4339,64.0350,0.5708,1.0e-04,,,3.5
8620,27.16,20.7617,178.0414,60.4740,0.5780,1.0e-04,28.06,0.43,3.5
8621,27.53,21.0034,186.9627,63.3698,0.5715,1.0e-04,,,3.5
8622,25.94,19.4878,187.4258,59.0353,0.5789,1.0e-04,,,3.5
8623,27.58,20.8691,161.2481,60.7552,0.5749,1.0e-04,,,3.5
8624,26.71,20.2080,173.2615,60.0489,0.5814,1.0e-04,,,3.5
8625,28.38,21.6470,186.4266,64.6675,0.5814,1.0e-04,,,3.5
8626,28.42,21.6870,183.7389,62.3250,0.5851,1.0e-04,,,3.6
8627,26.75,20.4595,174.3005,56.6196,0.5754,1.0e-04,,,3.5
8628,26.93,20.6885,168.2413,61.1354,0.5701,1.0e-04,,,3.5
8629,26.44,20.1943,178.2299,57.5707,0.5759,1.0e-04,,,3.5
8630,27.40,21.0391,192.4016,59.6745,0.5761,1.0e-04,27.67,0.43,3.5
8631,26.89,20.4268,191.6560,59.2011,0.5732,1.0e-04,,,3.5
8632,26.63,20.1357,164.5817,64.4538,0.5765,1.0e-04,,,3.5
8633,27.37,20.8589,193.6554,63.1953,0.5691,1.0e-04,,,3.5
8634,26.04,19.7686,197.3426,62.3696,0.5764,1.0e-04,,,5.2
8635,25.99,19.7646,195.3133,60.0082,0.5697,1.0e-04,,,3.5
8636,26.62,20.2578,177.9463,62.7663,0.5684,1.0e-04,,,3.5
8637,27.09,20.6055,184.1260,59.7188,0.5723,1.0e-04,,,3.6
8638,26.78,20.3403,196.3659,60.3288,0.5693,1.0e-04,,,3.5
8639,26.30,20.0112,192.2146,56.6060,0.5623,1.0e-04,,,3.5
8640,27.35,20.8608,163.9627,61.0391,0.5714,1.0e-04,27.95,0.46,3.6
8641,28.46,21.7437,189.5041,60.4500,0.5744,1.0e-04,,,3.6
8642,25.98,19.5503,178.9913,56.6630,0.5823,1.0e-04,,,3.5
8643,26.67,20.2280,184.3013,60.5462,0.5763,1.0e-04,,,3.5
8644,26.06,19.6562,176.8947,59.3043,0.5798,1.0e-04,,,3.5
8645,27.02,20.3208,165.6098,64.0130,0.5728,1.0e-04,,,3.5
8646,26.88,19.9849,215.2363,62.1576,0.5735,1.0e-04,,,3.5
8647,27.04,20.4468,225.7285,63.0625,0.5721,1.0e-04,,,3.5
8648,27.64,21.1406,167.1324,60.1562,0.5757,1.0e-04,,,3.5
8649,27.73,21.1333,188.9825,59.8255,0.5730,1.0e-04,,,3.5
8650,27.67,21.0747,195.4237,59.8490,0.5752,1.0e-04,27.62,0.47,3.5
8651,25.93,19.4912,177.2763,62.4022,0.5686,1.0e-04,,,3.5
8652,25.76,19.4146,194.7037,61.8551,0.5721,1.0e-04,,,3.5
8653,26.41,19.7935,210.8280,62.3370,0.5746,1.0e-04,,,3.5
8654,27.83,21.1982,179.0778,58.2109,0.5747,1.0e-04,,,3.5
8655,25.83,19.6406,189.5380,63.3409,0.5656,1.0e-04,,,3.5
8656,26.68,20.5376,201.1927,60.7826,0.5657,1.0e-04,,,6.1
8657,27.45,21.1299,178.6486,58.5807,0.5727,1.0e-04,,,3.6
8658,28.62,22.0410,171.0245,59.7175,0.5740,1.0e-04,,,3.5
8659,27.12,20.6348,186.3726,60.0599,0.5762,1.0e-04,,,6.1
8660,25.73,19.4985,181.6586,61.8097,0.5819,1.0e-04,27.70,0.40,3.5
8661,27.62,21.1714,180.9884,62.7500,0.5674,1.0e-04,,,3.6
8662,27.16,20.7847,170.7586,59.4297,0.5759,1.0e-04,,,3.6
8663,27.86,21.4194,190.1893,64.7839,0.5758,1.0e-04,,,6.1
8664,27.17,20.8882,180.7888,58.5885,0.5687,1.0e-04,,,3.6
8665,27.17,20.6592,165.7214,63.7318,0.5734,1.0e-04,,,3.5
8666,28.03,21.4067,201.3565,64.6925,0.5679,1.0e-04,,,3.6
8667,27.53,21.2764,179.5285,62.9297,0.5629,1.0e-04,,,3.5
8668,27.80,21.5688,173.9507,57.0521,0.5549,1.0e-04,,,3.5
8669,26.54,20.5605,204.0853,62.2120,0.5514,1.0e-04,,,3.5
8670,25.45,19.6289,175.6491,62.1023,0.5538,1.0e-04,26.73,0.33,3.5
8671,27.22,21.0361,188.9449,60.6927,0.5648,1.0e-04,,,3.5
8672,25.86,19.9028,203.2357,61.9119,0.5624,1.0e-04,,,3.5
8673,26.78,20.6362,194.3406,60.8587,0.5482,1.0e-04,,,3.5
8674,27.48,21.2319,176.8866,60.6354,0.5711,1.0e-04,,,3.5
8675,27.22,20.9575,180.8177,57.6302,0.5721,1.0e-04,,,3.5
8676,26.31,20.2041,169.0513,63.1087,0.5652,1.0e-04,,,3.5
8677,27.39,21.1113,155.4249,58.5078,0.5660,1.0e-04,,,3.5
8678,28.05,21.6919,173.9582,58.0700,0.5683,1.0e-04,,,3.6
8679,27.28,20.8804,175.9516,57.3307,0.5703,1.0e-04,,,3.6
8680,27.10,20.9624,178.0907,57.0365,0.5683,1.0e-04,27.25,0.30,3.5
8681,26.33,20.3545,176.3122,55.5272,0.5682,1.0e-04,,,3.5
8682,25.75,19.7310,163.7710,54.0511,0.5677,1.0e-04,,,3.5
8683,27.08,20.7769,183.0880,58.0573,0.5700,1.0e-04,,,3.5
8684,26.99,20.5796,181.3813,56.3255,0.5771,1.0e-04,,,3.5
8685,27.97,21.4893,188.8210,59.7550,0.5686,1.0e-04,,,3.5
8686,26.95,20.6426,169.9977,60.2474,0.5749,1.0e-04,,,3.5
8687,26.61,20.2832,169.8908,58.1739,0.5706,1.0e-04,,,3.5
8688,28.02,21.5854,175.3862,64.2675,0.5692,1.0e-04,,,3.5
8689,27.16,21.0576,179.5268,58.1927,0.5607,1.0e-04,,,3.5
8690,25.41,19.4043,184.8251,60.9858,0.5528,1.0e-04,26.29,0.29,3.5
8691,27.85,21.6816,188.4005,65.7370,0.5574,1.0e-04,,,3.5
8692,27.62,21.3828,191.6586,64.1484,0.5619,1.0e-04,,,3.5
8693,26.91,20.6899,200.0462,67.0272,0.5670,1.0e-04,,,3.5
8694,26.29,20.0796,212.3718,65.8533,0.5538,1.0e-04,,,3.5
8695,26.43,20.3472,196.4680,60.5978,0.5633,1.0e-04,,,3.5
8696,27.19,20.8872,207.3151,63.3385,0.5694,1.0e-04,,,3.5
8697,26.90,20.9360,202.2248,62.1929,0.5485,1.0e-04,,,3.5
8698,24.68,18.9727,194.1975,57.8452,0.5392,1.0e-04,,,6.0
8699,27.45,21.4287,187.1948,62.2135,0.5523,1.0e-04,,,3.5
8700,26.43,20.4863,202.1348,62.7147,0.5535,1.0e-04,27.07,0.34,3.5
8701,26.48,20.3774,210.5812,63.2962,0.5590,1.0e-04,,,3.5
8702,27.27,20.9014,191.0860,66.7292,0.5580,1.0e-04,,,3.6
8703,26.61,20.2144,205.9727,61.6005,0.5672,1.0e-04,,,3.5
8704,26.88,20.6118,196.6277,59.1033,0.5573,1.0e-04,,,3.5
8705,27.61,21.3647,202.8248,63.9167,0.5550,1.0e-04,,,3.6
8706,26.89,20.6987,176.0005,60.1901,0.5671,1.0e-04,,,3.6
8707,27.43,21.0190,185.3517,61.3490,0.5675,1.0e-04,,,3.6
8708,26.78,20.5098,208.5946,56.5679,0.5645,1.0e-04,,,3.5
8709,26.58,20.1665,168.4375,59.4130,0.5746,1.0e-04,,,3.5
8710,27.15,20.6250,165.9331,59.7552,0.5752,1.0e-04,28.44,0.42,3.5
8711,27.00,20.5630,176.9793,60.0547,0.5805,1.0e-04,,,3.5
8712,27.84,21.1831,176.9908,64.4089,0.5739,1.0e-04,,,3.5
8713,26.64,20.1724,172.9119,65.0897,0.5730,1.0e-04,,,3.5
8714,27.13,20.6528,185.7691,63.1198,0.5709,1.0e-04,,,3.5
8715,26.52,20.0693,200.2734,64.4674,0.5670,1.0e-04,,,3.5
8716,26.89,20.5664,195.8407,56.3234,0.5675,1.0e-04,,,3.5
8717,26.45,20.1836,177.3305,57.7717,0.5651,1.0e-04,,,3.5
8718,26.54,20.5166,178.3991,59.6277,0.5545,1.0e-04,,,3.5
8719,26.89,20.7676,211.5319,65.2201,0.5507,1.0e-04,,,3.5
8720,27.03,20.8643,178.6766,64.3750,0.5606,1.0e-04,27.55,0.37,3.5
8721,26.68,20.4141,194.1958,63.6712,0.5550,1.0e-04,,,3.5
8722,26.71,20.7446,196.5686,60.6549,0.5515,1.0e-04,,,3.5
8723,25.87,19.8247,200.3135,62.5856,0.5602,1.0e-04,,,3.5
8724,27.98,21.6929,197.2057,64.7750,0.5516,1.0e-04,,,3.6
8725,27.78,21.5859,196.6269,64.3203,0.5594,1.0e-04,,,3.6
8726,26.62,20.4624,179.7286,63.4158,0.5609,1.0e-04,,,3.5
8727,27.52,21.0166,173.8549,61.7083,0.5706,1.0e-04,,,3.5
8728,28.15,21.7129,195.0922,63.6475,0.5654,1.0e-04,,,3.5
8729,26.13,20.0249,236.6794,62.2989,0.5553,1.0e-04,,,3.5
8730,27.68,21.4741,190.5958,61.8880,0.5713,1.0e-04,28.10,0.35,3.5
8731,27.54,21.2983,201.1784,62.6172,0.5670,1.0e-04,,,3.5
8732,28.69,22.4126,184.7466,63.7525,0.5612,1.0e-04,,,3.5
8733,25.58,19.5918,201.1116,64.2926,0.5586,1.0e-04,,,3.5
8734,27.69,21.3066,187.8147,63.1328,0.5637,1.0e-04,,,3.8
8735,26.82,20.5239,202.2527,62.6902,0.5650,1.0e-04,,,3.5
8736,26.01,19.7969,200.6727,61.3261,0.5593,1.0e-04,,,3.5
8737,26.46,20.3330,218.6464,62.3424,0.5449,1.0e-04,,,3.5
8738,26.72,20.5801,224.3447,65.0380,0.5538,1.0e-04,,,3.5
8739,26.51,20.4077,221.9994,64.5272,0.5576,1.0e-04,,,3.5
8740,27.02,20.8052,206.0718,67.8906,0.5587,1.0e-04,28.54,0.44,3.5
8741,26.88,20.4351,205.7888,64.1495,0.5624,1.0e-04,,,3.5
8742,28.86,22.3628,207.5837,64.3100,0.5652,1.0e-04,,,4.0
8743,26.73,20.4170,197.0168,63.6712,0.5673,1.0e-04,,,3.5
8744,27.62,21.3169,208.2771,65.1953,0.5588,1.0e-04,,,3.5
8745,26.37,20.2319,219.3292,65.4592,0.5599,1.0e-04,,,3.5
8746,27.19,21.1055,209.1951,63.8958,0.5551,1.0e-04,,,3.5
8747,27.21,20.9639,193.6214,64.4870,0.5627,1.0e-04,,,3.5
8748,26.48,20.1426,203.6651,62.2908,0.5732,1.0e-04,,,3.5
8749,28.32,21.7222,189.3666,61.0125,0.5697,1.0e-04,,,3.5
8750,26.28,19.8413,193.9158,62.3995,0.5715,1.0e-04,28.39,0.49,3.5
8751,26.92,20.3301,204.1225,60.7745,0.5711,1.0e-04,,,3.5
8752,28.22,21.7012,206.4079,65.2275,0.5652,1.0e-04,,,3.5
8753,27.66,21.0830,196.5066,65.5990,0.5711,1.0e-04,,,3.5
8754,27.11,20.6904,177.5815,65.8750,0.5707,1.0e-04,,,3.7
8755,27.42,20.8740,210.4193,66.5964,0.5666,1.0e-04,,,3.5
8756,26.97,20.3833,184.8659,66.9401,0.5748,1.0e-04,,,3.5
8757,26.77,20.3364,209.9823,65.9728,0.5571,1.0e-04,,,3.5
8758,27.19,20.8423,180.8568,62.0885,0.5641,1.0e-04,,,3.5
8759,25.57,19.4575,177.4827,54.8182,0.5745,1.0e-04,,,3.5
8760,27.71,21.4019,181.3677,59.8698,0.5562,1.0e-04,28.52,0.40,3.5
8761,26.75,20.5527,195.0455,62.0897,0.5466,1.0e-04,,,8.2
8762,25.69,19.5688,179.1199,60.4602,0.5664,1.0e-04,,,3.5
8763,26.03,20.0371,168.6321,55.2011,0.5684,1.0e-04,,,3.5
8764,26.85,20.6108,174.8281,59.6087,0.5656,1.0e-04,,,3.5
8765,28.48,22.0547,171.6542,60.7300,0.5593,1.0e-04,,,3.5
8766,27.87,21.3804,189.0321,61.8856,0.5645,1.0e-04,,,3.5
8767,27.45,21.1938,187.5500,60.0182,0.5630,1.0e-04,,,3.6
8768,27.53,21.1646,189.3906,63.2578,0.5658,1.0e-04,,,3.6
8769,26.78,20.2578,177.4345,62.6685,0.5670,1.0e-04,,,3.5
8770,28.67,21.6782,175.5363,63.5150,0.5703,1.0e-04,27.66,0.51,3.6
8771,27.11,20.4746,193.1582,57.6406,0.5759,1.0e-04,,,3.6
8772,26.44,19.8560,199.6411,60.9810,0.5652,1.0e-04,,,3.5
8773,27.28,20.7021,189.1479,61.0052,0.5711,1.0e-04,,,3.6
8774,27.41,20.8486,186.6372,59.9062,0.5776,1.0e-04,,,3.5
8775,26.30,19.9844,203.5085,64.0815,0.5695,1.0e-04,,,3.5
8776,26.41,20.0776,187.2378,60.9239,0.5627,1.0e-04,,,3.5
8777,27.29,20.7026,197.1849,63.5417,0.5674,1.0e-04,,,3.5
8778,26.55,20.2168,177.6806,64.6902,0.5717,1.0e-04,,,3.5
8779,26.31,19.9233,216.5499,59.9293,0.5652,1.0e-04,,,3.5
8780,26.55,20.3589,207.5772,62.9837,0.5595,1.0e-04,27.19,0.34,3.5
8781,26.88,20.6714,194.8316,62.7690,0.5704,1.0e-04,,,3.5
8782,26.87,20.6411,183.8034,62.2474,0.5622,1.0e-04,,,3.5
8783,25.62,19.5547,198.5563,61.7756,0.5546,1.0e-04,,,3.5
8784,27.42,20.9639,193.0576,60.4245,0.5752,1.0e-04,,,3.5
8785,26.79,20.5039,170.1322,61.8016,0.5705,1.0e-04,,,3.5
8786,27.03,20.7529,191.9556,62.5573,0.5679,1.0e-04,,,3.5
8787,26.58,20.3628,202.0264,63.0516,0.5626,1.0e-04,,,3.5
8788,26.86,20.2827,212.3621,62.7038,0.5728,1.0e-04,,,3.5
8789,27.12,20.4253,198.6415,64.3906,0.5706,1.0e-04,,,3.5
8790,26.81,20.0923,180.6935,66.5842,0.5666,1.0e-04,27.19,0.59,3.5
8791,27.28,20.2783,223.4986,59.7109,0.5706,1.0e-04,,,3.5
8792,28.11,21.1465,184.1024,63.5525,0.5796,1.0e-04,,,3.5
8793,28.00,21.2310,197.3285,63.1175,0.5709,1.0e-04,,,3.5
8794,27.97,21.1362,214.9682,65.5525,0.5697,1.0e-04,,,3.5
8795,28.73,21.7925,222.9328,69.7200,0.5718,1.0e-04,,,3.5
8796,26.33,19.8501,217.3653,62.0217,0.5745,1.0e-04,,,3.5
8797,25.89,19.6504,190.1025,59.7962,0.5751,1.0e-04,,,3.5
8798,26.89,20.4985,182.7236,61.6984,0.5766,1.0e-04,,,3.5
8799,26.97,20.2744,172.3439,58.7031,0.5830,1.0e-04,,,3.5
8800,26.84,20.3267,187.2173,62.7446,0.5727,1.0e-04,27.38,0.49,3.5
8801,27.17,20.4766,168.7425,65.0599,0.5783,1.0e-04,,,3.5
8802,27.50,20.7700,185.3158,58.4349,0.5765,1.0e-04,,,3.5
8803,26.97,20.3359,196.4935,66.6016,0.5729,1.0e-04,,,3.5
8804,27.79,20.9146,207.7395,61.4531,0.5741,1.0e-04,,,3.5
8805,27.51,20.6680,183.3730,59.9948,0.5736,1.0e-04,,,3.5
8806,27.17,20.3428,198.7855,62.6510,0.5740,1.0e-04,,,3.5
8807,28.62,21.5444,175.7466,62.8725,0.5764,1.0e-04,,,3.6
8808,26.33,19.5854,176.5451,61.0924,0.5786,1.0e-04,,,3.5
8809,26.99,20.1592,203.4574,62.4609,0.5788,1.0e-04,,,3.5
8810,27.51,20.7168,176.4680,58.7891,0.5732,1.0e-04,27.89,0.44,3.5
8811,26.91,20.5215,182.7405,56.9062,0.5757,1.0e-04,,,3.5
8812,26.95,20.5532,182.9038,61.1797,0.5746,1.0e-04,,,3.5
8813,27.09,20.7871,192.2382,62.0990,0.5651,1.0e-04,,,6.0
8814,27.45,21.0625,196.0341,66.9505,0.5704,1.0e-04,,,3.5
8815,26.11,19.8159,187.8401,59.1060,0.5739,1.0e-04,,,3.5
8816,26.77,20.5713,176.4554,65.8261,0.5632,1.0e-04,,,3.5
8817,26.65,20.3262,210.7632,64.9837,0.5643,1.0e-04,,,3.5
8818,27.25,20.8799,207.4088,64.8047,0.5715,1.0e-04,,,3.5
8819,28.21,21.6611,199.9725,61.4100,0.5707,1.0e-04,,,3.6
8820,27.70,21.1064,196.9824,62.7969,0.5716,1.0e-04,27.81,0.45,3.6
8821,26.49,20.0845,177.7073,61.1739,0.5798,1.0e-04,,,5.2
8822,26.99,20.6758,194.9218,62.7500,0.5722,1.0e-04,,,3.6
8823,27.02,20.6626,193.8284,62.7448,0.5627,1.0e-04,,,3.6
8824,27.89,21.4971,194.0879,63.4089,0.5639,1.0e-04,,,3.6
8825,27.45,21.1362,176.5981,58.2318,0.5765,1.0e-04,,,3.5
8826,27.61,20.9780,183.5033,60.0547,0.5792,1.0e-04,,,3.5
8827,28.27,21.4556,193.1549,63.4175,0.5714,1.0e-04,,,3.6
8828,26.43,19.8687,177.2480,60.3804,0.5763,1.0e-04,,,3.5
8829,27.26,20.4219,170.2568,63.1484,0.5791,1.0e-04,,,3.5
8830,27.42,20.4897,219.8624,63.7682,0.5645,1.0e-04,27.30,0.53,3.5
8831,27.62,20.7505,196.1948,58.8438,0.5718,1.0e-04,,,3.5
8832,27.52,20.5176,196.3503,62.4115,0.5778,1.0e-04,,,3.5
8833,27.77,20.9609,170.8956,61.5286,0.5754,1.0e-04,,,3.5
8834,28.64,21.6152,180.2738,60.3050,0.5747,1.0e-04,,,3.5
8835,27.07,20.3745,176.5649,63.2396,0.5710,1.0e-04,,,3.5
8836,27.82,20.8149,196.4438,63.0729,0.5749,1.0e-04,,,3.5
8837,28.06,21.1694,202.1605,64.0625,0.5745,1.0e-04,,,3.5
8838,26.60,19.9106,210.0069,60.0353,0.5736,1.0e-04,,,3.5
8839,26.74,20.1240,176.7080,61.0163,0.5787,1.0e-04,,,3.6
8840,26.89,20.1943,180.5072,62.0054,0.5782,1.0e-04,27.29,0.54,3.6
8841,26.27,19.6270,186.9459,60.7853,0.5851,1.0e-04,,,3.5
8842,25.80,19.4365,173.6356,60.8068,0.5839,1.0e-04,,,3.5
8843,26.98,20.3037,193.9381,61.6901,0.5819,1.0e-04,,,3.6
8844,26.63,19.9702,180.3640,60.0652,0.5778,1.0e-04,,,3.5
8845,26.13,19.5889,187.9427,63.5761,0.5722,1.0e-04,,,3.5
8846,27.11,20.7451,235.2670,63.1016,0.5710,1.0e-04,,,3.5
8847,26.48,20.2153,189.1066,60.3668,0.5773,1.0e-04,,,3.5
8848,26.82,20.3882,195.1000,61.9592,0.5759,1.0e-04,,,3.5
8849,27.16,20.6997,179.8209,58.2969,0.5722,1.0e-04,,,3.5
8850,27.70,21.3071,185.6731,67.0104,0.5590,1.0e-04,26.46,0.30,3.5
8851,26.74,20.6582,193.6756,63.7283,0.5618,1.0e-04,,,3.5
8852,27.00,20.7817,177.9360,59.8151,0.5720,1.0e-04,,,3.5
8853,26.61,20.3789,173.0465,59.7663,0.5611,1.0e-04,,,3.5
8854,26.76,20.6021,184.0503,62.0951,0.5617,1.0e-04,,,3.5
8855,27.62,21.4521,185.0179,64.8724,0.5501,1.0e-04,,,5.1
8856,28.15,21.7837,186.8677,62.3650,0.5612,1.0e-04,,,3.5
8857,26.74,20.3633,200.0694,64.2011,0.5704,1.0e-04,,,3.5
8858,25.74,19.3359,194.0769,60.0881,0.5751,1.0e-04,,,3.5
8859,26.96,20.5039,195.3143,64.8490,0.5686,1.0e-04,,,3.5
8860,27.81,21.2793,170.9618,62.3906,0.5660,1.0e-04,27.46,0.34,3.6
8861,26.69,20.4927,210.0014,63.2446,0.5581,1.0e-04,,,3.5
8862,27.66,21.3574,183.6700,64.6328,0.5632,1.0e-04,,,3.6
8863,27.18,20.9546,188.8076,58.1641,0.5621,1.0e-04,,,3.6
8864,26.45,19.9458,205.9586,60.3071,0.5714,1.0e-04,,,3.5
8865,27.12,20.4849,186.4258,60.6927,0.5693,1.0e-04,,,3.6
8866,26.16,19.7817,181.3238,61.5272,0.5603,1.0e-04,,,3.5
8867,27.29,20.5962,190.8365,58.5885,0.5784,1.0e-04,,,3.6
8868,26.43,19.6440,181.9132,57.9918,0.5679,1.0e-04,,,3.5
8869,27.93,20.9580,194.9999,61.7581,0.5684,1.0e-04,,,3.6
8870,27.44,20.4966,189.9106,62.5078,0.5723,1.0e-04,27.92,0.53,3.6
8871,27.19,20.3901,177.1823,60.9297,0.5758,1.0e-04,,,3.5
8872,25.87,19.3408,182.1247,58.8068,0.5761,1.0e-04,,,3.5
8873,26.63,20.0015,189.8018,57.1522,0.5708,1.0e-04,,,3.5
8874,26.64,20.2915,207.0344,64.7527,0.5655,1.0e-04,,,6.0
8875,26.52,20.2378,186.3161,62.8043,0.5633,1.0e-04,,,3.5
8876,27.96,21.6089,210.6207,64.9825,0.5664,1.0e-04,,,3.5
8877,27.54,20.8306,188.8665,60.6510,0.5699,1.0e-04,,,3.5
8878,28.26,21.6235,204.4480,60.1275,0.5654,1.0e-04,,,3.5
8879,26.63,20.2095,203.8639,60.4837,0.5657,1.0e-04,,,3.5
8880,26.84,20.4692,205.7818,59.3071,0.5760,1.0e-04,28.27,0.42,3.5
8881,26.77,20.4131,188.8031,60.8342,0.5673,1.0e-04,,,3.5
8882,26.22,20.2710,169.1668,60.2038,0.5540,1.0e-04,,,3.5
8883,26.32,20.2695,185.9645,58.0951,0.5616,1.0e-04,,,3.5
8884,27.04,20.8740,192.3998,59.9688,0.5628,1.0e-04,,,3.5
8885,26.55,20.5024,177.6050,58.8587,0.5611,1.0e-04,,,3.5
8886,27.01,20.7002,172.9728,58.5104,0.5606,1.0e-04,,,3.5
8887,25.93,19.9287,170.8455,59.3505,0.5680,1.0e-04,,,3.5
8888,27.32,21.0068,179.8919,60.7083,0.5744,1.0e-04,,,3.5
8889,27.12,20.6289,190.1370,61.5286,0.5672,1.0e-04,,,3.5
8890,26.87,20.5376,187.7697,62.7147,0.5660,1.0e-04,27.62,0.48,3.5
8891,27.30,20.6108,185.0272,60.5365,0.5733,1.0e-04,,,3.5
8892,27.65,21.2974,194.9492,64.6510,0.5639,1.0e-04,,,6.1
8893,27.38,21.1831,196.5270,64.5990,0.5539,1.0e-04,,,3.5
8894,28.06,22.0083,205.3420,60.3725,0.5603,1.0e-04,,,3.6
8895,26.41,20.3447,217.5606,59.8071,0.5663,1.0e-04,,,3.5
8896,27.19,20.8032,203.5406,65.3255,0.5741,1.0e-04,,,3.5
8897,26.04,19.6777,199.3314,59.4728,0.5709,1.0e-04,,,3.5
8898,26.62,20.2285,218.1404,63.1712,0.5647,1.0e-04,,,3.5
8899,26.46,20.0049,195.8465,58.9049,0.5733,1.0e-04,,,3.5
8900,27.31,20.8569,207.0220,62.8333,0.5752,1.0e-04,27.74,0.38,3.5
8901,27.23,20.9766,196.7755,60.5781,0.5619,1.0e-04,,,3.5
8902,26.22,19.8618,204.2294,56.9728,0.5692,1.0e-04,,,3.5
8903,29.16,22.3350,167.5796,60.6178,0.5740,1.0e-04,,,3.5
8904,25.40,18.8755,168.4607,52.2017,0.5799,1.0e-04,,,5.1
8905,27.29,20.6587,182.9376,62.2448,0.5699,1.0e-04,,,3.5
8906,27.86,21.2729,186.7374,61.2734,0.5708,1.0e-04,,,3.6
8907,27.20,20.5229,196.6592,62.3880,0.5688,1.0e-04,,,3.6
8908,27.91,21.0288,160.6377,56.7475,0.5736,1.0e-04,,,3.5
8909,26.44,19.6860,194.7901,60.7228,0.5707,1.0e-04,,,3.5
8910,27.00,20.1147,189.7440,61.3438,0.5706,1.0e-04,27.89,0.51,3.5
8911,26.05,19.4219,184.7117,59.8668,0.5696,1.0e-04,,,3.5
8912,27.36,20.5713,180.6980,61.5104,0.5639,1.0e-04,,,3.5
8913,27.41,20.4922,195.7036,61.9505,0.5699,1.0e-04,,,3.5
8914,27.34,20.3882,197.0695,62.6641,0.5748,1.0e-04,,,3.5
8915,27.69,20.8911,187.0392,60.6927,0.5783,1.0e-04,,,3.5
8916,27.78,20.9072,174.2073,61.3411,0.5750,1.0e-04,,,3.5
8917,28.90,21.7188,166.1556,60.7150,0.5717,1.0e-04,,,3.5
8918,27.37,20.2681,183.3794,65.1797,0.5795,1.0e-04,,,3.5
8919,26.73,19.7998,211.5223,62.4728,0.5777,1.0e-04,,,3.5
8920,26.65,19.6919,175.1207,57.9049,0.5782,1.0e-04,28.00,0.59,3.5
8921,26.54,19.7217,168.4059,60.5652,0.5767,1.0e-04,,,3.5
8922,27.68,20.5298,168.0997,55.5807,0.5796,1.0e-04,,,3.5
8923,27.67,20.5522,180.9066,61.2786,0.5691,1.0e-04,,,3.5
8924,28.34,21.1284,168.7216,62.3300,0.5773,1.0e-04,,,3.5
8925,26.41,19.6299,184.3936,58.8125,0.5781,1.0e-04,,,3.5
8926,26.46,19.7988,181.2730,63.5054,0.5779,1.0e-04,,,3.5
8927,26.57,20.1079,195.6727,61.1495,0.5681,1.0e-04,,,3.5
8928,27.33,20.7275,170.0145,64.7917,0.5710,1.0e-04,,,3.5
8929,27.88,21.1118,176.2195,59.8698,0.5743,1.0e-04,,,3.5
8930,26.03,19.5063,201.1827,60.2310,0.5737,1.0e-04,28.20,0.46,3.5
8931,26.65,20.2109,176.8457,59.5109,0.5761,1.0e-04,,,3.5
8932,25.84,19.3657,197.7215,56.1960,0.5791,1.0e-04,,,3.5
8933,27.39,20.7617,171.2770,61.7812,0.5797,1.0e-04,,,3.6
8934,28.03,21.3145,159.1216,60.4800,0.5766,1.0e-04,,,3.6
8935,26.79,20.3931,174.4352,61.3397,0.5776,1.0e-04,,,3.5
8936,26.17,19.7534,176.1024,55.4674,0.5765,1.0e-04,,,3.5
8937,27.24,20.6519,187.2143,59.7682,0.5789,1.0e-04,,,3.5
8938,27.63,21.1084,171.2884,59.6484,0.5789,1.0e-04,,,3.5
8939,26.59,20.0864,201.2766,59.5679,0.5755,1.0e-04,,,3.5
8940,27.76,20.9565,200.1174,63.3854,0.5746,1.0e-04,28.38,0.45,3.5
8941,27.71,21.0283,187.2296,63.1354,0.5769,1.0e-04,,,3.5
8942,26.33,19.8184,166.7243,58.9130,0.5817,1.0e-04,,,3.5
8943,27.59,20.9600,161.4922,61.8177,0.5806,1.0e-04,,,3.5
8944,26.68,20.0703,179.3060,58.2880,0.5792,1.0e-04,,,3.5
8945,26.78,20.1318,187.5469,62.5625,0.5785,1.0e-04,,,3.5
8946,27.20,20.4448,179.9427,61.6094,0.5769,1.0e-04,,,3.5
8947,25.98,19.3828,177.1979,59.6359,0.5827,1.0e-04,,,3.5
8948,26.99,20.4023,187.4659,61.4818,0.5846,1.0e-04,,,3.5
8949,27.58,20.8911,182.2849,59.0391,0.5890,1.0e-04,,,3.5
8950,27.16,20.1504,194.3848,60.0052,0.5783,1.0e-04,27.86,0.64,3.5
8951,27.63,20.4224,170.6920,56.7578,0.5825,1.0e-04,,,3.5
8952,27.11,20.2227,179.5612,61.9948,0.5770,1.0e-04,,,3.5
8953,27.25,20.3022,161.3526,63.3568,0.5765,1.0e-04,,,3.6
8954,26.59,19.9556,154.1282,56.7799,0.5825,1.0e-04,,,3.5
8955,27.74,20.9092,174.1563,61.0469,0.5787,1.0e-04,,,3.6
8956,27.05,20.2148,175.3983,58.4427,0.5822,1.0e-04,,,3.6
8957,29.05,21.6553,180.8481,60.2332,0.5796,1.0e-04,,,3.6
8958,26.30,19.4243,184.5550,58.6114,0.5811,1.0e-04,,,3.5
8959,26.63,19.8521,181.0768,58.5163,0.5799,1.0e-04,,,3.5
8960,27.46,20.5610,189.1420,61.4870,0.5795,1.0e-04,28.02,0.57,3.6
8961,26.98,20.0713,180.3333,55.6589,0.5800,1.0e-04,,,3.5
8962,25.78,19.2109,164.3532,56.6903,0.5810,1.0e-04,,,3.5
8963,26.94,20.2783,162.7238,53.6458,0.5827,1.0e-04,,,3.5
8964,27.30,20.7383,168.1501,61.4245,0.5736,1.0e-04,,,3.5
8965,26.20,19.6909,168.9287,61.0027,0.5837,1.0e-04,,,3.5
8966,26.64,20.1147,164.3235,58.0707,0.5774,1.0e-04,,,3.5
8967,26.49,20.0176,158.8981,57.8478,0.5829,1.0e-04,,,3.5
8968,25.51,19.1143,174.1802,58.9290,0.5793,1.0e-04,,,3.5
8969,26.95,20.8223,190.4892,61.7161,0.5735,1.0e-04,,,3.5
8970,26.16,20.2646,203.5223,64.0435,0.5561,1.0e-04,26.30,0.32,3.5
8971,25.99,20.0146,203.1446,59.0842,0.5613,1.0e-04,,,3.5
8972,26.59,20.6123,187.5776,59.5027,0.5491,1.0e-04,,,3.5
8973,26.59,20.5293,187.5848,55.2717,0.5670,1.0e-04,,,3.5
8974,26.72,20.6548,177.5477,60.3913,0.5671,1.0e-04,,,3.5
8975,28.16,21.9785,192.3550,62.4225,0.5665,1.0e-04,,,3.5
8976,26.19,20.0117,189.7456,65.6957,0.5701,1.0e-04,,,3.5
8977,26.28,20.0493,186.7295,64.0190,0.5678,1.0e-04,,,3.5
8978,27.05,20.6528,188.3126,66.6172,0.5691,1.0e-04,,,3.6
8979,25.80,19.4102,186.7317,60.8267,0.5793,1.0e-04,,,3.5
8980,26.48,19.7871,173.8870,64.1984,0.5778,1.0e-04,27.43,0.58,3.5
8981,26.27,19.4927,189.7647,62.7908,0.5751,1.0e-04,,,3.5
8982,26.98,20.1094,189.2282,60.8307,0.5800,1.0e-04,,,3.5
8983,25.29,18.6016,210.7874,60.4062,0.5704,1.0e-04,,,3.5
8984,26.99,19.8984,168.9499,58.7812,0.5784,1.0e-04,,,3.5
8985,26.98,20.0029,170.7070,57.7083,0.5745,1.0e-04,,,3.5
8986,27.91,20.6860,151.5923,60.5550,0.5660,1.0e-04,,,3.5
8987,28.14,20.9971,153.7927,62.3775,0.5690,1.0e-04,,,3.5
8988,25.16,18.3369,175.7515,57.7926,0.5700,1.0e-04,,,3.5
8989,27.36,20.4146,164.7487,59.5859,0.5736,1.0e-04,,,3.5
8990,27.48,20.6641,178.9157,62.3984,0.5752,1.0e-04,27.87,0.56,3.5
8991,27.49,20.5322,168.4603,60.3516,0.5758,1.0e-04,,,3.5
8992,27.89,20.9238,179.9687,62.0339,0.5769,1.0e-04,,,3.5
8993,28.37,21.6299,165.1865,61.0350,0.5786,1.0e-04,,,3.6
8994,25.33,19.0264,189.8240,56.3807,0.5750,1.0e-04,,,3.5
8995,27.29,20.8252,168.8584,62.6927,0.5746,1.0e-04,,,3.5
8996,26.69,20.1323,161.8271,62.5163,0.5852,1.0e-04,,,3.5
8997,27.09,20.4976,170.7169,62.0521,0.5844,1.0e-04,,,3.5
8998,27.03,20.3765,184.0563,63.2760,0.5870,1.0e-04,,,3.5
8999,27.93,21.3682,177.7596,65.6200,0.5818,1.0e-04,,,3.6
9000,26.98,20.5859,183.6710,62.8854,0.5783,1.0e-04,27.56,0.43,3.6
9001,26.25,19.9292,190.5039,60.8098,0.5745,1.0e-04,,,3.5
9002,27.01,20.4980,189.0082,60.1875,0.5841,1.0e-04,,,3.6
9003,27.11,20.6196,200.7588,67.8359,0.5767,1.0e-04,,,3.6
9004,27.97,21.4468,177.7030,68.1800,0.5802,1.0e-04,,,3.6
9005,27.87,21.5098,182.2836,64.8177,0.5839,1.0e-04,,,3.6
9006,26.06,19.9131,173.2461,61.4429,0.5757,1.0e-04,,,3.5
9007,26.17,19.8257,177.2391,62.8478,0.5715,1.0e-04,,,3.5
9008,27.03,20.6382,193.8839,63.3438,0.5741,1.0e-04,,,3.5
9009,26.50,20.1958,185.8674,62.8342,0.5688,1.0e-04,,,3.5
9010,26.65,20.4741,199.7249,65.8424,0.5709,1.0e-04,27.51,0.42,3.5
9011,27.91,21.3135,187.9070,62.2552,0.5640,1.0e-04,,,3.5
9012,26.71,20.3789,197.7415,63.5978,0.5633,1.0e-04,,,3.5
9013,28.37,21.8350,189.1010,65.6675,0.5714,1.0e-04,,,3.5
9014,26.99,20.6660,208.5875,66.0312,0.5762,1.0e-04,,,3.5
9015,25.43,19.2388,187.5475,60.9432,0.5754,1.0e-04,,,3.5
9016,26.98,20.6309,182.2552,64.2526,0.5723,1.0e-04,,,3.5
9017,28.53,22.1279,195.6341,68.6850,0.5674,1.0e-04,,,3.5
9018,26.14,20.0366,202.8309,62.6522,0.5604,1.0e-04,,,3.5
9019,26.61,20.5454,179.2990,59.1495,0.5597,1.0e-04,,,3.5
9020,28.71,21.9478,184.1513,62.8825,0.5747,1.0e-04,28.01,0.42,3.5
9021,27.00,20.5933,184.2991,60.4870,0.5709,1.0e-04,,,3.5
9022,26.71,20.1899,208.2578,61.5679,0.5709,1.0e-04,,,3.5
9023,27.24,20.9106,183.0705,60.3568,0.5698,1.0e-04,,,3.6
9024,27.20,20.6924,184.6561,60.1823,0.5767,1.0e-04,,,3.6
9025,26.86,20.3223,178.7295,60.7554,0.5796,1.0e-04,,,3.5
9026,26.63,20.2202,187.2457,59.1440,0.5582,1.0e-04,,,3.5
9027,27.38,20.9780,176.6025,62.8359,0.5689,1.0e-04,,,3.6
9028,26.58,20.2817,194.6326,60.5625,0.5708,1.0e-04,,,3.5
9029,27.76,21.4653,193.0696,62.5781,0.5579,1.0e-04,,,3.6
9030,26.76,20.4194,188.3065,64.3478,0.5662,1.0e-04,28.54,0.41,3.5
9031,25.89,19.6138,199.0362,58.4864,0.5731,1.0e-04,,,3.5
9032,27.16,20.7788,177.9700,61.4115,0.5631,1.0e-04,,,3.6
9033,26.61,20.4038,172.1748,59.4620,0.5723,1.0e-04,,,3.5
9034,27.85,21.4312,177.9215,57.9714,0.5700,1.0e-04,,,3.6
9035,26.30,20.1030,174.8402,54.3261,0.5687,1.0e-04,,,3.5
9036,27.70,21.0420,162.5762,60.2526,0.5695,1.0e-04,,,3.5
9037,26.17,19.7368,173.9174,62.4918,0.5649,1.0e-04,,,3.5
9038,26.86,20.3589,188.4458,61.8315,0.5739,1.0e-04,,,3.5
9039,26.94,20.4570,187.5462,61.0573,0.5625,1.0e-04,,,3.5
9040,26.31,19.9775,181.7568,61.5489,0.5611,1.0e-04,27.42,0.35,3.5
9041,26.37,20.2114,178.8933,57.3451,0.5648,1.0e-04,,,3.5
9042,27.19,20.9082,184.8990,56.7448,0.5664,1.0e-04,,,3.5
9043,26.44,20.4736,179.0706,57.9728,0.5529,1.0e-04,,,3.5
9044,26.54,20.4033,164.9984,60.8533,0.5715,1.0e-04,,,3.5
9045,27.27,21.0737,173.9023,58.9505,0.5604,1.0e-04,,,3.5
9046,26.05,20.2075,182.8993,60.7092,0.5568,1.0e-04,,,3.5
9047,27.44,21.1797,165.7254,61.2917,0.5576,1.0e-04,,,3.5
9048,27.00,20.6938,175.1921,60.3464,0.5630,1.0e-04,,,3.5
9049,27.89,21.5151,162.3063,58.3828,0.5696,1.0e-04,,,3.5
9050,27.56,21.1655,190.5452,60.0677,0.5665,1.0e-04,27.75,0.43,3.5
9051,27.37,20.9624,181.4515,62.2344,0.5606,1.0e-04,,,3.5
9052,27.19,20.5405,174.2808,61.3802,0.5704,1.0e-04,,,3.5
9053,26.97,20.1699,173.4580,62.2865,0.5709,1.0e-04,,,3.5
9054,28.11,21.0713,193.5965,60.8925,0.5666,1.0e-04,,,3.6
9055,28.97,22.0952,186.8086,66.6755,0.5675,1.0e-04,,,3.6
9056,27.29,20.6274,179.9357,62.9531,0.5693,1.0e-04,,,3.6
9057,26.52,19.9595,174.2579,63.5462,0.5717,1.0e-04,,,3.5
9058,27.51,20.9150,187.3541,62.4167,0.5651,1.0e-04,,,3.6
9059,28.31,21.4243,167.4782,64.1900,0.5737,1.0e-04,,,3.6
9060,26.40,19.8867,180.0018,59.8451,0.5807,1.0e-04,27.81,0.49,3.5
9061,27.68,20.8623,183.7479,61.9557,0.5777,1.0e-04,,,3.5
9062,26.35,19.9731,192.1733,61.5380,0.5788,1.0e-04,,,3.5
9063,27.85,21.0449,185.2178,65.3620,0.5737,1.0e-04,,,3.5
9064,26.26,19.8687,206.2373,62.9375,0.5700,1.0e-04,,,3.5
9065,26.83,20.5083,190.1671,59.6196,0.5758,1.0e-04,,,3.5
9066,27.46,20.8662,198.3830,63.9193,0.5825,1.0e-04,,,3.5
9067,26.14,19.6826,197.8638,62.6902,0.5687,1.0e-04,,,3.5
9068,27.87,21.1396,187.4891,62.4427,0.5764,1.0e-04,,,3.5
9069,26.82,20.2109,173.5193,60.6929,0.5723,1.0e-04,,,3.5
9070,28.64,21.5752,176.2620,60.8575,0.5780,1.0e-04,27.66,0.49,3.5
9071,27.13,20.5117,185.1444,60.9557,0.5757,1.0e-04,,,3.5
9072,26.86,20.3271,201.6121,61.7826,0.5689,1.0e-04,,,3.5
9073,27.21,20.4282,173.3385,65.5781,0.5721,1.0e-04,,,3.6
9074,28.79,21.8003,181.7687,66.4500,0.5693,1.0e-04,,,3.6
9075,26.93,20.4180,175.8986,60.0286,0.5790,1.0e-04,,,3.6
9076,26.33,19.8896,192.9031,59.8071,0.5813,1.0e-04,,,3.6
9077,27.67,20.9126,178.6778,61.2526,0.5727,1.0e-04,,,3.6
9078,27.76,21.0625,189.9918,63.0990,0.5705,1.0e-04,,,3.6
9079,26.54,20.1650,227.9242,61.7310,0.5705,1.0e-04,,,3.5
9080,26.77,20.2109,167.5728,61.4701,0.5722,1.0e-04,27.28,0.42,3.5
9081,26.97,20.5630,172.7387,62.2995,0.5713,1.0e-04,,,3.5
9082,26.84,20.6025,187.6834,60.9185,0.5680,1.0e-04,,,3.5
9083,27.55,21.1245,181.6590,61.9453,0.5684,1.0e-04,,,3.5
9084,25.37,19.1514,162.9873,58.3693,0.5703,1.0e-04,,,3.5
9085,27.40,20.7803,187.1935,59.7083,0.5708,1.0e-04,,,3.5
9086,26.80,20.2559,173.3322,60.5380,0.5778,1.0e-04,,,3.5
9087,27.28,20.6362,184.9706,62.0521,0.5695,1.0e-04,,,3.5
9088,26.97,20.3374,166.4569,59.4922,0.5783,1.0e-04,,,3.5
9089,27.36,20.7109,178.5343,58.6068,0.5716,1.0e-04,,,3.5
9090,26.79,20.0806,179.2243,57.4402,0.5758,1.0e-04,28.03,0.50,3.5
9091,26.75,20.0547,160.7686,59.0136,0.5791,1.0e-04,,,3.5
9092,27.46,20.6670,166.3216,64.2969,0.5813,1.0e-04,,,3.5
9093,26.62,20.0513,182.1646,59.0516,0.5803,1.0e-04,,,3.5
9094,27.62,20.7783,179.0809,60.7682,0.5784,1.0e-04,,,3.5
9095,26.58,19.9780,159.5217,59.0978,0.5676,1.0e-04,,,3.5
9096,27.27,20.5708,174.1248,60.2109,0.5776,1.0e-04,,,3.6
9097,27.17,20.4878,178.4349,59.8359,0.5770,1.0e-04,,,3.6
9098,26.87,20.2910,163.7756,58.3207,0.5772,1.0e-04,,,3.6
9099,26.88,20.3296,161.4777,60.7656,0.5784,1.0e-04,,,3.6
9100,27.20,20.8037,178.4812,62.5443,0.5684,1.0e-04,27.50,0.46,3.6
9101,27.23,20.6592,172.5914,60.9193,0.5857,1.0e-04,,,3.6
9102,27.28,20.5342,160.9017,60.8125,0.5784,1.0e-04,,,3.5
9103,27.31,20.5703,193.7059,59.9089,0.5827,1.0e-04,,,3.6
9104,26.54,20.0801,200.1946,63.1522,0.5811,1.0e-04,,,3.5
9105,26.96,20.3486,197.1469,63.2370,0.5812,1.0e-04,,,3.5
9106,26.26,20.0093,205.1239,62.6984,0.5779,1.0e-04,,,3.5
9107,25.74,19.4175,195.2787,63.1023,0.5700,1.0e-04,,,3.5
9108,26.61,20.0547,178.2308,56.9457,0.5824,1.0e-04,,,3.5
9109,26.55,19.8066,209.2730,64.8614,0.5845,1.0e-04,,,3.5
9110,26.60,19.9067,182.6007,62.3179,0.5783,1.0e-04,27.79,0.51,3.5
9111,25.98,19.4180,176.4163,60.2500,0.5831,1.0e-04,,,3.5
9112,27.27,20.6914,166.1354,59.1042,0.5759,1.0e-04,,,3.5
9113,27.02,20.6401,182.0855,55.5156,0.5765,1.0e-04,,,3.5
9114,27.72,21.3159,179.0708,60.3828,0.5751,1.0e-04,,,3.5
9115,25.69,19.4731,195.7190,58.1449,0.5747,1.0e-04,,,3.5
9116,27.59,20.8848,172.4797,60.1120,0.5812,1.0e-04,,,3.5
9117,27.07,20.6611,177.8331,60.4844,0.5793,1.0e-04,,,3.5
9118,26.57,20.5239,191.2223,61.7826,0.5741,1.0e-04,,,3.5
9119,27.79,21.5420,199.5109,61.5755,0.5657,1.0e-04,,,3.5
9120,26.85,20.6768,212.2518,66.5462,0.5692,1.0e-04,26.30,0.29,3.5
9121,26.99,21.1050,216.8852,65.4245,0.5544,1.0e-04,,,3.5
9122,27.01,20.9282,209.4557,60.2500,0.5682,1.0e-04,,,3.6
9123,26.78,20.7402,216.2820,65.6495,0.5511,1.0e-04,,,3.5
9124,27.54,21.2700,185.3744,62.7786,0.5724,1.0e-04,,,3.6
9125,28.08,21.7935,200.1263,68.1525,0.5514,1.0e-04,,,3.6
9126,27.76,21.2671,206.3601,65.2943,0.5630,1.0e-04,,,3.6
9127,28.31,21.8979,182.5670,62.0850,0.5590,1.0e-04,,,3.6
9128,26.42,20.4976,201.8690,60.9239,0.5445,1.0e-04,,,3.5
9129,27.14,21.1758,184.0696,58.9974,0.5522,1.0e-04,,,3.5
9130,27.26,21.2778,218.5510,63.8542,0.5419,1.0e-04,26.51,0.30,3.5
9131,26.99,20.9536,198.3691,59.9167,0.5521,1.0e-04,,,3.5
9132,25.45,19.6777,219.7539,56.2784,0.5461,1.0e-04,,,3.5
9133,26.88,20.8491,181.0252,62.5543,0.5511,1.0e-04,,,3.5
9134,27.66,21.3770,212.0537,61.0703,0.5498,1.0e-04,,,3.5
9135,27.06,20.7891,189.0619,61.2318,0.5548,1.0e-04,,,3.5
9136,27.20,20.9619,184.2645,61.1276,0.5528,1.0e-04,,,3.5
9137,26.96,20.7720,201.9698,63.6302,0.5543,1.0e-04,,,3.5
9138,27.55,21.1006,185.3464,57.3542,0.5661,1.0e-04,,,3.5
9139,25.98,19.4146,192.3265,57.3261,0.5749,1.0e-04,,,3.5
9140,27.27,20.5332,188.1554,64.1484,0.5734,1.0e-04,27.40,0.50,3.5
9141,26.36,19.8008,187.3322,56.1304,0.5773,1.0e-04,,,3.5
9142,27.96,21.2095,194.5230,60.1550,0.5764,1.0e-04,,,3.5
9143,26.75,20.1040,175.0434,56.3832,0.5766,1.0e-04,,,3.5
9144,26.50,19.8877,184.1375,63.3071,0.5736,1.0e-04,,,3.5
9145,26.33,19.7402,191.4890,64.5353,0.5780,1.0e-04,,,3.5
9146,26.57,20.1040,179.4296,56.4212,0.5741,1.0e-04,,,3.5
9147,26.29,19.8521,181.5457,61.2799,0.5759,1.0e-04,,,3.5
9148,27.29,20.9204,216.8829,64.3958,0.5760,1.0e-04,,,3.6
9149,27.22,20.8516,201.0947,62.6797,0.5742,1.0e-04,,,3.6
9150,28.18,21.6973,187.8461,65.4725,0.5735,1.0e-04,27.62,0.49,3.6
9151,26.56,20.0835,199.6353,61.6549,0.5821,1.0e-04,,,3.5
9152,26.78,20.3564,222.6613,61.5299,0.5738,1.0e-04,,,3.5
9153,27.19,20.8086,182.4918,64.6354,0.5736,1.0e-04,,,3.5
9154,26.79,20.2163,206.6875,64.7473,0.5694,1.0e-04,,,3.5
9155,25.48,19.1777,201.8369,63.1591,0.5782,1.0e-04,,,3.5
9156,26.09,19.7095,180.9204,65.8179,0.5800,1.0e-04,,,3.5
9157,26.31,19.9668,214.6115,61.1658,0.5743,1.0e-04,,,3.5
9158,27.24,20.6602,195.8971,59.7083,0.5842,1.0e-04,,,3.5
9159,26.95,20.3809,178.8916,57.2891,0.5802,1.0e-04,,,3.5
9160,27.26,20.6274,184.5805,55.5807,0.5798,1.0e-04,27.44,0.48,3.5
9161,26.98,20.3823,160.7996,63.8672,0.5969,1.0e-04,,,3.5
9162,28.78,21.9751,172.8660,58.2000,0.5863,1.0e-04,,,3.5
9163,26.26,20.0098,178.0842,57.9592,0.5805,1.0e-04,,,3.5
9164,26.24,19.7349,192.2944,56.6766,0.5842,1.0e-04,,,3.5
9165,26.90,20.3164,185.8770,64.0208,0.5790,1.0e-04,,,3.5
9166,27.84,21.0449,185.1979,64.9271,0.5833,1.0e-04,,,3.5
9167,27.13,20.4580,179.8629,61.3776,0.5863,1.0e-04,,,3.5
9168,27.39,20.8579,189.6613,63.6927,0.5768,1.0e-04,,,3.5
9169,26.40,20.0649,199.4539,62.7120,0.5796,1.0e-04,,,3.5
9170,27.03,20.5449,183.5702,61.3464,0.5810,1.0e-04,26.27,0.34,3.5
9171,27.52,21.2202,196.0236,61.5677,0.5761,1.0e-04,,,3.6
9172,26.35,20.2988,182.8070,58.8533,0.5750,1.0e-04,,,3.5
9173,27.48,21.3726,179.5048,60.6667,0.5697,1.0e-04,,,3.6
9174,27.37,20.7896,179.7227,60.5391,0.5857,1.0e-04,,,3.6
9175,27.07,20.5103,186.9917,60.4349,0.5813,1.0e-04,,,3.6
9176,26.53,19.9341,209.2349,61.5679,0.5797,1.0e-04,,,3.5
9177,27.11,20.6167,175.0518,61.4401,0.5815,1.0e-04,,,3.6
9178,27.36,20.7021,174.2855,56.5052,0.5803,1.0e-04,,,3.5
9179,27.92,21.2456,186.7452,62.6950,0.5813,1.0e-04,,,3.6
9180,27.67,21.1206,199.0015,62.8203,0.5824,1.0e-04,27.90,0.47,3.5
9181,26.39,19.9048,205.6694,63.5978,0.5778,1.0e-04,,,3.5
9182,27.19,20.4717,193.4761,64.0182,0.5884,1.0e-04,,,3.5
9183,27.17,20.3960,207.3655,65.8542,0.5807,1.0e-04,,,3.5
9184,26.27,19.7949,198.5254,61.2092,0.5861,1.0e-04,,,3.5
9185,26.22,19.6895,213.3519,60.9484,0.5756,1.0e-04,,,3.5
9186,27.29,20.9092,183.9479,59.6901,0.5759,1.0e-04,,,3.5
9187,26.58,20.1880,184.9232,61.6685,0.5734,1.0e-04,,,3.5
9188,27.59,21.3687,198.3036,64.1641,0.5594,1.0e-04,,,3.5
9189,26.58,20.6753,216.3950,56.0272,0.5513,1.0e-04,,,3.5
9190,27.98,21.7959,187.2870,62.9575,0.5676,1.0e-04,26.71,0.31,3.5
9191,27.06,20.9932,187.0998,63.9870,0.5576,1.0e-04,,,3.5
9192,27.66,21.3398,181.0365,61.4010,0.5745,1.0e-04,,,3.5
9193,26.06,19.9653,185.5405,63.4511,0.5660,1.0e-04,,,3.5
9194,27.66,21.3960,186.4586,60.7448,0.5742,1.0e-04,,,3.6
9195,27.31,20.9111,197.6141,61.0495,0.5695,1.0e-04,,,3.6
9196,26.34,20.2866,197.9421,60.2038,0.5677,1.0e-04,,,3.5
9197,27.13,20.8423,209.1241,63.8880,0.5681,1.0e-04,,,3.6
9198,26.74,20.6396,205.8374,61.2011,0.5712,1.0e-04,,,3.5
9199,28.50,22.1304,210.7348,65.9625,0.5659,1.0e-04,,,3.6
9200,26.50,20.3516,195.1203,65.6495,0.5755,1.0e-04,26.97,0.43,3.5
9201,26.15,19.9258,191.0622,62.5136,0.5684,1.0e-04,,,3.5
9202,27.29,20.7417,214.6560,66.5781,0.5725,1.0e-04,,,3.5
9203,27.93,21.2378,183.1752,67.7250,0.5732,1.0e-04,,,3.6
9204,27.66,21.0244,208.2709,62.1901,0.5730,1.0e-04,,,3.5
9205,27.56,21.0869,201.7122,61.2292,0.5706,1.0e-04,,,3.5
9206,27.35,20.8960,194.4319,60.5833,0.5675,1.0e-04,,,3.5
9207,27.01,20.5317,175.5695,60.8802,0.5786,1.0e-04,,,3.5
9208,27.10,20.6846,211.2178,62.7812,0.5777,1.0e-04,,,3.5
9209,25.56,19.1743,210.3599,62.2528,0.5703,1.0e-04,,,3.5
9210,26.84,20.2139,181.8489,63.2500,0.5759,1.0e-04,27.67,0.49,3.5
9211,27.06,20.4185,171.8571,64.6719,0.5858,1.0e-04,,,3.5
9212,26.11,19.8940,190.1081,56.6413,0.5782,1.0e-04,,,3.5
9213,27.17,20.6543,177.7988,62.4193,0.5783,1.0e-04,,,3.5
9214,26.21,19.7612,210.0882,59.8207,0.5740,1.0e-04,,,3.5
9215,26.70,20.2456,175.7398,59.4538,0.5694,1.0e-04,,,3.5
9216,27.69,21.3242,212.1584,59.7708,0.5651,1.0e-04,,,3.5
9217,27.33,20.9189,199.5512,63.1484,0.5661,1.0e-04,,,3.5
9218,25.94,19.6499,179.9332,60.0163,0.5686,1.0e-04,,,3.5
9219,27.51,21.2197,174.9481,59.0026,0.5749,1.0e-04,,,3.6
9220,26.72,20.4028,197.1735,57.4864,0.5783,1.0e-04,27.59,0.42,3.5
9221,25.67,19.4971,209.4333,63.2273,0.5703,1.0e-04,,,3.5
9222,27.69,21.4639,195.0707,62.6120,0.5721,1.0e-04,,,3.5
9223,26.29,20.2466,181.9148,61.0489,0.5644,1.0e-04,,,3.5
9224,28.67,22.1050,177.9392,61.9750,0.5756,1.0e-04,,,3.5
9225,27.53,20.9839,194.5515,63.8177,0.5767,1.0e-04,,,3.5
9226,26.01,19.7388,213.0618,61.2527,0.5654,1.0e-04,,,3.5
9227,27.41,21.3398,190.2621,65.8464,0.5540,1.0e-04,,,3.5
9228,26.31,20.2441,189.4265,64.9620,0.5637,1.0e-04,,,3.5
9229,27.23,20.8306,204.6150,62.1432,0.5657,1.0e-04,,,3.5
9230,26.57,20.2729,179.1554,61.0571,0.5641,1.0e-04,26.77,0.35,6.1
9231,26.74,20.6196,210.8453,61.1413,0.5584,1.0e-04,,,3.5
9232,26.12,19.9258,176.8009,62.5870,0.5613,1.0e-04,,,3.9
9233,26.74,20.2065,195.7901,58.4864,0.5722,1.0e-04,,,3.5
9234,26.67,20.2617,197.5184,58.5707,0.5611,1.0e-04,,,3.5
9235,27.47,20.9575,187.3272,62.0469,0.5725,1.0e-04,,,3.5
9236,27.21,20.6895,195.2118,58.6406,0.5816,1.0e-04,,,3.5
9237,27.82,21.6167,190.9795,65.2370,0.5559,1.0e-04,,,3.5
9238,27.65,21.3633,177.0081,64.4635,0.5679,1.0e-04,,,3.5
9239,28.78,22.1641,194.9731,65.7875,0.5640,1.0e-04,,,3.5
9240,27.31,20.9175,195.3729,59.3099,0.5689,1.0e-04,27.43,0.40,3.5
9241,27.28,20.9229,182.6519,62.5130,0.5627,1.0e-04,,,3.5
9242,26.44,20.1870,210.2357,60.7880,0.5565,1.0e-04,,,3.5
9243,27.08,20.7085,186.7301,59.5833,0.5616,1.0e-04,,,3.5
9244,26.78,20.4023,198.5176,60.6549,0.5699,1.0e-04,,,3.6
9245,28.35,21.5776,170.0034,60.9000,0.5686,1.0e-04,,,3.6
9246,27.36,20.7036,183.6848,62.0677,0.5655,1.0e-04,,,3.7
9247,26.64,19.9526,176.7989,60.1005,0.5729,1.0e-04,,,3.5
9248,27.25,20.5913,198.2086,63.3385,0.5707,1.0e-04,,,3.5
9249,26.86,20.2534,193.2979,64.7473,0.5711,1.0e-04,,,6.2
9250,27.26,20.5498,171.3044,61.8203,0.5717,1.0e-04,27.56,0.49,3.6
9251,26.99,20.4668,194.4120,63.7370,0.5671,1.0e-04,,,5.2
9252,27.62,21.1514,182.9025,61.3620,0.5638,1.0e-04,,,3.5
9253,28.08,21.4219,191.4821,63.6950,0.5703,1.0e-04,,,3.6
9254,27.08,20.7871,181.8837,60.8281,0.5622,1.0e-04,,,3.5
9255,26.94,20.5703,181.8532,63.5885,0.5646,1.0e-04,,,3.5
9256,26.78,20.5181,195.3527,64.9049,0.5597,1.0e-04,,,3.5
9257,26.51,20.0649,186.7193,62.9701,0.5673,1.0e-04,,,3.5
9258,28.72,22.1704,214.5189,66.6225,0.5660,1.0e-04,,,3.5
9259,27.23,20.9595,214.2937,62.7552,0.5600,1.0e-04,,,3.5
9260,27.65,21.3237,190.1969,58.9375,0.5641,1.0e-04,27.48,0.37,3.5
9261,25.70,19.6772,194.9078,61.7784,0.5594,1.0e-04,,,3.5
9262,28.24,21.8921,158.6934,60.1850,0.5703,1.0e-04,,,3.5
9263,28.04,21.5273,185.5217,63.6675,0.5654,1.0e-04,,,3.6
9264,25.06,19.0132,186.4453,59.6136,0.5688,1.0e-04,,,3.5
9265,27.21,20.6826,189.8642,58.9297,0.5654,1.0e-04,,,3.6
9266,26.77,20.2456,199.7570,63.7147,0.5745,1.0e-04,,,3.5
9267,26.90,20.2407,185.0883,63.1432,0.5739,1.0e-04,,,3.6
9268,28.16,21.1035,183.0142,63.6450,0.5781,1.0e-04,,,3.6
9269,27.00,20.1030,208.7380,60.8281,0.5792,1.0e-04,,,3.6
9270,25.42,18.7827,196.3983,59.8551,0.5691,1.0e-04,28.27,0.58,3.5
9271,27.00,20.1548,188.6573,63.6458,0.5788,1.0e-04,,,3.6
9272,27.14,20.1660,180.0773,62.6693,0.5718,1.0e-04,,,3.6
9273,26.55,19.7158,189.0557,57.8832,0.5816,1.0e-04,,,3.5
9274,26.25,19.6460,182.0060,61.8234,0.5766,1.0e-04,,,3.5
9275,26.13,19.5181,193.8394,59.6902,0.5752,1.0e-04,,,3.5
9276,26.44,19.9087,189.7648,61.3397,0.5771,1.0e-04,,,3.5
9277,26.88,20.3364,163.2616,61.6172,0.5743,1.0e-04,,,3.5
9278,27.82,21.3896,177.6516,59.5495,0.5733,1.0e-04,,,3.5
9279,26.57,20.1245,173.8101,64.2962,0.5813,1.0e-04,,,3.5
9280,28.05,21.3169,187.6928,63.6600,0.5789,1.0e-04,26.84,0.38,3.5
9281,26.18,19.9976,177.1072,64.2717,0.5789,1.0e-04,,,3.5
9282,27.30,20.6792,170.1297,61.5078,0.5742,1.0e-04,,,3.5
9283,26.87,20.4497,181.2014,62.8533,0.5823,1.0e-04,,,3.5
9284,27.83,21.1230,205.3409,62.1120,0.5736,1.0e-04,,,3.5
9285,26.44,20.2012,180.2027,60.9348,0.5648,1.0e-04,,,3.5
9286,27.15,20.9556,188.2048,63.0312,0.5680,1.0e-04,,,3.5
9287,27.25,21.0713,210.7516,66.0807,0.5695,1.0e-04,,,3.6
9288,26.85,20.6562,190.3843,64.8696,0.5727,1.0e-04,,,3.5
9289,26.07,19.8013,206.3841,63.6413,0.5622,1.0e-04,,,3.5
9290,26.28,20.1250,195.4939,61.3777,0.5592,1.0e-04,27.23,0.42,3.5
9291,26.97,20.5679,184.4795,62.0781,0.5748,1.0e-04,,,3.6
9292,27.48,20.9053,206.9069,58.5859,0.5693,1.0e-04,,,3.5
9293,26.46,19.9238,177.2254,61.0326,0.5756,1.0e-04,,,3.5
9294,27.73,21.1406,184.8863,63.7865,0.5694,1.0e-04,,,3.5
9295,26.91,20.5195,178.0057,65.9792,0.5618,1.0e-04,,,3.6
9296,26.96,20.5737,176.3689,61.1380,0.5708,1.0e-04,,,3.6
9297,26.29,20.1255,210.6232,58.3886,0.5700,1.0e-04,,,3.5
9298,26.22,19.9961,174.7764,61.1033,0.5682,1.0e-04,,,3.5
9299,26.74,20.4727,177.8050,59.2527,0.5728,1.0e-04,,,3.5
9300,26.57,20.1416,165.4821,57.1304,0.5741,1.0e-04,28.12,0.43,3.5
9301,27.91,21.3564,168.9300,63.4325,0.5783,1.0e-04,,,3.5
9302,27.11,20.8770,188.5451,61.4271,0.5756,1.0e-04,,,3.5
9303,25.88,19.8091,198.4806,58.7772,0.5747,1.0e-04,,,3.5
9304,26.91,20.6377,201.2589,64.0755,0.5762,1.0e-04,,,3.5
9305,26.17,19.8667,203.7177,63.3913,0.5617,1.0e-04,,,3.5
9306,27.96,21.3540,181.6187,59.2250,0.5743,1.0e-04,,,3.5
9307,26.94,20.3804,183.0941,66.0703,0.5657,1.0e-04,,,3.5
9308,27.78,21.0483,174.2315,62.4453,0.5776,1.0e-04,,,3.5
9309,26.79,20.0562,198.3233,57.3913,0.5746,1.0e-04,,,3.5
9310,26.30,19.6782,173.2891,64.5924,0.5753,1.0e-04,28.01,0.54,3.5
9311,28.13,21.2856,192.2432,61.7325,0.5745,1.0e-04,,,3.6
9312,26.32,19.6265,202.4046,56.2228,0.5764,1.0e-04,,,3.5
9313,26.16,19.6064,167.0516,58.8913,0.5761,1.0e-04,,,3.5
9314,28.32,21.0757,154.7984,59.7175,0.5787,1.0e-04,,,3.6
9315,26.05,19.2471,173.8666,61.3913,0.5749,1.0e-04,,,3.5
9316,27.24,20.1782,174.0721,60.0781,0.5670,1.0e-04,,,3.6
9317,27.09,20.1489,199.3154,62.2865,0.5672,1.0e-04,,,3.6
9318,27.35,20.6572,191.7233,60.9896,0.5772,1.0e-04,,,3.6
9319,27.93,20.8682,173.3751,62.2525,0.5757,1.0e-04,,,3.6
9320,27.16,20.4209,169.7956,60.2083,0.5754,1.0e-04,27.77,0.52,3.6
9321,27.77,20.9175,179.2932,61.8229,0.5807,1.0e-04,,,3.5
9322,28.06,21.1724,167.1413,64.0375,0.5781,1.0e-04,,,3.6
9323,25.76,19.3896,198.9039,61.2386,0.5713,1.0e-04,,,3.5
9324,25.65,19.2251,180.8434,64.1364,0.5799,1.0e-04,,,3.5
9325,25.76,19.4048,183.7830,61.9489,0.5701,1.0e-04,,,3.5
9326,26.14,19.9023,182.2270,60.0870,0.5724,1.0e-04,,,3.5
9327,25.96,19.6035,181.0039,51.9837,0.5707,1.0e-04,,,3.5
9328,25.48,19.3701,203.5962,59.5455,0.5699,1.0e-04,,,3.5
9329,26.40,20.3120,197.0505,58.7147,0.5695,1.0e-04,,,3.5
9330,27.45,21.1880,178.8135,58.8385,0.5699,1.0e-04,26.97,0.36,3.5
9331,26.66,20.4639,156.0109,59.0326,0.5730,1.0e-04,,,3.5
9332,27.18,20.9585,174.3471,60.3984,0.5728,1.0e-04,,,3.5
9333,26.94,20.7168,149.8917,58.8021,0.5678,1.0e-04,,,3.5
9334,26.81,20.3750,172.2218,59.3560,0.5712,1.0e-04,,,3.5
9335,27.66,20.8999,172.1813,59.4792,0.5749,1.0e-04,,,3.5
9336,26.50,19.8228,180.6495,60.2690,0.5809,1.0e-04,,,3.5
9337,26.75,20.2715,186.6102,61.9918,0.5767,1.0e-04,,,3.5
9338,26.00,19.5327,201.0699,58.8315,0.5749,1.0e-04,,,3.5
9339,27.14,20.7510,203.8098,63.2448,0.5690,1.0e-04,,,3.5
9340,26.03,19.5732,179.9067,57.0299,0.5822,1.0e-04,27.82,0.49,3.5
9341,27.60,20.8862,177.1450,60.7318,0.5807,1.0e-04,,,3.5
9342,26.02,19.8677,181.0274,56.8859,0.5807,1.0e-04,,,5.2
9343,26.61,20.1396,180.9709,56.8859,0.5770,1.0e-04,,,3.5
9344,25.86,19.4521,175.3757,62.9233,0.5788,1.0e-04,,,3.5
9345,25.59,19.2153,190.5988,63.9375,0.5845,1.0e-04,,,3.5
9346,27.64,20.9321,165.7193,62.9115,0.5789,1.0e-04,,,3.5
9347,27.06,20.3091,180.9770,61.3932,0.5705,1.0e-04,,,3.5
9348,27.60,21.1367,194.0774,61.8359,0.5713,1.0e-04,,,3.5
9349,26.02,19.5420,186.8918,57.7554,0.5839,1.0e-04,,,3.5
9350,25.89,19.4956,200.7340,65.5978,0.5792,1.0e-04,27.63,0.56,3.5
9351,25.79,19.1113,198.8429,63.9375,0.5733,1.0e-04,,,3.5
9352,27.24,20.2959,193.9888,64.7318,0.5730,1.0e-04,,,3.5
9353,27.24,20.2588,215.7352,61.5859,0.5754,1.0e-04,,,3.5
9354,27.05,20.1748,192.9681,67.0911,0.5816,1.0e-04,,,3.5
9355,26.25,19.3818,189.5015,62.0679,0.5777,1.0e-04,,,3.5
9356,26.81,19.8540,181.0973,63.8288,0.5774,1.0e-04,,,5.9
9357,27.62,20.5542,212.0361,62.5964,0.5775,1.0e-04,,,3.5
9358,26.69,19.8511,200.0285,63.6467,0.5720,1.0e-04,,,3.5
9359,25.60,18.8706,197.4984,59.5085,0.5788,1.0e-04,,,3.5
9360,25.29,18.6069,182.1609,56.5426,0.5743,1.0e-04,27.68,0.58,3.5
9361,27.75,20.8701,172.8103,63.0651,0.5773,1.0e-04,,,3.6
9362,26.42,19.5654,172.2405,59.6658,0.5787,1.0e-04,,,3.5
9363,26.53,19.9424,200.3884,60.3016,0.5788,1.0e-04,,,3.5
9364,26.32,19.5996,178.8352,60.1440,0.5811,1.0e-04,,,3.5
9365,26.20,19.6152,165.3909,60.1875,0.5717,1.0e-04,,,3.5
9366,26.45,19.6602,170.4323,58.4565,0.5774,1.0e-04,,,3.5
9367,27.23,20.4868,168.1260,56.0312,0.5831,1.0e-04,,,3.6
9368,27.14,20.2900,166.9576,58.6016,0.5752,1.0e-04,,,3.6
9369,26.90,20.1348,192.0517,64.0027,0.5816,1.0e-04,,,3.5
9370,26.69,20.1670,160.9249,60.9049,0.5826,1.0e-04,27.32,0.42,6.0
9371,28.08,21.5410,192.3218,63.1600,0.5763,1.0e-04,,,3.6
9372,26.86,20.3818,208.5815,61.8641,0.5823,1.0e-04,,,3.5
9373,27.42,21.0913,176.9470,63.8255,0.5742,1.0e-04,,,3.5
9374,27.34,20.8462,201.8876,63.8047,0.5794,1.0e-04,,,3.5
9375,26.50,20.1929,202.1197,65.4076,0.5709,1.0e-04,,,3.5
9376,26.00,19.5879,204.3644,58.9049,0.5782,1.0e-04,,,3.5
9377,27.19,20.7148,190.7166,60.1536,0.5738,1.0e-04,,,3.5
9378,26.92,20.4160,172.9599,56.8281,0.5739,1.0e-04,,,3.6
9379,27.17,20.6890,182.2726,57.6484,0.5827,1.0e-04,,,3.6
9380,25.95,19.6353,180.3349,64.4973,0.5762,1.0e-04,27.73,0.51,3.5
9381,25.29,18.8350,181.4985,61.8324,0.5856,1.0e-04,,,3.5
9382,27.18,20.4229,204.7370,61.4062,0.5812,1.0e-04,,,3.6
9383,25.88,19.3315,188.3143,58.8750,0.5784,1.0e-04,,,3.5
9384,27.12,20.6631,191.3894,59.6328,0.5731,1.0e-04,,,3.6
9385,27.96,21.3467,186.7542,62.8750,0.5770,1.0e-04,,,3.6
9386,26.34,19.9189,195.6755,58.9429,0.5747,1.0e-04,,,3.5
9387,25.84,19.5215,182.1191,61.9688,0.5732,1.0e-04,,,3.7
9388,27.91,21.1606,208.4570,65.0050,0.5727,1.0e-04,,,3.6
9389,27.50,20.7852,184.7958,61.1042,0.5774,1.0e-04,,,3.6
9390,26.36,19.7935,182.7568,59.9158,0.5759,1.0e-04,27.68,0.55,3.5
9391,27.57,20.7217,173.1903,61.0104,0.5774,1.0e-04,,,3.6
9392,26.99,20.2935,194.7446,61.1094,0.5752,1.0e-04,,,3.5
9393,28.38,21.8037,158.4442,62.1100,0.5758,1.0e-04,,,3.6
9394,27.55,21.1455,185.8052,62.0052,0.5762,1.0e-04,,,3.5
9395,28.23,21.6865,168.9964,60.1425,0.5855,1.0e-04,,,3.5
9396,27.23,20.6777,182.6452,61.2552,0.5755,1.0e-04,,,3.5
9397,27.15,20.5332,197.0959,59.9531,0.5767,1.0e-04,,,3.5
9398,25.94,19.4556,176.8216,60.4429,0.5832,1.0e-04,,,3.5
9399,25.94,19.5840,176.7166,59.9755,0.5768,1.0e-04,,,3.5
9400,26.34,19.9922,169.3204,59.0924,0.5790,1.0e-04,27.82,0.47,3.5
9401,27.04,20.6362,203.4786,60.7604,0.5740,1.0e-04,,,3.5
9402,26.79,20.2710,172.1719,61.4565,0.5832,1.0e-04,,,3.5
9403,27.21,20.8169,168.2520,61.3047,0.5786,1.0e-04,,,3.6
9404,28.03,21.3862,179.3087,63.2025,0.5731,1.0e-04,,,3.5
9405,26.77,20.4253,197.6882,63.0000,0.5715,1.0e-04,,,3.5
9406,27.06,20.7085,188.5292,61.5807,0.5756,1.0e-04,,,3.6
9407,26.76,20.4590,181.8062,57.6359,0.5754,1.0e-04,,,3.5
9408,27.85,21.1543,165.5914,61.3854,0.5756,1.0e-04,,,3.6
9409,26.79,20.1470,167.9584,56.6957,0.5763,1.0e-04,,,3.5
9410,26.94,20.3457,163.4696,56.5208,0.5756,1.0e-04,27.91,0.43,3.5
9411,27.39,20.9282,153.5108,58.0339,0.5656,1.0e-04,,,3.5
9412,27.59,20.8311,178.5890,56.6250,0.5716,1.0e-04,,,3.5
9413,28.12,21.5347,166.5262,59.5225,0.5757,1.0e-04,,,3.6
9414,27.40,20.9336,175.4299,58.7760,0.5716,1.0e-04,,,3.5
9415,27.43,21.1597,184.2898,60.2578,0.5725,1.0e-04,,,3.5
9416,27.76,21.3862,169.4535,60.7526,0.5697,1.0e-04,,,3.5
9417,27.24,20.9116,162.3375,57.6536,0.5791,1.0e-04,,,3.5
9418,27.67,21.2319,157.0364,59.1979,0.5757,1.0e-04,,,3.5
9419,26.61,20.1475,184.2790,57.9511,0.5756,1.0e-04,,,3.5
9420,26.47,20.0112,183.2010,60.2174,0.5740,1.0e-04,27.60,0.48,3.5
9421,27.67,21.0156,170.5543,59.5312,0.5766,1.0e-04,,,3.5
9422,26.86,20.5571,179.5856,59.6739,0.5702,1.0e-04,,,3.5
9423,27.78,21.3286,182.6690,58.8516,0.5689,1.0e-04,,,3.5
9424,26.71,20.4307,182.5768,56.5326,0.5722,1.0e-04,,,3.5
9425,28.03,21.4722,164.8146,60.7075,0.5775,1.0e-04,,,3.5
9426,26.04,19.6348,184.9406,58.8804,0.5843,1.0e-04,,,3.5
9427,27.61,20.9536,161.7725,60.5078,0.5816,1.0e-04,,,3.5
9428,27.44,20.9595,177.7047,63.4740,0.5772,1.0e-04,,,3.6
9429,27.13,20.8218,186.9636,65.3464,0.5730,1.0e-04,,,3.6
9430,27.06,20.7461,186.1328,62.9766,0.5736,1.0e-04,27.50,0.39,3.6
9431,27.69,21.2827,171.2875,58.4896,0.5779,1.0e-04,,,3.6
9432,27.93,21.2144,187.2463,62.4225,0.5783,1.0e-04,,,3.6
9433,27.44,20.7017,182.0440,64.1484,0.5745,1.0e-04,,,3.6
9434,27.42,20.5679,174.0846,62.3776,0.5686,1.0e-04,,,3.5
9435,26.19,19.6558,192.6186,60.6848,0.5722,1.0e-04,,,3.5
9436,29.17,22.4570,176.7343,63.1178,0.5750,1.0e-04,,,3.6
9437,26.60,20.2051,193.5977,62.8995,0.5673,1.0e-04,,,3.5
9438,25.96,19.6758,204.8962,62.7228,0.5748,1.0e-04,,,3.5
9439,27.93,21.5728,180.9976,62.1225,0.5648,1.0e-04,,,3.5
9440,27.22,20.9980,188.7620,63.8021,0.5723,1.0e-04,27.09,0.34,3.5
9441,27.91,21.6948,190.0897,62.3725,0.5753,1.0e-04,,,3.6
9442,27.05,20.6465,177.9110,61.7891,0.5802,1.0e-04,,,3.5
9443,27.07,20.6079,209.9348,65.5964,0.5750,1.0e-04,,,3.5
9444,27.71,21.2979,172.7637,58.4922,0.5838,1.0e-04,,,3.5
9445,27.18,20.7026,174.3091,60.3047,0.5753,1.0e-04,,,3.5
9446,26.01,19.7622,205.0010,61.1929,0.5778,1.0e-04,,,3.6
9447,27.39,20.9204,190.4251,62.1510,0.5737,1.0e-04,,,3.6
9448,26.30,19.7598,199.0599,62.8342,0.5864,1.0e-04,,,3.5
9449,27.46,20.9346,184.5940,63.4609,0.5843,1.0e-04,,,3.5
9450,28.62,21.9658,180.7893,64.7950,0.5765,1.0e-04,27.96,0.43,3.5
9451,26.55,20.2095,162.8559,65.3641,0.5788,1.0e-04,,,3.5
9452,26.11,19.6880,194.0779,62.7255,0.5815,1.0e-04,,,3.5
9453,27.58,20.9028,200.7067,60.2500,0.5800,1.0e-04,,,3.5
9454,26.58,20.0205,205.3229,61.2962,0.5869,1.0e-04,,,3.5
9455,27.80,21.1919,185.3675,61.3724,0.5809,1.0e-04,,,3.5
9456,28.56,21.7256,176.5932,66.6400,0.5795,1.0e-04,,,3.6
9457,27.45,20.8633,178.5255,62.8021,0.5850,1.0e-04,,,3.6
9458,27.19,20.3477,188.1142,61.9089,0.5858,1.0e-04,,,3.6
9459,27.21,20.6318,178.0786,63.7292,0.5825,1.0e-04,,,3.5
9460,26.27,19.8013,194.6605,55.8750,0.5852,1.0e-04,28.35,0.44,3.5
9461,26.77,20.2637,203.8989,61.1196,0.5767,1.0e-04,,,3.5
9462,27.13,20.6685,189.9344,61.4583,0.5800,1.0e-04,,,3.5
9463,26.85,20.4556,185.0585,63.7011,0.5774,1.0e-04,,,3.5
9464,26.24,19.8081,201.9985,60.1413,0.5773,1.0e-04,,,3.5
9465,26.39,19.9932,191.5830,58.3261,0.5782,1.0e-04,,,3.5
9466,27.42,21.0542,202.4458,60.5964,0.5741,1.0e-04,,,3.5
9467,27.15,20.8032,195.2193,59.2500,0.5807,1.0e-04,,,3.5
9468,26.57,20.3726,189.3569,59.5870,0.5760,1.0e-04,,,3.5
9469,26.95,20.6777,186.5932,60.6771,0.5708,1.0e-04,,,3.5
9470,27.14,20.7603,181.0627,58.3464,0.5775,1.0e-04,27.69,0.44,3.5
9471,27.66,21.0591,176.2143,63.7526,0.5826,1.0e-04,,,3.5
9472,27.51,21.0825,178.7455,61.2917,0.5689,1.0e-04,,,3.5
9473,26.44,20.2144,173.2162,62.5571,0.5699,1.0e-04,,,3.5
9474,27.54,21.0820,191.8308,62.5417,0.5739,1.0e-04,,,3.6
9475,27.40,20.7778,188.2223,62.8151,0.5759,1.0e-04,,,3.7
9476,27.52,20.8979,182.8881,58.2604,0.5741,1.0e-04,,,3.6
9477,26.76,20.1968,166.4510,63.2120,0.5778,1.0e-04,,,3.5
9478,27.95,21.2837,175.1751,63.7800,0.5695,1.0e-04,,,3.6
9479,27.50,20.9873,184.0883,62.0104,0.5664,1.0e-04,,,3.6
9480,27.91,21.4658,205.9531,65.7604,0.5648,1.0e-04,26.81,0.37,3.6
9481,26.64,20.3535,212.4751,64.2500,0.5597,1.0e-04,,,3.5
9482,26.66,20.5259,215.9653,61.5163,0.5614,1.0e-04,,,3.5
9483,26.74,20.6958,198.3401,64.4511,0.5557,1.0e-04,,,3.5
9484,27.18,21.0522,189.5688,61.2344,0.5625,1.0e-04,,,3.5
9485,28.02,21.3940,175.5765,65.2250,0.5753,1.0e-04,,,3.6
9486,27.94,21.4287,210.1698,67.4300,0.5606,1.0e-04,,,3.5
9487,26.21,20.0273,189.4703,67.5326,0.5628,1.0e-04,,,3.5
9488,27.60,21.0298,197.5831,65.9245,0.5635,1.0e-04,,,3.5
9489,27.69,21.2227,203.3232,61.7891,0.5690,1.0e-04,,,3.5
9490,27.89,21.4443,197.4157,67.5964,0.5641,1.0e-04,27.79,0.36,3.5
9491,27.14,20.9331,200.7865,58.5469,0.5606,1.0e-04,,,3.5
9492,26.47,20.1440,205.3674,66.4293,0.5594,1.0e-04,,,3.5
9493,27.17,20.7954,184.8512,65.3203,0.5700,1.0e-04,,,3.9
9494,27.35,21.0674,202.6373,67.2500,0.5657,1.0e-04,,,3.5
9495,27.91,21.5273,202.7087,64.6016,0.5659,1.0e-04,,,3.5
9496,26.63,20.3872,207.1854,64.1630,0.5682,1.0e-04,,,3.5
9497,28.08,21.7749,202.3178,66.8600,0.5635,1.0e-04,,,3.6
9498,27.47,21.1035,191.8121,64.5208,0.5675,1.0e-04,,,3.6
9499,27.39,20.8560,186.2558,61.2370,0.5752,1.0e-04,,,3.6
9500,27.18,20.7661,184.7391,59.9922,0.5739,1.0e-04,27.10,0.38,3.6
9501,27.23,20.9243,187.7261,65.7188,0.5737,1.0e-04,,,3.6
9502,27.68,21.5098,191.6773,60.1953,0.5626,1.0e-04,,,3.6
9503,26.91,20.7598,206.5062,65.0885,0.5692,1.0e-04,,,3.5
9504,27.46,20.9897,197.6929,65.8047,0.5729,1.0e-04,,,3.6
9505,28.22,21.3613,207.4758,61.1850,0.5777,1.0e-04,,,3.6
9506,27.60,20.8950,192.3682,61.1562,0.5763,1.0e-04,,,3.6
9507,26.94,20.2720,191.0610,58.7487,0.5749,1.0e-04,,,3.5
9508,26.18,19.7266,211.3062,63.5625,0.5715,1.0e-04,,,3.5
9509,26.73,20.1167,170.4544,61.0598,0.5817,1.0e-04,,,3.5
9510,27.43,21.0444,216.2182,64.4010,0.5705,1.0e-04,27.25,0.36,3.5
9511,25.77,19.6333,208.2681,59.9290,0.5693,1.0e-04,,,3.5
9512,26.32,19.9351,169.7444,58.1440,0.5740,1.0e-04,,,3.5
9513,27.27,20.9766,182.4429,62.1120,0.5712,1.0e-04,,,3.5
9514,26.80,20.5024,176.5334,56.8940,0.5749,1.0e-04,,,3.5
9515,26.01,19.6152,182.7490,58.7147,0.5685,1.0e-04,,,3.5
9516,27.80,21.2041,180.7992,67.3099,0.5631,1.0e-04,,,3.5
9517,26.46,19.8965,172.3292,63.7772,0.5715,1.0e-04,,,3.5
9518,26.48,20.0015,180.7235,61.5707,0.5735,1.0e-04,,,3.5
9519,27.76,21.0605,202.8449,67.6406,0.5694,1.0e-04,,,3.5
9520,27.53,21.0605,207.4912,67.5469,0.5627,1.0e-04,27.08,0.42,3.5
9521,26.50,20.1465,213.2487,63.3995,0.5632,1.0e-04,,,3.5
9522,26.70,20.1431,195.9549,61.3804,0.5778,1.0e-04,,,3.5
9523,25.56,19.1445,192.6567,62.1648,0.5756,1.0e-04,,,3.5
9524,25.88,19.4639,210.8433,64.8580,0.5657,1.0e-04,,,3.5
9525,26.11,19.8433,192.2838,58.4076,0.5727,1.0e-04,,,3.5
9526,27.46,20.8838,223.4059,67.0729,0.5618,1.0e-04,,,3.6
9527,27.51,20.9463,190.8925,67.8542,0.5753,1.0e-04,,,3.6
9528,26.78,20.3022,217.2482,68.0245,0.5742,1.0e-04,,,3.5
9529,27.97,21.1841,224.1676,67.8675,0.5725,1.0e-04,,,3.6
9530,25.61,19.4019,201.7084,64.2216,0.5644,1.0e-04,27.22,0.37,3.5
9531,26.10,20.0122,216.9922,64.2092,0.5736,1.0e-04,,,3.5
9532,27.37,20.9697,214.6949,66.3724,0.5743,1.0e-04,,,3.5
9533,27.14,20.4258,199.0018,64.7969,0.5854,1.0e-04,,,3.5
9534,26.79,20.3462,215.0999,65.6929,0.5771,1.0e-04,,,3.5
9535,27.70,21.4277,225.9455,69.6406,0.5566,1.0e-04,,,3.5
9536,26.83,20.6963,221.2468,62.1712,0.5764,1.0e-04,,,3.5
9537,27.26,21.1699,209.4268,63.7057,0.5607,1.0e-04,,,3.5
9538,26.11,20.1353,219.9991,63.7255,0.5667,1.0e-04,,,3.5
9539,26.21,20.2061,182.3345,59.2989,0.5763,1.0e-04,,,3.5
9540,27.62,21.4292,227.2420,64.3021,0.5735,1.0e-04,27.03,0.35,3.5
9541,27.12,20.8716,200.0344,61.9974,0.5760,1.0e-04,,,3.5
9542,25.90,19.6992,210.6884,61.3370,0.5697,1.0e-04,,,3.5
9543,26.49,20.0674,173.0056,62.4511,0.5663,1.0e-04,,,3.5
9544,27.26,20.9111,195.2307,66.5677,0.5682,1.0e-04,,,3.5
9545,28.01,21.4116,197.2565,63.2350,0.5707,1.0e-04,,,3.5
9546,26.48,20.0801,202.0198,58.5978,0.5739,1.0e-04,,,3.5
9547,27.70,21.2300,200.8379,60.9844,0.5751,1.0e-04,,,3.6
9548,26.53,20.1992,216.9531,64.0299,0.5666,1.0e-04,,,3.5
9549,26.66,20.4492,210.9714,70.1522,0.5672,1.0e-04,,,3.5
9550,28.42,22.0117,211.3197,70.1950,0.5643,1.0e-04,27.47,0.36,3.5
9551,27.48,21.0874,228.1162,69.2240,0.5692,1.0e-04,,,3.5
9552,26.74,20.5332,221.1662,71.3207,0.5726,1.0e-04,,,3.5
9553,28.35,21.7847,181.5927,66.8225,0.5810,1.0e-04,,,3.5
9554,26.05,19.6689,215.6585,62.7065,0.5716,1.0e-04,,,3.5
9555,26.64,20.2876,213.3627,63.7147,0.5756,1.0e-04,,,3.5
9556,27.96,21.3457,220.8298,67.3075,0.5743,1.0e-04,,,3.6
9557,27.08,20.6035,182.5371,61.9688,0.5768,1.0e-04,,,3.5
9558,26.22,19.7959,205.5662,65.6848,0.5757,1.0e-04,,,3.5
9559,27.42,20.8320,203.5403,61.9271,0.5715,1.0e-04,,,3.5
9560,28.01,21.3008,177.7857,62.4725,0.5781,1.0e-04,27.52,0.48,3.5
9561,26.97,20.3159,186.3188,60.8568,0.5797,1.0e-04,,,3.5
9562,26.56,20.0005,199.6845,63.0082,0.5849,1.0e-04,,,3.5
9563,25.73,19.2432,184.5274,62.3352,0.5743,1.0e-04,,,3.5
9564,26.34,19.8218,194.8524,61.1630,0.5768,1.0e-04,,,3.5
9565,26.98,20.5449,217.7103,61.4948,0.5754,1.0e-04,,,3.5
9566,25.92,19.6401,191.9373,61.7609,0.5621,1.0e-04,,,3.5
9567,26.98,20.3726,177.3240,61.9948,0.5756,1.0e-04,,,3.6
9568,27.67,21.0762,183.0070,65.4010,0.5713,1.0e-04,,,3.6
9569,28.14,21.6670,194.3495,66.1325,0.5666,1.0e-04,,,3.6
9570,27.60,21.2100,198.3146,65.0625,0.5673,1.0e-04,27.53,0.38,3.5
9571,28.67,22.2334,203.5135,68.8900,0.5659,1.0e-04,,,3.6
9572,26.78,20.3540,228.0002,66.8967,0.5685,1.0e-04,,,3.5
9573,27.13,20.5938,202.3837,64.5182,0.5741,1.0e-04,,,3.6
9574,27.34,20.8555,216.2960,65.3828,0.5666,1.0e-04,,,3.6
9575,26.81,20.5923,180.4563,67.5462,0.5673,1.0e-04,,,3.5
9576,28.34,22.0396,204.1651,64.0950,0.5608,1.0e-04,,,3.5
9577,26.43,20.0400,181.0006,63.0652,0.5679,1.0e-04,,,3.5
9578,27.47,21.1079,197.6037,64.5234,0.5712,1.0e-04,,,3.5
9579,25.78,19.5552,210.8013,64.9830,0.5583,1.0e-04,,,3.5
9580,26.77,20.6216,187.6764,61.8804,0.5591,1.0e-04,27.39,0.40,3.5
9581,27.48,21.0850,210.8618,63.9661,0.5623,1.0e-04,,,3.5
9582,27.79,21.6504,222.1535,69.5521,0.5429,1.0e-04,,,3.5
9583,28.64,22.3662,218.7361,65.1975,0.5503,1.0e-04,,,3.5
9584,26.35,20.2300,177.0695,60.1576,0.5584,1.0e-04,,,3.5
9585,27.14,20.9771,201.8780,63.4974,0.5656,1.0e-04,,,3.5
9586,27.51,21.4961,204.3428,68.6562,0.5504,1.0e-04,,,3.5
9587,26.47,20.7197,199.4493,60.6603,0.5423,1.0e-04,,,3.5
9588,26.96,21.0005,208.3492,65.5938,0.5577,1.0e-04,,,3.6
9589,27.71,21.4541,198.8956,63.2630,0.5582,1.0e-04,,,3.6
9590,26.66,20.3276,189.7630,63.3832,0.5629,1.0e-04,27.67,0.45,3.5
9591,26.84,20.4092,213.7911,60.7799,0.5641,1.0e-04,,,3.5
9592,27.86,21.3696,196.2363,62.9167,0.5729,1.0e-04,,,3.5
9593,28.14,21.5464,191.2003,64.3575,0.5748,1.0e-04,,,3.5
9594,27.14,20.6226,215.9677,64.4375,0.5659,1.0e-04,,,3.5
9595,26.82,20.2163,199.3818,62.4293,0.5688,1.0e-04,,,3.5
9596,26.64,20.0703,195.4941,59.3560,0.5711,1.0e-04,,,3.5
9597,27.83,21.0923,192.1235,60.0234,0.5674,1.0e-04,,,3.5
9598,26.94,20.6343,195.1776,61.5885,0.5703,1.0e-04,,,3.5
9599,27.47,21.0513,188.2247,64.4193,0.5708,1.0e-04,,,3.5
9600,27.09,20.8125,211.5762,64.8880,0.5641,1.0e-04,26.64,0.36,3.5
9601,28.18,21.8389,186.2668,65.9025,0.5626,1.0e-04,,,3.6
9602,25.76,19.5166,223.5538,65.9659,0.5725,1.0e-04,,,3.5
9603,27.03,20.5747,182.2525,61.9036,0.5736,1.0e-04,,,3.5
9604,28.25,21.6040,193.2503,66.7250,0.5719,1.0e-04,,,3.5
9605,27.84,21.4058,206.1836,67.6510,0.5634,1.0e-04,,,3.5
9606,27.04,20.5781,215.8397,61.0964,0.5540,1.0e-04,,,3.5
9607,27.56,21.1123,201.0705,61.4089,0.5690,1.0e-04,,,3.5
9608,25.89,19.9282,212.6249,64.5217,0.5503,1.0e-04,,,3.5
9609,27.89,21.6450,225.6116,64.3464,0.5562,1.0e-04,,,3.5
9610,27.25,21.0864,214.2753,62.2891,0.5597,1.0e-04,26.89,0.34,3.5
9611,26.78,20.6860,214.0725,64.6821,0.5589,1.0e-04,,,3.5
9612,27.03,20.8677,204.2809,65.3724,0.5661,1.0e-04,,,3.5
9613,26.38,20.4922,220.6107,62.7418,0.5526,1.0e-04,,,3.5
9614,25.93,20.0815,219.7425,60.8451,0.5521,1.0e-04,,,3.5
9615,26.83,20.9268,203.8792,59.5924,0.5551,1.0e-04,,,3.5
9616,25.88,19.8447,215.4059,61.9858,0.5569,1.0e-04,,,3.5
9617,26.38,20.4526,201.9570,63.7255,0.5543,1.0e-04,,,3.5
9618,27.91,21.6260,210.6377,59.9075,0.5439,1.0e-04,,,3.5
9619,26.57,20.3853,197.4406,63.6929,0.5531,1.0e-04,,,3.5
9620,27.60,21.2935,211.6698,62.9141,0.5532,1.0e-04,27.17,0.36,3.6
9621,27.31,21.1323,193.2850,63.0755,0.5579,1.0e-04,,,3.5
9622,28.74,22.1948,194.9827,64.2300,0.5601,1.0e-04,,,3.6
9623,27.93,21.3677,195.8692,60.9725,0.5687,1.0e-04,,,3.6
9624,26.60,20.3091,200.6317,59.0761,0.5615,1.0e-04,,,3.5
9625,26.15,20.0786,200.4314,60.6658,0.5661,1.0e-04,,,3.5
9626,27.67,21.2661,200.5814,60.0417,0.5622,1.0e-04,,,3.5
9627,27.88,21.7158,194.4384,62.4297,0.5519,1.0e-04,,,3.5
9628,26.23,20.0737,213.2265,61.3804,0.5558,1.0e-04,,,3.5
9629,27.39,20.9751,189.1932,61.4271,0.5536,1.0e-04,,,3.5
9630,27.70,21.4307,196.8531,61.8385,0.5606,1.0e-04,26.98,0.35,3.5
9631,27.76,21.4189,198.0134,63.8464,0.5618,1.0e-04,,,3.5
9632,25.93,19.9194,208.7999,59.1821,0.5609,1.0e-04,,,3.7
9633,27.70,21.5312,199.2504,58.8229,0.5540,1.0e-04,,,3.5
9634,26.76,20.4854,195.6975,58.3397,0.5639,1.0e-04,,,3.5
9635,26.46,20.1470,186.3932,56.6168,0.5690,1.0e-04,,,3.5
9636,26.61,20.1772,194.9032,58.4457,0.5732,1.0e-04,,,3.5
9637,26.97,20.6143,188.4198,58.7188,0.5666,1.0e-04,,,3.6
9638,27.28,20.6934,181.5017,61.1562,0.5725,1.0e-04,,,3.6
9639,27.03,20.6714,186.4263,58.2057,0.5612,1.0e-04,,,3.6
9640,27.31,20.7808,178.2745,58.7318,0.5764,1.0e-04,27.75,0.45,3.6
9641,26.44,20.0801,213.6079,59.6984,0.5619,1.0e-04,,,3.5
9642,26.18,19.7280,200.7176,61.0543,0.5651,1.0e-04,,,3.5
9643,27.54,20.7432,190.7627,61.0807,0.5661,1.0e-04,,,3.6
9644,28.01,21.2373,189.4945,62.3825,0.5612,1.0e-04,,,3.6
9645,26.48,19.9834,187.9617,62.0353,0.5555,1.0e-04,,,3.5
9646,27.86,21.1650,173.6415,61.8828,0.5711,1.0e-04,,,3.5
9647,26.50,20.2695,198.1251,59.3315,0.5576,1.0e-04,,,3.5
9648,27.71,20.9780,183.4077,57.4844,0.5620,1.0e-04,,,3.5
9649,28.72,21.8569,204.6021,60.9425,0.5628,1.0e-04,,,3.5
9650,26.75,20.2485,191.2387,62.6522,0.5644,1.0e-04,27.91,0.44,3.5
9651,27.55,21.0376,173.5817,62.3281,0.5567,1.0e-04,,,3.5
9652,25.99,19.7837,158.8629,59.4212,0.5658,1.0e-04,,,3.5
9653,28.17,21.4043,183.5397,62.9375,0.5582,1.0e-04,,,3.5
9654,26.55,20.1216,215.6162,62.2826,0.5578,1.0e-04,,,3.5
9655,27.23,20.5566,183.2826,60.7188,0.5680,1.0e-04,,,3.5
9656,27.96,21.0215,166.3702,60.8600,0.5661,1.0e-04,,,3.5
9657,26.97,20.2080,189.5490,57.6458,0.5721,1.0e-04,,,3.5
9658,26.65,20.0898,172.5924,58.5842,0.5737,1.0e-04,,,3.5
9659,26.09,19.6279,179.3549,62.5842,0.5729,1.0e-04,,,3.5
9660,27.28,20.7920,178.5863,62.4740,0.5658,1.0e-04,28.17,0.45,3.5
9661,26.18,19.7700,181.9342,57.5462,0.5679,1.0e-04,,,3.5
9662,27.70,21.0425,186.4258,65.9141,0.5644,1.0e-04,,,3.5
9663,27.31,20.6797,175.0835,65.3125,0.5737,1.0e-04,,,3.5
9664,27.54,20.9678,200.3541,60.4010,0.5609,1.0e-04,,,3.5
9665,26.19,19.7002,194.4868,62.6848,0.5756,1.0e-04,,,3.5
9666,27.14,20.5469,187.8502,63.6276,0.5605,1.0e-04,,,3.5
9667,27.56,20.9561,205.5376,61.7266,0.5681,1.0e-04,,,3.5
9668,26.70,20.4302,211.5801,63.7554,0.5625,1.0e-04,,,3.5
9669,27.06,20.9336,218.9756,64.1641,0.5428,1.0e-04,,,3.5
9670,25.94,19.6841,217.0309,63.6685,0.5708,1.0e-04,27.62,0.39,3.5
9671,27.45,21.1841,237.6251,64.6667,0.5583,1.0e-04,,,3.5
9672,26.92,20.6646,208.4155,59.1302,0.5706,1.0e-04,,,3.5
9673,27.47,20.9966,187.2807,64.5833,0.5725,1.0e-04,,,3.5
9674,28.72,21.9380,193.1562,62.2300,0.5775,1.0e-04,,,3.5
9675,27.69,21.2935,198.3263,68.1953,0.5618,1.0e-04,,,3.5
9676,27.71,21.4268,216.2545,67.2292,0.5521,1.0e-04,,,3.5
9677,25.87,19.8110,188.8511,58.1307,0.5552,1.0e-04,,,3.5
9678,28.09,21.8394,210.0181,60.0375,0.5646,1.0e-04,,,3.5
9679,26.48,20.2202,180.0094,57.9511,0.5742,1.0e-04,,,3.5
9680,27.19,20.7334,197.8052,61.8542,0.5698,1.0e-04,26.67,0.41,3.5
9681,27.32,20.9746,177.0607,57.8438,0.5684,1.0e-04,,,3.5
9682,26.75,20.2402,190.4529,59.0516,0.5766,1.0e-04,,,3.5
9683,26.96,20.4448,209.1879,59.8854,0.5724,1.0e-04,,,3.5
9684,27.36,20.7202,185.9075,58.6562,0.5688,1.0e-04,,,3.5
9685,26.18,19.8828,182.0193,58.7337,0.5675,1.0e-04,,,3.5
9686,26.92,20.7437,178.3446,62.6250,0.5617,1.0e-04,,,3.5
9687,27.28,20.9326,193.4161,63.1953,0.5604,1.0e-04,,,3.5
9688,26.45,20.2231,204.9395,61.9375,0.5676,1.0e-04,,,3.5
9689,27.83,21.3975,179.6858,63.9323,0.5722,1.0e-04,,,3.5
9690,26.64,20.1777,219.3432,62.4701,0.5717,1.0e-04,27.75,0.41,3.5
9691,27.20,20.8125,187.7770,61.4193,0.5717,1.0e-04,,,3.5
9692,27.92,21.4868,190.6176,60.2500,0.5709,1.0e-04,,,3.5
9693,26.99,20.7134,182.9523,62.6510,0.5528,1.0e-04,,,3.5
9694,27.02,20.7627,187.9684,60.8620,0.5658,1.0e-04,,,3.5
9695,26.46,20.4868,199.5486,58.3533,0.5510,1.0e-04,,,3.5
9696,27.20,21.0942,191.8268,65.2031,0.5593,1.0e-04,,,3.5
9697,26.66,20.4438,195.7307,64.8179,0.5591,1.0e-04,,,3.5
9698,26.58,20.5210,178.6497,61.5272,0.5661,1.0e-04,,,3.5
9699,26.62,20.6523,201.3931,56.8804,0.5497,1.0e-04,,,3.5
9700,27.64,21.4771,202.6373,60.1745,0.5453,1.0e-04,26.38,0.32,3.5
9701,26.58,20.5962,195.2555,57.3723,0.5609,1.0e-04,,,3.5
9702,27.37,21.0415,186.3856,61.0078,0.5617,1.0e-04,,,3.5
9703,28.32,22.1665,176.3635,65.5625,0.5489,1.0e-04,,,3.5
9704,26.79,20.5825,174.9343,62.3152,0.5549,1.0e-04,,,3.5
9705,25.43,19.3745,195.7643,63.4943,0.5612,1.0e-04,,,3.5
9706,27.34,20.8740,200.8478,64.3906,0.5663,1.0e-04,,,3.5
9707,26.67,20.3330,176.8048,59.0217,0.5669,1.0e-04,,,3.5
9708,26.88,20.3799,183.8701,65.8397,0.5669,1.0e-04,,,3.5
9709,26.82,20.1338,168.5226,62.5054,0.5712,1.0e-04,,,3.5
9710,28.52,21.7539,184.9377,64.2875,0.5711,1.0e-04,28.23,0.51,3.5
9711,27.50,20.8384,185.9638,61.2318,0.5694,1.0e-04,,,3.5
9712,26.32,19.6216,215.5449,56.3370,0.5801,1.0e-04,,,3.5
9713,26.99,20.3369,188.8879,65.7083,0.5764,1.0e-04,,,3.5
9714,27.07,20.6050,183.7178,65.5703,0.5759,1.0e-04,,,3.5
9715,27.27,20.5381,179.9181,62.4089,0.5775,1.0e-04,,,3.5
9716,26.00,19.4790,201.9785,61.5408,0.5657,1.0e-04,,,3.5
9717,27.02,20.4756,188.2553,63.3542,0.5786,1.0e-04,,,3.5
9718,26.20,19.9951,192.9251,62.2337,0.5736,1.0e-04,,,3.5
9719,27.11,20.7905,196.5799,60.0807,0.5712,1.0e-04,,,3.5
9720,25.91,19.9180,174.8894,62.7962,0.5538,1.0e-04,26.42,0.35,3.5
9721,26.14,20.1021,192.5083,59.3397,0.5659,1.0e-04,,,3.5
9722,27.05,20.9141,166.7134,59.8438,0.5708,1.0e-04,,,3.5
9723,27.11,20.6846,168.8123,60.7135,0.5746,1.0e-04,,,3.5
9724,27.36,21.1187,164.2206,60.9323,0.5679,1.0e-04,,,3.5
9725,27.64,21.5098,187.9896,67.1042,0.5621,1.0e-04,,,3.5
9726,26.00,19.9199,209.4797,58.1277,0.5680,1.0e-04,,,3.5
9727,26.82,20.3921,197.9118,61.8859,0.5739,1.0e-04,,,3.5
9728,27.19,20.6680,168.9482,58.1146,0.5783,1.0e-04,,,3.5
9729,26.40,19.9263,196.1164,61.1087,0.5643,1.0e-04,,,3.5
9730,27.27,20.7915,169.7269,61.3073,0.5737,1.0e-04,27.99,0.46,3.5
9731,27.18,20.6562,170.3261,59.1146,0.5796,1.0e-04,,,3.5
9732,27.27,20.7769,192.6398,67.0729,0.5710,1.0e-04,,,3.5
9733,28.13,21.5083,186.8191,60.5175,0.5736,1.0e-04,,,3.5
9734,26.52,20.1167,206.4946,67.0435,0.5593,1.0e-04,,,3.5
9735,25.79,19.5010,184.9845,68.6761,0.5669,1.0e-04,,,3.5
9736,27.25,20.8652,199.8927,64.3750,0.5731,1.0e-04,,,3.5
9737,27.53,21.3052,190.1277,63.7057,0.5627,1.0e-04,,,3.5
9738,25.96,19.6543,196.5926,63.9674,0.5781,1.0e-04,,,3.5
9739,26.59,20.1387,171.0030,57.0380,0.5892,1.0e-04,,,3.5
9740,27.33,20.5620,178.6731,58.6771,0.5805,1.0e-04,27.64,0.48,3.5
9741,27.31,20.7192,164.5476,59.1536,0.5757,1.0e-04,,,3.5
9742,27.92,21.3613,188.4325,61.0400,0.5771,1.0e-04,,,3.5
9743,27.33,20.6938,182.7877,66.4531,0.5789,1.0e-04,,,4.4
9744,26.35,19.7163,167.9033,56.9592,0.5830,1.0e-04,,,3.6
9745,28.62,21.8081,149.8492,58.3700,0.5814,1.0e-04,,,3.5
9746,26.36,19.8179,179.3045,57.4674,0.5784,1.0e-04,,,3.5
9747,26.52,19.8276,197.4384,63.2962,0.5793,1.0e-04,,,3.5
9748,27.22,20.6577,195.6430,66.5755,0.5849,1.0e-04,,,3.5
9749,26.36,19.7720,204.7961,60.5842,0.5855,1.0e-04,,,3.5
9750,26.99,20.5205,200.3383,63.4375,0.5799,1.0e-04,27.12,0.44,3.5
9751,27.04,20.5723,172.2873,59.7318,0.5774,1.0e-04,,,3.5
9752,26.14,19.7759,215.7811,61.1386,0.5852,1.0e-04,,,3.5
9753,26.42,19.9897,207.0714,64.6359,0.5734,1.0e-04,,,3.5
9754,26.19,19.7612,180.9614,59.9130,0.5732,1.0e-04,,,3.5
9755,27.01,20.4062,181.5811,64.3151,0.5826,1.0e-04,,,3.5
9756,27.51,20.9004,233.8643,64.6120,0.5747,1.0e-04,,,3.5
9757,26.80,20.1216,210.7743,61.9457,0.5722,1.0e-04,,,3.5
9758,26.76,20.4868,201.1191,60.2554,0.5727,1.0e-04,,,3.5
9759,25.62,19.2437,191.7696,62.9432,0.5698,1.0e-04,,,3.5
9760,27.15,20.5640,210.5062,62.2682,0.5733,1.0e-04,28.23,0.53,3.5
9761,27.22,20.3750,196.0682,62.8620,0.5780,1.0e-04,,,3.5
9762,27.52,20.7686,205.3123,63.1198,0.5875,1.0e-04,,,3.5
9763,27.03,20.4614,204.4559,66.8698,0.5738,1.0e-04,,,3.5
9764,27.40,20.7178,191.1552,66.3542,0.5845,1.0e-04,,,3.5
9765,25.80,19.1582,223.3666,61.0511,0.5786,1.0e-04,,,3.5
9766,28.26,21.3647,175.1852,65.8650,0.5773,1.0e-04,,,3.5
9767,27.27,20.4639,204.1511,61.3828,0.5753,1.0e-04,,,3.5
9768,26.09,19.3843,172.0999,58.3587,0.5868,1.0e-04,,,3.5
9769,26.92,20.1304,201.6813,60.7578,0.5806,1.0e-04,,,3.5
9770,27.00,20.1050,181.3626,59.4818,0.5769,1.0e-04,28.19,0.48,3.8
9771,26.77,20.1938,180.1760,64.2799,0.5764,1.0e-04,,,3.5
9772,27.00,20.5493,204.0217,60.8464,0.5854,1.0e-04,,,3.8
9773,27.26,20.7139,200.6760,60.2656,0.5858,1.0e-04,,,3.5
9774,27.20,20.5864,204.3698,60.5859,0.5830,1.0e-04,,,3.5
9775,27.92,21.1943,213.1045,63.3200,0.5809,1.0e-04,,,3.5
9776,27.44,20.9355,189.3491,64.3177,0.5758,1.0e-04,,,3.5
9777,27.10,20.5347,180.1799,60.0469,0.5850,1.0e-04,,,3.5
9778,26.22,19.9253,181.2488,53.8505,0.5892,1.0e-04,,,3.5
9779,26.78,20.4902,189.7286,61.8886,0.5776,1.0e-04,,,3.5
9780,26.74,20.1680,169.7593,60.1196,0.5804,1.0e-04,26.95,0.42,3.5
9781,27.01,20.6235,187.3267,58.2917,0.5724,1.0e-04,,,3.5
9782,26.82,20.4106,184.5709,61.0027,0.5806,1.0e-04,,,3.5
9783,26.48,20.3403,178.4103,56.8125,0.5785,1.0e-04,,,3.5
9784,26.58,20.5801,199.2963,57.8424,0.5619,1.0e-04,,,3.5
9785,28.82,22.5952,192.3555,61.1675,0.5718,1.0e-04,,,3.5
9786,26.44,20.6641,196.4598,59.5652,0.5572,1.0e-04,,,3.5
9787,28.48,22.3701,187.0497,63.1900,0.5635,1.0e-04,,,3.5
9788,27.96,21.5444,193.0201,59.1850,0.5747,1.0e-04,,,3.5
9789,26.72,20.5698,174.4592,61.5408,0.5713,1.0e-04,,,3.5
9790,26.40,20.4644,186.7438,63.1929,0.5617,1.0e-04,27.08,0.36,3.5
9791,26.47,20.2354,204.0923,60.4837,0.5767,1.0e-04,,,3.5
9792,26.62,20.6738,181.3176,60.3967,0.5628,1.0e-04,,,3.5
9793,26.53,20.3716,180.2655,58.6929,0.5676,1.0e-04,,,3.5
9794,26.25,19.9907,196.0488,59.1413,0.5786,1.0e-04,,,3.5
9795,25.89,19.7319,158.6725,58.5462,0.5631,1.0e-04,,,3.5
9796,27.08,20.8062,187.3537,65.8099,0.5641,1.0e-04,,,3.5
9797,26.27,20.1289,198.4311,59.3668,0.5666,1.0e-04,,,3.5
9798,27.34,21.1362,196.1928,60.9401,0.5651,1.0e-04,,,3.5
9799,27.78,21.4624,198.4535,64.5990,0.5618,1.0e-04,,,3.5
9800,28.40,21.8296,197.8238,62.7450,0.5764,1.0e-04,27.78,0.39,3.5
9801,27.32,20.8696,177.1979,60.2344,0.5754,1.0e-04,,,3.5
9802,26.36,20.1201,198.3473,59.7989,0.5687,1.0e-04,,,3.5
9803,26.45,20.2729,195.5595,62.7310,0.5638,1.0e-04,,,3.5
9804,28.04,21.5923,190.8781,60.8200,0.5693,1.0e-04,,,3.5
9805,26.59,20.2749,194.8217,62.0136,0.5729,1.0e-04,,,3.5
9806,26.78,20.1982,173.6348,64.4511,0.5747,1.0e-04,,,3.5
9807,25.30,19.0552,201.8543,61.1023,0.5701,1.0e-04,,,3.5
9808,27.93,21.4419,173.0684,62.1750,0.5729,1.0e-04,,,3.5
9809,27.71,21.3252,181.4016,58.6979,0.5667,1.0e-04,,,3.5
9810,27.76,21.2280,185.7979,60.2214,0.5692,1.0e-04,27.54,0.41,3.5
9811,27.87,21.5015,177.1379,64.1823,0.5636,1.0e-04,,,3.5
9812,28.34,21.9536,208.8193,61.2900,0.5635,1.0e-04,,,3.5
9813,27.26,20.9321,176.2337,61.6562,0.5805,1.0e-04,,,3.5
9814,26.99,20.5786,195.0284,58.1120,0.5685,1.0e-04,,,3.5
9815,27.38,21.0649,165.6864,63.2656,0.5643,1.0e-04,,,3.5
9816,26.91,20.6699,170.6614,61.2318,0.5733,1.0e-04,,,3.5
9817,27.56,21.0557,196.9223,59.7240,0.5668,1.0e-04,,,3.5
9818,27.58,21.0093,183.9384,61.8776,0.5731,1.0e-04,,,3.5
9819,26.91,20.7339,198.4470,61.7255,0.5570,1.0e-04,,,3.5
9820,26.23,20.3120,186.0994,64.2011,0.5489,1.0e-04,27.21,0.35,3.5
9821,26.71,20.5352,201.4808,61.2853,0.5639,1.0e-04,,,3.5
9822,27.75,21.5215,189.8298,63.6719,0.5594,1.0e-04,,,3.5
9823,26.86,20.7856,184.5932,61.3750,0.5619,1.0e-04,,,3.5
9824,26.61,20.4897,187.4867,64.7799,0.5545,1.0e-04,,,4.1
9825,26.14,19.7881,203.9267,62.0299,0.5641,1.0e-04,,,3.5
9826,26.77,20.2153,169.5662,61.8179,0.5671,1.0e-04,,,3.5
9827,27.74,21.0210,206.2632,60.3125,0.5703,1.0e-04,,,3.5
9828,27.39,20.4727,180.7925,62.9896,0.5673,1.0e-04,,,3.5
9829,27.36,20.7031,189.6586,64.6536,0.5624,1.0e-04,,,3.5
9830,27.52,20.9004,209.9483,61.0703,0.5645,1.0e-04,28.13,0.44,3.5
9831,26.21,19.8594,191.7847,60.6712,0.5575,1.0e-04,,,3.5
9832,27.50,21.1606,152.4010,59.5625,0.5667,1.0e-04,,,3.5
9833,26.04,19.6445,182.8523,61.3505,0.5639,1.0e-04,,,3.5
9834,27.52,20.9419,162.0048,61.0651,0.5658,1.0e-04,,,3.5
9835,27.66,20.9517,200.6153,60.2943,0.5781,1.0e-04,,,3.5
9836,26.33,19.7578,166.8785,61.8859,0.5775,1.0e-04,,,3.5
9837,25.51,19.0977,196.6175,59.2443,0.5755,1.0e-04,,,3.5
9838,27.17,20.3472,202.1233,59.8594,0.5714,1.0e-04,,,3.5
9839,27.31,20.4766,186.5225,64.3151,0.5731,1.0e-04,,,3.5
9840,28.08,21.1904,176.7880,63.8850,0.5753,1.0e-04,27.62,0.53,3.5
9841,26.95,20.2075,180.5167,61.1328,0.5795,1.0e-04,,,3.5
9842,24.70,18.3359,184.6831,58.4554,0.5774,1.0e-04,,,3.5
9843,26.48,19.8618,168.0710,63.0870,0.5779,1.0e-04,,,3.5
9844,26.76,20.2178,183.5226,56.5190,0.5732,1.0e-04,,,3.5
9845,26.49,20.0806,176.5003,58.7174,0.5756,1.0e-04,,,3.5
9846,26.46,20.0698,183.6291,57.6902,0.5803,1.0e-04,,,3.5
9847,25.84,19.5059,181.1662,60.1932,0.5725,1.0e-04,,,3.5
9848,27.70,21.3149,200.1847,61.8594,0.5809,1.0e-04,,,3.5
9849,27.23,20.8032,161.3866,59.4583,0.5749,1.0e-04,,,3.5
9850,27.64,21.2690,183.6212,63.0260,0.5714,1.0e-04,27.26,0.40,3.5
9851,27.59,21.1382,177.9762,62.6328,0.5754,1.0e-04,,,3.5
9852,26.14,19.8076,179.8730,59.6332,0.5872,1.0e-04,,,3.5
9853,26.07,19.5679,185.8186,59.4293,0.5803,1.0e-04,,,3.5
9854,26.89,20.2969,195.6662,60.3234,0.5860,1.0e-04,,,3.5
9855,27.81,21.2217,209.0832,66.2370,0.5693,1.0e-04,,,3.5
9856,28.35,21.8369,183.5704,65.1275,0.5819,1.0e-04,,,3.5
9857,27.59,21.1108,205.4102,65.1432,0.5713,1.0e-04,,,3.5
9858,27.29,20.6182,205.0771,61.6849,0.5721,1.0e-04,,,3.5
9859,27.74,21.2412,200.9585,66.0599,0.5716,1.0e-04,,,3.5
9860,28.01,21.5278,199.0153,63.8425,0.5630,1.0e-04,26.27,0.30,3.5
9861,26.86,20.8789,177.8286,59.8451,0.5557,1.0e-04,,,3.5
9862,27.02,21.0342,203.7038,60.7005,0.5542,1.0e-04,,,3.5
9863,26.41,20.3311,187.2255,62.0788,0.5700,1.0e-04,,,3.5
9864,25.74,19.7817,195.2365,64.9062,0.5672,1.0e-04,,,3.5
9865,27.26,20.9971,191.1960,61.7161,0.5616,1.0e-04,,,3.5
9866,25.96,19.8052,202.2315,61.9592,0.5701,1.0e-04,,,3.5
9867,26.19,20.1270,186.8531,59.8370,0.5697,1.0e-04,,,3.5
9868,27.14,20.9873,180.4773,57.1250,0.5657,1.0e-04,,,3.5
9869,27.02,20.7998,168.1020,60.6979,0.5665,1.0e-04,,,3.5
9870,27.46,21.1514,172.6180,62.4531,0.5687,1.0e-04,27.93,0.46,3.5
9871,26.21,19.6655,191.8114,62.6522,0.5812,1.0e-04,,,3.5
9872,26.03,19.6670,195.7591,57.2989,0.5762,1.0e-04,,,3.5
9873,28.07,21.5088,168.8601,55.6500,0.5805,1.0e-04,,,3.5
9874,28.49,21.8047,175.9035,57.5200,0.5777,1.0e-04,,,3.5
9875,26.04,19.4077,158.3475,57.1332,0.5757,1.0e-04,,,3.5
9876,26.30,19.6553,157.4317,54.8016,0.5758,1.0e-04,,,3.5
9877,26.99,20.2090,181.3752,55.3125,0.5831,1.0e-04,,,3.5
9878,27.13,20.2720,149.3646,56.1302,0.5865,1.0e-04,,,3.5
9879,26.90,20.0684,158.3351,54.6641,0.5888,1.0e-04,,,3.5
9880,26.10,19.7134,162.4061,54.8967,0.5836,1.0e-04,28.05,0.49,3.5
9881,26.05,19.5610,153.6826,57.3641,0.5751,1.0e-04,,,3.5
9882,26.21,19.9175,181.7367,60.8071,0.5792,1.0e-04,,,3.5
9883,25.91,19.5396,174.3433,58.5136,0.5776,1.0e-04,,,3.5
9884,26.70,20.4199,171.6448,62.6005,0.5723,1.0e-04,,,3.5
9885,27.59,21.1255,199.8812,61.5885,0.5679,1.0e-04,,,3.5
9886,26.94,20.6895,177.0420,63.4167,0.5702,1.0e-04,,,3.5
9887,28.21,21.8120,187.6062,58.8025,0.5701,1.0e-04,,,3.5
9888,26.89,20.4785,183.0571,62.4062,0.5706,1.0e-04,,,3.5
9889,27.56,21.3003,174.2170,60.5469,0.5701,1.0e-04,,,3.5
9890,26.46,20.3066,192.6150,63.6848,0.5669,1.0e-04,27.87,0.41,3.5
9891,26.30,20.0020,181.5491,62.8832,0.5712,1.0e-04,,,3.5
9892,27.57,21.1294,188.9262,61.0182,0.5709,1.0e-04,,,3.5
9893,27.00,20.7295,200.2459,63.5547,0.5626,1.0e-04,,,3.5
9894,27.77,21.2456,215.4332,60.8151,0.5725,1.0e-04,,,3.5
9895,26.42,20.2588,188.4387,63.8696,0.5706,1.0e-04,,,3.5
9896,26.47,20.1704,199.2264,60.3668,0.5672,1.0e-04,,,3.5
9897,28.73,21.9746,173.3874,67.0225,0.5707,1.0e-04,,,3.5
9898,27.44,20.9927,190.4544,63.2656,0.5717,1.0e-04,,,3.5
9899,28.01,21.6016,187.5562,65.3125,0.5669,1.0e-04,,,3.5
9900,27.09,20.7925,184.9916,61.5521,0.5690,1.0e-04,28.60,0.48,3.5
9901,27.10,20.4014,201.9949,64.3021,0.5739,1.0e-04,,,3.5
9902,27.43,20.7085,167.8760,58.3281,0.5782,1.0e-04,,,3.5
9903,27.40,20.8003,168.8739,57.3333,0.5763,1.0e-04,,,3.5
9904,29.22,22.4102,165.5538,62.0721,0.5828,1.0e-04,,,3.6
9905,26.49,20.2197,182.7149,62.5435,0.5668,1.0e-04,,,3.5
9906,27.48,20.7617,175.0949,58.5130,0.5842,1.0e-04,,,3.5
9907,26.79,20.5107,176.0782,57.4946,0.5722,1.0e-04,,,3.5
9908,26.66,20.2920,186.8200,59.2826,0.5734,1.0e-04,,,3.5
9909,27.50,21.2363,202.4461,65.3646,0.5674,1.0e-04,,,3.5
9910,27.17,20.8438,196.1123,65.3750,0.5737,1.0e-04,28.54,0.45,3.5
9911,27.00,20.5459,206.1296,60.6562,0.5769,1.0e-04,,,3.5
9912,27.57,20.8403,173.1907,64.4844,0.5734,1.0e-04,,,3.5
9913,26.89,20.2397,192.0854,63.7011,0.5802,1.0e-04,,,3.5
9914,26.48,19.8574,218.4874,64.7663,0.5755,1.0e-04,,,3.5
9915,27.54,20.7939,183.8414,65.5182,0.5781,1.0e-04,,,3.5
9916,26.85,20.0264,195.5709,59.4130,0.5817,1.0e-04,,,3.5
9917,26.14,19.4653,199.4918,60.8859,0.5794,1.0e-04,,,3.5
9918,27.96,21.0742,168.2923,61.0900,0.5801,1.0e-04,,,3.5
9919,27.35,20.3091,197.2629,63.1510,0.5699,1.0e-04,,,3.5
9920,26.11,19.4238,193.4971,64.2310,0.5707,1.0e-04,27.84,0.56,3.5
9921,26.64,19.8994,196.1879,61.6223,0.5832,1.0e-04,,,3.5
9922,26.99,20.1021,183.6265,58.4557,0.5777,1.0e-04,,,3.5
9923,26.43,19.4863,213.2743,60.8832,0.5827,1.0e-04,,,3.5
9924,27.60,20.5464,180.4739,63.1042,0.5789,1.0e-04,,,3.5
9925,26.83,19.7012,207.4949,62.1984,0.5742,1.0e-04,,,3.5
9926,27.23,20.0718,179.5924,63.2266,0.5680,1.0e-04,,,3.5
9927,27.04,19.8853,167.7056,57.3333,0.5768,1.0e-04,,,3.5
9928,26.80,19.9858,162.1794,58.3777,0.5814,1.0e-04,,,3.5
9929,26.15,19.3428,173.3654,57.8777,0.5748,1.0e-04,,,3.5
9930,27.85,20.8286,179.9619,61.1432,0.5697,1.0e-04,28.35,0.53,3.5
9931,26.06,19.5332,167.5852,56.2609,0.5696,1.0e-04,,,3.5
9932,26.89,20.1143,167.4130,58.8542,0.5843,1.0e-04,,,3.5
9933,27.24,20.6392,165.7235,60.6641,0.5786,1.0e-04,,,3.5
9934,27.12,20.5439,158.6650,62.8568,0.5776,1.0e-04,,,3.5
9935,26.06,19.6880,181.4111,59.8777,0.5737,1.0e-04,,,3.5
9936,26.09,19.7852,183.1293,60.7908,0.5776,1.0e-04,,,3.5
9937,26.82,20.3330,180.8435,57.7826,0.5776,1.0e-04,,,3.5
9938,26.93,20.3247,199.2098,64.3229,0.5730,1.0e-04,,,3.5
9939,27.19,20.6899,183.3804,61.2969,0.5794,1.0e-04,,,3.5
9940,26.63,20.2119,182.3778,56.8370,0.5731,1.0e-04,27.22,0.41,3.5
9941,27.92,21.3789,168.6898,61.1200,0.5774,1.0e-04,,,3.5
9942,26.28,19.9951,184.2073,61.4158,0.5833,1.0e-04,,,3.5
9943,27.15,20.7148,187.2229,58.1458,0.5763,1.0e-04,,,3.5
9944,26.88,20.5049,175.9018,57.5299,0.5788,1.0e-04,,,3.5
9945,27.55,21.1987,169.5126,58.2240,0.5710,1.0e-04,,,3.5
9946,26.05,19.8306,177.2372,60.7799,0.5764,1.0e-04,,,3.5
9947,26.56,20.1851,191.5465,56.9484,0.5835,1.0e-04,,,3.5
9948,27.00,20.5742,188.4693,61.4922,0.5790,1.0e-04,,,3.5
9949,27.68,21.1802,183.4655,61.3854,0.5737,1.0e-04,,,3.5
9950,28.23,21.4673,197.8979,59.4450,0.5816,1.0e-04,28.14,0.45,3.5
9951,28.52,21.8721,160.7052,58.9825,0.5839,1.0e-04,,,3.5
9952,28.25,21.8247,175.8833,62.3500,0.5801,1.0e-04,,,3.5
9953,26.68,20.3438,180.3194,62.0598,0.5798,1.0e-04,,,3.5
9954,26.98,20.5190,190.0648,62.1380,0.5786,1.0e-04,,,3.5
9955,26.16,19.7300,187.5863,57.9946,0.5825,1.0e-04,,,3.5
9956,27.63,21.3662,180.8693,66.0964,0.5746,1.0e-04,,,3.5
9957,26.71,20.5605,199.0609,63.7065,0.5704,1.0e-04,,,3.5
9958,26.26,20.0869,219.0663,61.6033,0.5754,1.0e-04,,,3.5
9959,27.43,21.0947,210.0515,71.0885,0.5781,1.0e-04,,,3.5
9960,27.74,21.0972,213.4577,63.3307,0.5725,1.0e-04,27.57,0.43,3.5
9961,27.78,21.2534,200.6849,64.8411,0.5646,1.0e-04,,,3.5
9962,25.30,19.1367,191.5958,63.7983,0.5638,1.0e-04,,,3.5
9963,27.93,21.2954,176.8742,64.0350,0.5722,1.0e-04,,,3.5
9964,26.03,19.5015,207.2690,61.4212,0.5690,1.0e-04,,,3.5
9965,28.29,21.5225,175.7772,61.8725,0.5763,1.0e-04,,,3.5
9966,27.86,21.1831,188.0668,66.7240,0.5699,1.0e-04,,,3.5
9967,26.60,20.1680,207.4398,61.6848,0.5758,1.0e-04,,,3.5
9968,27.15,20.6157,195.6823,58.2786,0.5692,1.0e-04,,,3.5
9969,26.87,20.5815,212.1648,62.4783,0.5667,1.0e-04,,,3.5
9970,27.39,20.8252,185.4199,62.1224,0.5779,1.0e-04,28.13,0.46,3.5
9971,26.95,20.3647,171.0879,61.6250,0.5739,1.0e-04,,,3.5
9972,26.17,19.6772,192.0604,61.9891,0.5783,1.0e-04,,,3.5
9973,25.70,19.4395,204.6798,60.4602,0.5714,1.0e-04,,,3.5
9974,26.07,19.6196,194.9424,62.9728,0.5714,1.0e-04,,,3.5
9975,27.32,20.8306,210.1918,62.0833,0.5722,1.0e-04,,,3.5
9976,26.51,19.8848,187.0669,62.3560,0.5785,1.0e-04,,,3.5
9977,26.64,19.9136,181.8339,61.9864,0.5784,1.0e-04,,,3.5
9978,27.31,20.6821,183.2987,66.4141,0.5712,1.0e-04,,,3.5
9979,25.90,19.4775,198.4283,62.3777,0.5779,1.0e-04,,,3.5
9980,26.84,20.3013,189.0335,63.5217,0.5730,1.0e-04,27.87,0.49,3.5
9981,27.56,20.8613,183.0926,63.6693,0.5753,1.0e-04,,,3.5
9982,27.31,20.6641,198.9425,59.7109,0.5705,1.0e-04,,,3.5
9983,27.99,21.1172,156.0303,65.1350,0.5799,1.0e-04,,,3.5
9984,28.03,21.4380,215.1119,62.0875,0.5675,1.0e-04,,,3.5
9985,26.59,20.0586,175.4164,63.2935,0.5710,1.0e-04,,,3.5
9986,27.24,20.8989,203.3493,65.4635,0.5707,1.0e-04,,,3.5
9987,27.81,21.5386,201.8185,58.6120,0.5685,1.0e-04,,,3.5
9988,26.77,20.8569,180.1657,64.7908,0.5570,1.0e-04,,,3.5
9989,26.94,20.7793,177.7554,63.1615,0.5624,1.0e-04,,,3.5
9990,27.22,20.8540,203.3399,61.6120,0.5672,1.0e-04,27.76,0.44,3.5
9991,27.18,20.7041,171.7357,61.5312,0.5734,1.0e-04,,,3.5
9992,27.26,20.9014,179.3659,61.1875,0.5715,1.0e-04,,,3.5
9993,28.37,21.9395,182.4885,62.2300,0.5794,1.0e-04,,,3.5
9994,26.78,20.3477,183.7825,60.1821,0.5693,1.0e-04,,,3.5
9995,27.92,21.3940,178.8745,59.9800,0.5716,1.0e-04,,,3.5
9996,26.47,19.8525,162.8075,57.3913,0.5761,1.0e-04,,,3.5
9997,27.43,20.8726,164.2155,60.4193,0.5684,1.0e-04,,,3.5
9998,27.32,20.6768,167.9820,65.0729,0.5700,1.0e-04,,,3.5
9999,26.26,19.6772,188.4340,61.4457,0.5696,1.0e-04,,,3.5
10000,27.33,20.7383,200.8264,63.3880,0.5684,1.0e-04,28.36,0.43,3.5
10001,27.13,20.6880,177.9880,60.7057,0.5664,1.0e-04,,,3.5
10002,27.19,20.7764,190.7299,63.0651,0.5628,1.0e-04,,,3.5
10003,26.35,19.9927,184.4495,60.1549,0.5713,1.0e-04,,,3.5
10004,26.54,19.9434,174.8503,59.6875,0.5736,1.0e-04,,,3.5
10005,25.38,18.9922,195.4979,55.6989,0.5737,1.0e-04,,,3.5
10006,26.94,20.4561,171.5816,57.4714,0.5760,1.0e-04,,,3.5
10007,26.89,20.4692,193.8437,65.0104,0.5683,1.0e-04,,,3.5
10008,27.59,21.1802,203.2239,65.2370,0.5756,1.0e-04,,,3.5
10009,25.31,19.1919,195.0163,63.5341,0.5744,1.0e-04,,,3.5
10010,27.06,20.5220,177.6558,63.2786,0.5720,1.0e-04,27.62,0.54,3.5
10011,26.27,19.6021,209.0801,68.1522,0.5707,1.0e-04,,,3.5
10012,27.03,20.1909,207.1068,67.2083,0.5724,1.0e-04,,,3.5
10013,27.11,20.4888,203.5484,66.2891,0.5746,1.0e-04,,,3.5
10014,26.15,19.6294,196.9022,63.6168,0.5766,1.0e-04,,,3.5
10015,27.29,20.5581,190.9870,64.3203,0.5722,1.0e-04,,,3.5
10016,26.55,19.9600,214.2275,62.7310,0.5688,1.0e-04,,,3.5
10017,27.33,20.5229,201.8096,63.9453,0.5706,1.0e-04,,,3.5
10018,27.11,20.3457,207.0872,64.2031,0.5658,1.0e-04,,,3.5
10019,28.03,21.2212,196.8734,65.1725,0.5720,1.0e-04,,,3.5
10020,27.02,20.2681,197.4204,63.9427,0.5729,1.0e-04,28.25,0.45,3.5
10021,26.65,20.2896,176.8018,61.3940,0.5721,1.0e-04,,,3.5
10022,27.60,21.1240,205.2230,61.2865,0.5756,1.0e-04,,,3.5
10023,25.63,19.3555,220.1739,62.4631,0.5751,1.0e-04,,,3.5
10024,26.36,20.1313,198.8281,61.7228,0.5751,1.0e-04,,,3.5
10025,27.84,21.1416,185.3477,66.0573,0.5804,1.0e-04,,,3.5
10026,28.04,21.3145,196.8146,60.6325,0.5783,1.0e-04,,,3.5
10027,25.67,19.2427,183.6803,61.5227,0.5786,1.0e-04,,,3.5
10028,26.55,19.7349,175.3612,61.7120,0.5859,1.0e-04,,,3.5
10029,28.04,21.2969,165.7639,66.4425,0.5812,1.0e-04,,,3.5
10030,28.22,21.3760,172.9874,62.3575,0.5770,1.0e-04,27.62,0.44,3.5
10031,26.87,20.4536,202.1592,58.5435,0.5758,1.0e-04,,,3.5
10032,26.58,20.3760,191.1202,58.2065,0.5700,1.0e-04,,,3.5
10033,26.86,20.5342,184.4124,58.2255,0.5816,1.0e-04,,,3.5
10034,27.40,20.9268,196.5916,63.5807,0.5857,1.0e-04,,,3.5
10035,26.26,20.0669,179.9271,56.4022,0.5636,1.0e-04,,,3.5
10036,26.89,20.7085,185.3424,61.4511,0.5714,1.0e-04,,,3.5
10037,27.48,21.0405,188.4145,64.0495,0.5686,1.0e-04,,,3.5
10038,27.02,20.3403,195.5252,64.5000,0.5697,1.0e-04,,,3.5
10039,26.01,19.4932,183.5035,63.2826,0.5771,1.0e-04,,,3.5
10040,26.91,20.2725,193.8250,61.3152,0.5753,1.0e-04,27.95,0.44,3.5
10041,27.01,20.4937,183.8708,61.4010,0.5775,1.0e-04,,,3.5
10042,27.23,20.5640,209.7067,61.0547,0.5760,1.0e-04,,,3.5
10043,26.84,20.4653,187.8728,61.7310,0.5734,1.0e-04,,,3.5
10044,26.23,20.0005,232.0925,62.7745,0.5662,1.0e-04,,,3.5
10045,27.37,20.8369,190.1344,58.6406,0.5730,1.0e-04,,,3.5
10046,26.94,20.4609,186.1495,62.1615,0.5808,1.0e-04,,,3.5
10047,26.31,20.0483,178.2919,62.0136,0.5759,1.0e-04,,,3.5
10048,27.48,21.1670,192.1975,65.3125,0.5709,1.0e-04,,,3.5
10049,26.78,20.5771,172.7500,60.8179,0.5685,1.0e-04,,,3.5
10050,26.98,20.6987,198.0715,62.4479,0.5703,1.0e-04,26.07,0.32,3.5
10051,25.62,19.6875,179.7423,63.2386,0.5537,1.0e-04,,,3.5
10052,27.08,20.6890,207.5652,66.3568,0.5644,1.0e-04,,,3.5
10053,26.69,20.1572,199.5117,66.0380,0.5716,1.0e-04,,,3.5
10054,25.27,18.8105,213.7282,58.7926,0.5717,1.0e-04,,,3.5
10055,28.46,21.5605,165.4196,62.0300,0.5761,1.0e-04,,,3.5
10056,27.70,20.8081,185.3703,61.8255,0.5618,1.0e-04,,,3.5
10057,26.24,19.6489,179.0693,59.5190,0.5726,1.0e-04,,,3.5
10058,26.69,19.9399,194.4259,60.3777,0.5745,1.0e-04,,,3.5
10059,26.30,19.5952,179.1189,58.7663,0.5838,1.0e-04,,,3.5
10060,25.89,19.0693,178.5887,56.0598,0.5783,1.0e-04,27.56,0.59,3.5
10061,26.33,19.5923,151.0119,58.2880,0.5804,1.0e-04,,,3.5
10062,26.70,19.7886,183.1584,57.4484,0.5806,1.0e-04,,,3.5
10063,26.39,19.6265,173.1226,62.1413,0.5762,1.0e-04,,,3.5
10064,26.46,19.7412,188.0268,55.8913,0.5740,1.0e-04,,,3.5
10065,26.77,20.3037,166.4709,59.4620,0.5772,1.0e-04,,,3.5
10066,26.78,20.3535,197.7704,60.9076,0.5704,1.0e-04,,,3.5
10067,27.58,21.0303,177.6069,60.7005,0.5750,1.0e-04,,,3.5
10068,27.63,21.1006,183.3672,57.8307,0.5791,1.0e-04,,,3.5
10069,27.30,20.6992,181.6131,59.3542,0.5716,1.0e-04,,,3.5
10070,26.65,20.0366,192.1180,58.5870,0.5828,1.0e-04,27.83,0.49,3.5
10071,26.18,19.6768,167.2087,58.8533,0.5782,1.0e-04,,,3.5
10072,27.91,20.9189,176.7235,59.1075,0.5815,1.0e-04,,,3.5
10073,27.36,20.7183,156.3599,60.4271,0.5816,1.0e-04,,,3.5
10074,27.45,20.8979,180.4331,62.8047,0.5721,1.0e-04,,,3.5
10075,26.39,20.1245,178.7694,61.1766,0.5694,1.0e-04,,,3.5
10076,27.34,21.0161,183.2680,57.3776,0.5695,1.0e-04,,,3.5
10077,26.59,20.5146,175.6857,58.8397,0.5661,1.0e-04,,,3.5
10078,26.57,20.4438,174.8676,60.7935,0.5643,1.0e-04,,,3.5
10079,26.24,19.8442,173.7205,55.6848,0.5764,1.0e-04,,,3.5
10080,26.89,20.5532,174.1992,59.4701,0.5620,1.0e-04,26.96,0.34,3.5
10081,26.93,20.8472,198.0173,59.1927,0.5640,1.0e-04,,,3.5
10082,26.96,20.7573,188.3125,58.7109,0.5596,1.0e-04,,,3.5
10083,27.22,20.7646,175.2785,61.7370,0.5739,1.0e-04,,,3.5
10084,26.99,20.6899,170.6154,60.5078,0.5692,1.0e-04,,,3.5
10085,28.01,21.6523,186.7038,62.6275,0.5618,1.0e-04,,,3.5
10086,26.01,19.8120,200.3753,58.5272,0.5696,1.0e-04,,,3.5
10087,26.45,20.0698,187.9358,61.6440,0.5776,1.0e-04,,,3.5
10088,27.21,20.6963,195.2541,59.6667,0.5686,1.0e-04,,,3.5
10089,27.14,20.6133,176.0962,66.2656,0.5665,1.0e-04,,,3.5
10090,26.92,20.3975,165.3485,62.3307,0.5764,1.0e-04,28.40,0.47,3.5
10091,27.77,21.1543,202.8622,65.5130,0.5695,1.0e-04,,,3.5
10092,27.74,20.9604,175.4826,61.8620,0.5803,1.0e-04,,,3.5
10093,26.54,19.8770,193.6662,62.7636,0.5733,1.0e-04,,,3.5
10094,26.91,20.2104,184.5749,61.0469,0.5700,1.0e-04,,,3.5
10095,27.74,21.0220,190.0902,61.8776,0.5682,1.0e-04,,,3.5
10096,27.39,20.6392,187.0378,59.7500,0.5802,1.0e-04,,,3.5
10097,26.24,19.7949,186.0643,59.8533,0.5771,1.0e-04,,,3.5
10098,26.46,19.7305,200.0513,58.5489,0.5779,1.0e-04,,,3.5
10099,26.27,19.6680,170.5991,59.0408,0.5785,1.0e-04,,,3.5
10100,26.79,20.0645,198.5191,59.6033,0.5754,1.0e-04,27.77,0.50,3.5
10101,29.53,22.4888,171.2821,61.2091,0.5802,1.0e-04,,,3.6
10102,28.18,21.2637,197.4587,70.8550,0.5725,1.0e-04,,,3.5
10103,25.76,19.1982,228.8437,67.5199,0.5690,1.0e-04,,,3.5
10104,26.97,20.2451,209.0341,63.7760,0.5741,1.0e-04,,,3.5
10105,27.16,20.5039,223.9324,64.0729,0.5782,1.0e-04,,,3.5
10106,27.30,20.7988,239.0833,65.4427,0.5717,1.0e-04,,,3.5
10107,27.59,20.7847,182.7710,61.5938,0.5860,1.0e-04,,,3.5
10108,29.06,22.1074,183.5858,65.8630,0.5869,1.0e-04,,,3.6
10109,27.32,20.6636,199.5627,59.0547,0.5765,1.0e-04,,,3.5
10110,24.71,18.2197,173.9871,59.4107,0.5812,1.0e-04,28.62,0.52,3.5
10111,27.14,20.3740,181.5823,58.8958,0.5777,1.0e-04,,,3.5
10112,27.62,21.0117,180.7183,58.2109,0.5789,1.0e-04,,,3.5
10113,27.75,21.2085,174.4417,61.7760,0.5742,1.0e-04,,,3.5
10114,26.62,20.4399,193.9765,64.0163,0.5612,1.0e-04,,,3.5
10115,28.42,21.7891,170.4478,63.6175,0.5642,1.0e-04,,,3.5
10116,26.52,20.1855,193.4102,57.6821,0.5660,1.0e-04,,,3.5
10117,27.61,21.1211,173.1932,59.9844,0.5698,1.0e-04,,,3.5
10118,26.83,20.3564,169.9935,63.2772,0.5675,1.0e-04,,,3.5
10119,27.04,20.4517,217.2680,66.6484,0.5708,1.0e-04,,,3.5
10120,25.69,19.3989,184.2630,63.9347,0.5665,1.0e-04,27.90,0.46,3.5
10121,27.08,20.5381,179.5590,59.4505,0.5724,1.0e-04,,,3.5
10122,27.23,20.7979,207.0411,65.5417,0.5711,1.0e-04,,,3.5
10123,26.59,20.2642,195.1533,60.6576,0.5727,1.0e-04,,,3.5
10124,27.21,20.7261,206.3386,61.4922,0.5680,1.0e-04,,,3.5
10125,28.20,21.6021,196.6061,66.1150,0.5660,1.0e-04,,,3.5
10126,27.08,20.4185,197.2555,66.3125,0.5683,1.0e-04,,,3.5
10127,27.77,20.8535,182.6087,61.4583,0.5697,1.0e-04,,,3.5
10128,27.97,20.8984,179.4336,60.8650,0.5656,1.0e-04,,,3.5
10129,26.28,19.5229,180.9414,60.3804,0.5764,1.0e-04,,,3.5
10130,26.86,20.2422,168.9275,61.4130,0.5730,1.0e-04,27.81,0.42,3.5
10131,28.09,21.5859,176.8882,67.0600,0.5758,1.0e-04,,,3.5
10132,27.34,20.8491,210.9388,62.5365,0.5706,1.0e-04,,,3.5
10133,27.45,20.7461,201.6096,63.3490,0.5775,1.0e-04,,,3.5
10134,27.75,21.0967,176.9400,59.6641,0.5763,1.0e-04,,,3.5
10135,27.84,21.2261,192.7439,61.1016,0.5796,1.0e-04,,,3.5
10136,25.44,18.9185,212.6504,59.6761,0.5765,1.0e-04,,,3.5
10137,27.69,20.9067,192.2070,63.0312,0.5775,1.0e-04,,,3.5
10138,26.70,20.0620,191.4633,59.6685,0.5746,1.0e-04,,,3.5
10139,27.01,20.2373,162.5165,60.8307,0.5810,1.0e-04,,,3.5
10140,26.87,20.2007,193.1065,63.1576,0.5770,1.0e-04,28.24,0.55,3.5
10141,27.88,20.9634,181.2083,58.1484,0.5814,1.0e-04,,,3.5
10142,27.65,20.8765,182.8270,59.9505,0.5827,1.0e-04,,,3.5
10143,26.10,19.6270,189.0636,59.7826,0.5747,1.0e-04,,,3.5
10144,26.21,19.9302,189.2952,60.7174,0.5683,1.0e-04,,,3.5
10145,26.62,20.2871,186.3308,64.7690,0.5758,1.0e-04,,,3.5
10146,26.25,19.9551,181.7153,61.3967,0.5680,1.0e-04,,,3.5
10147,25.55,19.4746,181.8336,60.3267,0.5744,1.0e-04,,,3.5
10148,26.47,20.1577,202.4871,65.0163,0.5715,1.0e-04,,,3.5
10149,26.69,20.4629,215.2261,67.3723,0.5596,1.0e-04,,,3.5
10150,26.41,20.1235,202.0204,63.1250,0.5700,1.0e-04,27.64,0.45,3.5
10151,26.93,20.4580,185.8313,60.9167,0.5696,1.0e-04,,,3.5
10152,26.23,19.9224,188.4902,58.3696,0.5791,1.0e-04,,,3.5
10153,26.49,19.9609,174.3877,60.5571,0.5763,1.0e-04,,,3.5
10154,27.41,20.6299,187.0116,57.8073,0.5710,1.0e-04,,,3.5
10155,26.80,20.0947,167.7124,60.6168,0.5753,1.0e-04,,,3.5
10156,26.94,20.4141,165.0431,57.3411,0.5785,1.0e-04,,,3.5
10157,26.73,20.2036,169.0816,56.7745,0.5832,1.0e-04,,,3.5
10158,27.08,20.3931,175.2485,60.8568,0.5764,1.0e-04,,,3.5
10159,25.61,19.3184,194.3667,64.2017,0.5726,1.0e-04,,,3.5
10160,27.81,21.3535,202.3142,68.4297,0.5698,1.0e-04,27.67,0.38,3.5
10161,28.63,22.1445,186.1562,63.0375,0.5655,1.0e-04,,,3.5
10162,28.06,21.5225,202.4886,62.3325,0.5681,1.0e-04,,,3.5
10163,27.78,21.2388,224.0527,64.8281,0.5743,1.0e-04,,,3.5
10164,28.35,21.8560,199.7707,67.4825,0.5670,1.0e-04,,,3.5
10165,27.61,21.1636,189.0533,68.2031,0.5710,1.0e-04,,,3.5
10166,26.87,20.4761,211.3605,61.1250,0.5720,1.0e-04,,,3.5
10167,26.52,20.1025,192.7252,61.7582,0.5733,1.0e-04,,,3.5
10168,26.23,19.7871,183.5149,57.5353,0.5695,1.0e-04,,,3.5
10169,26.98,20.3633,197.8660,63.4792,0.5646,1.0e-04,,,3.5
10170,27.41,20.6782,157.0597,57.2161,0.5743,1.0e-04,27.76,0.46,3.5
10171,27.06,20.4150,169.1659,59.8958,0.5735,1.0e-04,,,3.5
10172,27.55,20.7520,169.0877,59.8984,0.5781,1.0e-04,,,3.5
10173,26.53,19.8926,156.4083,60.1603,0.5744,1.0e-04,,,3.5
10174,27.37,20.7241,184.2052,58.9948,0.5697,1.0e-04,,,3.5
10175,28.05,21.3184,186.1242,62.1075,0.5720,1.0e-04,,,3.5
10176,26.38,20.0063,169.9784,62.1141,0.5737,1.0e-04,,,3.5
10177,25.32,19.1885,175.3981,55.8210,0.5745,1.0e-04,,,3.5
10178,28.15,21.7549,163.5027,60.5275,0.5739,1.0e-04,,,3.5
10179,27.38,21.1045,166.0068,61.6797,0.5670,1.0e-04,,,3.5
10180,26.82,20.7490,179.7959,58.5217,0.5611,1.0e-04,27.58,0.42,3.5
10181,26.62,20.2949,164.4226,58.6196,0.5815,1.0e-04,,,3.5
10182,27.35,21.1460,187.8812,61.6927,0.5674,1.0e-04,,,3.5
10183,27.70,21.2993,190.2571,58.0339,0.5648,1.0e-04,,,3.5
10184,27.43,20.9253,169.8569,61.8906,0.5744,1.0e-04,,,3.5
10185,26.84,20.3521,219.8977,64.3071,0.5701,1.0e-04,,,3.5
10186,25.86,19.3599,172.9479,60.1392,0.5742,1.0e-04,,,3.5
10187,28.08,21.4873,171.9409,62.4900,0.5684,1.0e-04,,,3.5
10188,27.91,21.1626,192.7333,60.8212,0.5730,1.0e-04,,,3.5
10189,27.21,20.6196,184.5124,63.5885,0.5752,1.0e-04,,,3.5
10190,26.85,20.6885,220.0780,62.8533,0.5571,1.0e-04,28.10,0.40,3.5
10191,27.70,21.3135,178.4426,64.1719,0.5774,1.0e-04,,,3.5
10192,26.44,20.2910,187.3590,60.8071,0.5584,1.0e-04,,,3.5
10193,27.57,21.0889,194.4834,63.5234,0.5741,1.0e-04,,,3.5
10194,25.91,19.4082,234.1601,64.6196,0.5775,1.0e-04,,,3.5
10195,27.22,20.6084,188.0952,63.3646,0.5742,1.0e-04,,,3.5
10196,27.20,20.6328,219.5572,66.5260,0.5729,1.0e-04,,,3.5
10197,26.70,20.2290,203.6960,63.8370,0.5674,1.0e-04,,,3.5
10198,26.76,20.1670,200.1464,62.8832,0.5758,1.0e-04,,,3.5
10199,26.78,20.1904,204.6461,61.0761,0.5699,1.0e-04,,,3.5
10200,26.21,19.6636,164.7945,54.2663,0.5755,1.0e-04,28.25,0.54,3.5
10201,27.17,20.3877,173.9917,60.9870,0.5780,1.0e-04,,,3.5
10202,28.36,21.6001,181.6213,64.1025,0.5616,1.0e-04,,,3.5
10203,27.51,20.6353,194.2096,62.4219,0.5727,1.0e-04,,,3.5
10204,27.57,20.5459,188.2474,64.1198,0.5699,1.0e-04,,,3.5
10205,26.39,19.7676,195.6940,67.0707,0.5702,1.0e-04,,,3.5
10206,26.34,19.8931,181.2505,61.7989,0.5699,1.0e-04,,,3.5
10207,26.65,20.2422,203.8488,64.9049,0.5582,1.0e-04,,,3.5
10208,26.32,20.0142,191.9004,62.1848,0.5608,1.0e-04,,,3.5
10209,26.18,20.0718,213.1411,65.3995,0.5461,1.0e-04,,,3.5
10210,26.74,20.3789,192.5868,63.3234,0.5642,1.0e-04,27.88,0.39,3.5
10211,26.59,20.2803,183.7055,61.7908,0.5604,1.0e-04,,,3.5
10212,27.50,21.0283,191.1685,64.0781,0.5631,1.0e-04,,,3.5
10213,26.07,19.7393,208.7730,61.1087,0.5513,1.0e-04,,,3.5
10214,25.82,19.7490,209.6275,60.3295,0.5600,1.0e-04,,,3.5
10215,27.82,21.2871,179.0053,60.1953,0.5608,1.0e-04,,,3.5
10216,28.49,21.7808,197.0557,63.4675,0.5595,1.0e-04,,,3.5
10217,27.05,20.3599,194.9258,59.9844,0.5720,1.0e-04,,,3.5
10218,26.83,20.3618,198.4098,63.5163,0.5609,1.0e-04,,,3.5
10219,27.85,21.3345,196.0683,66.9531,0.5552,1.0e-04,,,3.5
10220,26.94,20.4165,195.9553,61.8516,0.5593,1.0e-04,28.23,0.47,3.5
10221,27.40,20.7832,199.6002,62.1589,0.5669,1.0e-04,,,3.5
10222,27.10,20.5845,190.3200,63.4141,0.5681,1.0e-04,,,3.5
10223,27.58,20.9102,213.9071,68.0365,0.5615,1.0e-04,,,3.5
10224,27.03,20.3403,197.8246,59.1901,0.5682,1.0e-04,,,3.5
10225,28.57,21.6523,186.6122,62.8300,0.5732,1.0e-04,,,3.5
10226,25.06,18.3218,214.7530,61.1420,0.5642,1.0e-04,,,3.5
10227,26.31,19.1851,207.0929,60.1304,0.5571,1.0e-04,,,3.5
10228,27.33,20.1631,190.8152,60.4115,0.5727,1.0e-04,,,3.5
10229,27.62,20.4971,186.0776,60.7891,0.5732,1.0e-04,,,3.5
10230,26.09,19.2129,179.9365,58.9076,0.5719,1.0e-04,28.13,0.57,3.5
10231,27.07,20.1973,170.0164,58.9896,0.5721,1.0e-04,,,3.5
10232,26.01,19.2021,172.2308,57.9130,0.5714,1.0e-04,,,3.5
10233,27.70,20.8291,154.9333,57.9635,0.5739,1.0e-04,,,3.5
10234,27.63,20.6011,168.3929,58.4818,0.5800,1.0e-04,,,3.5
10235,27.31,20.1348,169.0120,56.2656,0.5789,1.0e-04,,,3.5
10236,26.33,19.4019,161.3570,57.3505,0.5759,1.0e-04,,,3.5
10237,27.84,20.9004,164.2389,56.7292,0.5762,1.0e-04,,,3.5
10238,26.11,19.6001,173.9841,58.5571,0.5777,1.0e-04,,,3.5
10239,26.29,19.6484,173.9900,57.7609,0.5751,1.0e-04,,,3.5
10240,26.53,19.8672,156.1514,55.8342,0.5687,1.0e-04,28.41,0.49,3.5
10241,28.64,21.7651,180.8887,66.5875,0.5686,1.0e-04,,,3.5
10242,25.80,19.3794,193.7677,59.5881,0.5749,1.0e-04,,,3.5
10243,26.85,20.2241,169.9222,63.2391,0.5754,1.0e-04,,,3.5
10244,26.25,19.6763,188.0075,62.7500,0.5816,1.0e-04,,,3.5
10245,26.51,20.1191,188.8213,64.1332,0.5740,1.0e-04,,,3.5
10246,27.10,20.5361,181.7380,68.2943,0.5780,1.0e-04,,,3.5
10247,28.75,22.1807,194.7688,64.5075,0.5664,1.0e-04,,,3.6
10248,27.26,20.8623,189.6838,68.4583,0.5678,1.0e-04,,,3.5
10249,27.56,21.2866,207.1474,63.6849,0.5674,1.0e-04,,,3.5
10250,26.36,20.1572,206.7394,64.5027,0.5687,1.0e-04,27.71,0.39,3.5
10251,26.99,20.6162,196.8343,63.4453,0.5697,1.0e-04,,,3.5
10252,26.61,20.4561,201.5021,64.9973,0.5631,1.0e-04,,,3.5
10253,26.54,20.4951,191.1302,63.7364,0.5596,1.0e-04,,,3.5
10254,26.86,20.6475,235.5396,69.7554,0.5552,1.0e-04,,,3.5
10255,28.26,21.6875,198.0010,69.9900,0.5677,1.0e-04,,,3.5
10256,27.36,20.7339,206.2623,67.1823,0.5629,1.0e-04,,,3.5
10257,26.86,20.3882,200.2930,67.8832,0.5620,1.0e-04,,,3.7
10258,29.04,22.0503,205.2189,70.6803,0.5624,1.0e-04,,,3.6
10259,26.25,19.8359,221.5847,66.8859,0.5698,1.0e-04,,,3.5
10260,28.21,21.5527,198.8570,67.7275,0.5702,1.0e-04,28.32,0.44,3.5
10261,26.81,20.4404,245.4731,66.9022,0.5612,1.0e-04,,,3.5
10262,28.53,21.7871,167.7961,62.5850,0.5817,1.0e-04,,,3.5
10263,26.84,20.3877,193.7781,64.5272,0.5639,1.0e-04,,,3.5
10264,26.99,20.5640,197.9053,63.5339,0.5692,1.0e-04,,,3.5
10265,27.97,21.2700,183.4004,68.0100,0.5744,1.0e-04,,,3.5
10266,27.46,20.8589,216.5169,68.0260,0.5643,1.0e-04,,,3.5
10267,28.71,22.0991,197.0344,61.2225,0.5699,1.0e-04,,,3.5
10268,25.94,19.5840,190.5710,63.1821,0.5727,1.0e-04,,,3.5
10269,27.67,21.2202,204.6185,62.9583,0.5559,1.0e-04,,,3.5
10270,27.26,20.8306,200.6065,62.7135,0.5687,1.0e-04,27.40,0.38,3.5
10271,26.11,19.9229,191.2411,61.2065,0.5684,1.0e-04,,,3.5
10272,28.06,21.9302,206.4723,64.8950,0.5588,1.0e-04,,,3.5
10273,26.09,20.2549,213.1858,65.7174,0.5477,1.0e-04,,,3.5
10274,25.99,20.2393,201.5018,63.1685,0.5455,1.0e-04,,,3.5
10275,26.56,20.5728,225.1430,63.8668,0.5604,1.0e-04,,,3.5
10276,26.62,20.4785,199.3024,62.8940,0.5656,1.0e-04,,,3.5
10277,27.55,21.2261,193.3960,61.3203,0.5623,1.0e-04,,,3.5
10278,27.06,20.8687,211.5729,61.9766,0.5639,1.0e-04,,,3.5
10279,27.23,20.8521,174.6948,63.5130,0.5722,1.0e-04,,,3.5
10280,27.44,20.9253,194.3302,63.5443,0.5718,1.0e-04,27.99,0.41,3.5
10281,26.69,20.3213,191.7529,65.1739,0.5692,1.0e-04,,,3.5
10282,27.28,20.6929,187.1347,60.5234,0.5728,1.0e-04,,,3.5
10283,27.07,20.4478,172.3328,66.6797,0.5749,1.0e-04,,,3.5
10284,26.93,20.3472,192.2338,59.9401,0.5767,1.0e-04,,,3.5
10285,27.57,21.0195,173.8031,59.3516,0.5728,1.0e-04,,,3.5
10286,27.19,20.7949,172.0227,58.5938,0.5729,1.0e-04,,,3.5
10287,27.56,20.9258,183.8675,61.6849,0.5776,1.0e-04,,,3.5
10288,24.89,18.2974,199.7652,58.5149,0.5715,1.0e-04,,,3.5
10289,27.18,20.4131,168.7550,58.5104,0.5807,1.0e-04,,,3.5
10290,26.49,19.9043,172.5323,60.1929,0.5803,1.0e-04,28.11,0.44,3.5
10291,28.38,21.7837,165.6994,62.8725,0.5734,1.0e-04,,,3.5
10292,27.33,20.9971,174.5788,58.9792,0.5735,1.0e-04,,,3.5
10293,26.94,20.7173,184.3903,59.2422,0.5669,1.0e-04,,,3.5
10294,27.83,21.3594,173.9856,63.2188,0.5715,1.0e-04,,,3.5
10295,27.63,21.0903,178.3914,61.7734,0.5792,1.0e-04,,,3.5
10296,26.34,19.8330,196.7456,60.4130,0.5678,1.0e-04,,,3.5
10297,26.60,20.0708,194.6850,63.0408,0.5735,1.0e-04,,,3.5
10298,27.56,20.8110,179.2090,58.7292,0.5699,1.0e-04,,,3.5
10299,27.86,21.1587,186.5228,61.9948,0.5667,1.0e-04,,,3.5
10300,26.02,19.5884,184.2452,56.0408,0.5771,1.0e-04,27.78,0.48,3.5
10301,26.43,19.8452,174.9841,58.5027,0.5790,1.0e-04,,,3.5
10302,27.86,21.0298,193.7863,59.8438,0.5779,1.0e-04,,,3.5
10303,27.32,20.5151,187.1914,62.4427,0.5723,1.0e-04,,,3.5
10304,27.24,20.4648,187.5174,60.8255,0.5747,1.0e-04,,,3.5
10305,27.02,20.5981,174.5992,60.5677,0.5663,1.0e-04,,,3.5
10306,26.68,20.1118,189.5212,61.1413,0.5708,1.0e-04,,,3.5
10307,25.05,18.8164,177.4809,55.8835,0.5678,1.0e-04,,,3.5
10308,27.34,20.7666,167.2462,60.0000,0.5629,1.0e-04,,,3.5
10309,26.62,20.4893,182.1265,62.0163,0.5598,1.0e-04,,,3.5
10310,27.57,21.2173,182.0843,61.3099,0.5601,1.0e-04,28.21,0.45,3.5
10311,26.33,19.9126,185.5755,59.2038,0.5653,1.0e-04,,,3.5
10312,28.45,21.8145,162.3764,61.2375,0.5689,1.0e-04,,,3.5
10313,26.87,20.3989,177.0256,60.7147,0.5639,1.0e-04,,,3.5
10314,27.61,21.1348,200.3767,62.8438,0.5634,1.0e-04,,,3.5
10315,26.98,20.6279,198.0336,61.6719,0.5701,1.0e-04,,,3.5
10316,26.74,20.2949,175.6865,66.4565,0.5703,1.0e-04,,,3.5
10317,27.27,20.6221,207.4690,59.5964,0.5673,1.0e-04,,,3.5
10318,26.87,20.1147,182.3677,63.1522,0.5696,1.0e-04,,,3.5
10319,27.36,20.5649,179.7134,61.2839,0.5749,1.0e-04,,,3.5
10320,27.17,20.5469,222.7583,62.3411,0.5732,1.0e-04,28.37,0.50,3.5
10321,26.86,20.1807,201.0177,62.8995,0.5684,1.0e-04,,,3.5
10322,27.27,20.7935,211.5734,64.0625,0.5800,1.0e-04,,,3.5
10323,27.05,20.5879,200.0185,62.8802,0.5771,1.0e-04,,,3.5
10324,27.65,21.0713,184.2782,66.1745,0.5675,1.0e-04,,,3.5
10325,27.22,20.5830,198.0056,61.6120,0.5790,1.0e-04,,,3.5
10326,27.37,20.6367,169.2698,59.3021,0.5737,1.0e-04,,,3.5
10327,27.49,20.4995,193.5232,61.3359,0.5709,1.0e-04,,,3.5
10328,26.67,19.9546,182.3040,59.6005,0.5765,1.0e-04,,,3.5
10329,26.95,20.2593,196.2066,63.7005,0.5756,1.0e-04,,,3.5
10330,27.10,20.5049,181.2466,61.0495,0.5756,1.0e-04,28.48,0.46,3.5
10331,27.14,20.6221,178.9168,63.9792,0.5801,1.0e-04,,,3.5
10332,27.94,21.1797,178.9973,64.9850,0.5689,1.0e-04,,,9.3
10333,26.88,20.3799,175.3904,64.6589,0.5728,1.0e-04,,,3.5
10334,26.40,20.1475,213.5255,61.1630,0.5695,1.0e-04,,,3.5
10335,27.59,20.9609,171.2139,62.3802,0.5707,1.0e-04,,,3.5
10336,27.31,20.5869,183.2217,63.1849,0.5743,1.0e-04,,,3.5
10337,27.48,20.9780,181.1196,59.0911,0.5755,1.0e-04,,,3.5
10338,27.53,20.9922,172.1138,61.1146,0.5805,1.0e-04,,,3.5
10339,28.02,21.4224,218.5872,64.6475,0.5772,1.0e-04,,,3.5
10340,25.92,19.5317,191.4788,59.6087,0.5764,1.0e-04,28.14,0.52,3.5
10341,27.41,20.6196,186.2308,59.1562,0.5799,1.0e-04,,,3.5
10342,27.10,20.5103,170.7796,62.6615,0.5776,1.0e-04,,,3.5
10343,27.50,21.0537,185.4235,63.2292,0.5708,1.0e-04,,,3.5
10344,26.01,19.5884,185.8281,57.4538,0.5739,1.0e-04,,,3.5
10345,26.93,20.2612,189.6156,56.1771,0.5743,1.0e-04,,,3.5
10346,27.39,20.9932,185.2297,62.7214,0.5694,1.0e-04,,,3.5
10347,27.27,20.8057,183.8397,61.4401,0.5727,1.0e-04,,,3.5
10348,27.41,21.1279,185.5437,62.3021,0.5714,1.0e-04,,,3.5
10349,27.21,21.0269,179.5439,62.5156,0.5561,1.0e-04,,,3.5
10350,26.91,20.6631,222.7760,65.5599,0.5564,1.0e-04,27.77,0.39,3.5
10351,26.11,19.9521,209.6901,63.6359,0.5578,1.0e-04,,,3.5
10352,27.73,21.4536,189.5944,68.5625,0.5631,1.0e-04,,,3.5
10353,26.17,20.0312,235.7088,64.1359,0.5642,1.0e-04,,,3.5
10354,27.40,21.2109,205.4666,63.9427,0.5626,1.0e-04,,,3.5
10355,27.40,21.0972,199.8191,65.3099,0.5663,1.0e-04,,,3.5
10356,26.99,20.4736,185.3018,61.7188,0.5767,1.0e-04,,,3.5
10357,26.70,20.2515,207.1270,64.7582,0.5630,1.0e-04,,,3.5
10358,26.67,20.4023,224.3858,63.0734,0.5636,1.0e-04,,,3.5
10359,28.18,21.8594,190.2846,64.6650,0.5704,1.0e-04,,,3.5
10360,27.11,20.7524,194.8912,67.0885,0.5606,1.0e-04,27.97,0.35,3.5
10361,27.31,21.1064,191.9862,62.9010,0.5711,1.0e-04,,,3.5
10362,27.37,21.0908,202.6626,59.5286,0.5756,1.0e-04,,,3.5
10363,25.97,19.8867,221.0576,64.6359,0.5555,1.0e-04,,,3.5
10364,26.29,20.1987,208.0200,63.6603,0.5632,1.0e-04,,,3.5
10365,26.40,20.3589,211.7069,66.4538,0.5532,1.0e-04,,,3.5
10366,27.55,21.3359,218.9710,64.9141,0.5608,1.0e-04,,,3.5
10367,27.11,20.7441,221.6557,65.7891,0.5660,1.0e-04,,,3.5
10368,26.88,20.4082,204.8091,63.0978,0.5633,1.0e-04,,,3.5
10369,26.47,19.8091,203.7406,63.5870,0.5806,1.0e-04,,,3.5
10370,28.31,21.2461,180.0418,64.7500,0.5687,1.0e-04,28.32,0.50,3.5
10371,27.35,20.6279,204.4834,64.1406,0.5707,1.0e-04,,,3.5
10372,27.28,20.8564,204.7428,66.1094,0.5697,1.0e-04,,,3.5
10373,26.20,19.9131,207.9029,63.5435,0.5711,1.0e-04,,,3.5
10374,27.97,21.4502,205.4792,68.5600,0.5719,1.0e-04,,,3.5
10375,26.09,19.8496,221.2856,62.2962,0.5752,1.0e-04,,,3.5
10376,26.55,20.0835,202.1039,71.0652,0.5799,1.0e-04,,,3.5
10377,26.86,20.2603,228.7781,65.2880,0.5739,1.0e-04,,,3.5
10378,26.90,20.2119,182.1530,63.2396,0.5851,1.0e-04,,,3.5
10379,28.08,21.3154,224.3074,68.5750,0.5732,1.0e-04,,,3.5
10380,25.78,19.2417,238.6020,60.9858,0.5796,1.0e-04,27.80,0.47,3.5
10381,27.44,20.8374,199.6034,66.2865,0.5774,1.0e-04,,,3.5
10382,27.58,20.6968,199.5050,67.6979,0.5680,1.0e-04,,,3.5
10383,27.84,20.9424,215.9436,62.7891,0.5776,1.0e-04,,,3.5
10384,26.16,19.5918,183.5749,60.5109,0.5703,1.0e-04,,,3.5
10385,26.12,19.5195,209.9974,63.8560,0.5718,1.0e-04,,,3.5
10386,27.55,20.9810,196.5009,64.8984,0.5692,1.0e-04,,,3.5
10387,27.69,21.0396,199.7417,62.5495,0.5748,1.0e-04,,,3.5
10388,26.52,19.9888,215.5617,65.9973,0.5811,1.0e-04,,,3.5
10389,26.48,19.7295,214.4495,61.4158,0.5727,1.0e-04,,,3.5
10390,26.46,19.5083,185.5031,62.0245,0.5765,1.0e-04,27.65,0.63,3.5
10391,27.25,20.1460,222.9923,60.7786,0.5751,1.0e-04,,,3.5
10392,27.00,20.0679,181.7983,63.7005,0.5799,1.0e-04,,,3.5
10393,27.74,20.5957,190.9429,62.0755,0.5735,1.0e-04,,,3.5
10394,26.94,19.9863,190.7819,61.5677,0.5724,1.0e-04,,,3.5
10395,26.62,19.9082,194.1405,61.6875,0.5772,1.0e-04,,,3.5
10396,26.04,19.4575,213.8940,61.4810,0.5782,1.0e-04,,,3.5
10397,26.68,20.2798,223.2163,60.5054,0.5650,1.0e-04,,,3.5
10398,26.30,19.9111,185.8426,57.9837,0.5726,1.0e-04,,,3.5
10399,25.46,18.8623,175.8400,61.5170,0.5829,1.0e-04,,,3.5
10400,26.10,19.6162,195.5358,61.5000,0.5754,1.0e-04,27.90,0.43,3.5
10401,26.54,20.1245,178.3908,63.7391,0.5800,1.0e-04,,,3.5
10402,27.63,21.1587,190.0159,64.3438,0.5715,1.0e-04,,,3.5
10403,26.91,20.5732,172.0251,63.5729,0.5808,1.0e-04,,,3.5
10404,28.57,21.8750,215.3346,67.5600,0.5687,1.0e-04,,,3.5
10405,27.90,21.1694,176.8121,63.2318,0.5751,1.0e-04,,,3.5
10406,27.29,20.6660,202.5679,72.6615,0.5721,1.0e-04,,,3.5
10407,26.97,20.5557,214.1824,69.8125,0.5647,1.0e-04,,,3.5
10408,27.12,20.6562,209.2703,68.1042,0.5659,1.0e-04,,,3.5
10409,26.96,20.5107,212.5045,66.4453,0.5721,1.0e-04,,,3.5
10410,27.21,20.9233,223.0007,69.9323,0.5637,1.0e-04,27.47,0.37,3.5
10411,28.63,22.1504,201.1975,63.8700,0.5628,1.0e-04,,,3.5
10412,26.51,20.1846,215.3235,66.1576,0.5512,1.0e-04,,,3.5
10413,26.10,19.6963,210.1248,55.9484,0.5738,1.0e-04,,,3.5
10414,27.94,21.2124,204.4951,64.1150,0.5684,1.0e-04,,,3.5
10415,26.57,20.1353,219.2268,62.7391,0.5740,1.0e-04,,,3.5
10416,26.10,19.7178,204.3132,59.8859,0.5749,1.0e-04,,,3.5
10417,26.62,19.9355,177.5090,61.1332,0.5797,1.0e-04,,,3.5
10418,26.39,19.8096,195.0438,65.4783,0.5748,1.0e-04,,,3.5
10419,26.79,20.3389,198.3186,60.5380,0.5729,1.0e-04,,,3.5
10420,27.64,21.1445,180.6530,61.1979,0.5744,1.0e-04,27.79,0.44,3.5
10421,26.65,20.2441,201.3329,62.3995,0.5736,1.0e-04,,,3.5
10422,27.65,21.1938,193.0247,63.1328,0.5776,1.0e-04,,,3.5
10423,26.91,20.3979,191.8019,65.3490,0.5809,1.0e-04,,,3.5
10424,26.04,19.7183,188.8454,61.6549,0.5800,1.0e-04,,,3.5
10425,25.91,19.4575,194.4786,60.8152,0.5848,1.0e-04,,,3.5
10426,27.65,21.1748,178.0810,65.1042,0.5775,1.0e-04,,,3.5
10427,27.19,20.7715,187.9396,64.6172,0.5816,1.0e-04,,,3.5
10428,27.80,21.2651,202.1606,62.8229,0.5698,1.0e-04,,,3.5
10429,27.85,21.1719,189.5294,60.6432,0.5799,1.0e-04,,,3.5
10430,26.91,20.5718,170.4530,65.8776,0.5662,1.0e-04,27.99,0.41,3.5
10431,27.25,20.8389,186.7125,63.7969,0.5752,1.0e-04,,,3.5
10432,28.15,21.5063,216.4554,65.6125,0.5789,1.0e-04,,,3.5
10433,27.73,20.8633,195.9406,64.3594,0.5754,1.0e-04,,,3.5
10434,27.32,20.5898,196.5209,63.0443,0.5762,1.0e-04,,,3.5
10435,26.14,19.5454,168.5241,60.7717,0.5844,1.0e-04,,,3.5
10436,28.30,21.3057,190.5734,63.4075,0.5747,1.0e-04,,,3.5
10437,26.66,19.9165,196.1965,62.4049,0.5774,1.0e-04,,,3.5
10438,26.24,19.5200,189.5892,62.0000,0.5816,1.0e-04,,,3.5
10439,26.30,19.5264,199.3195,61.4810,0.5776,1.0e-04,,,3.5
10440,26.59,20.0273,203.4568,62.8641,0.5757,1.0e-04,26.98,0.45,3.5
10441,28.41,21.6719,193.8970,63.1175,0.5737,1.0e-04,,,3.5
10442,26.53,20.2344,212.4782,61.2011,0.5736,1.0e-04,,,3.5
10443,27.87,21.5913,212.4887,63.7917,0.5689,1.0e-04,,,3.5
10444,26.41,20.1045,217.9149,63.7935,0.5738,1.0e-04,,,3.5
10445,27.07,20.7974,232.7631,63.8385,0.5710,1.0e-04,,,3.5
10446,26.99,20.4731,207.7982,62.4453,0.5792,1.0e-04,,,3.5
10447,27.17,20.6245,206.0201,63.8698,0.5795,1.0e-04,,,3.5
10448,25.56,19.3062,218.9866,63.8438,0.5817,1.0e-04,,,3.5
10449,26.17,19.7983,220.2884,60.2989,0.5668,1.0e-04,,,3.5
10450,26.38,20.1934,193.7545,59.8668,0.5709,1.0e-04,27.36,0.43,3.5
10451,27.22,20.7056,191.0663,60.8125,0.5776,1.0e-04,,,3.5
10452,25.88,19.4688,171.2499,53.5000,0.5859,1.0e-04,,,3.5
10453,25.88,19.4546,187.1058,61.1222,0.5862,1.0e-04,,,3.5
10454,27.99,21.1392,190.3880,60.3400,0.5802,1.0e-04,,,3.5
10455,25.76,19.2397,202.4858,55.9688,0.5803,1.0e-04,,,3.5
10456,27.16,20.6787,184.2861,62.1823,0.5817,1.0e-04,,,3.5
10457,26.15,19.9043,193.4881,60.1141,0.5756,1.0e-04,,,3.5
10458,25.47,19.4170,188.0465,57.7045,0.5801,1.0e-04,,,3.5
10459,26.15,19.8726,194.4356,60.6005,0.5753,1.0e-04,,,3.5
10460,26.14,20.0435,189.4611,60.8451,0.5705,1.0e-04,27.00,0.38,3.5
10461,27.64,21.2183,169.8476,59.8828,0.5774,1.0e-04,,,3.5
10462,27.04,20.3291,165.1550,59.9609,0.5845,1.0e-04,,,3.5
10463,27.33,20.5669,170.0597,59.8672,0.5876,1.0e-04,,,3.5
10464,27.72,20.9087,174.8261,58.5807,0.5756,1.0e-04,,,3.5
10465,27.45,20.6890,167.9657,63.4010,0.5803,1.0e-04,,,3.5
10466,26.80,20.3237,192.5096,59.2880,0.5838,1.0e-04,,,3.5
10467,26.21,19.7295,202.0850,61.6332,0.5854,1.0e-04,,,3.5
10468,27.54,20.9443,168.2569,58.1172,0.5829,1.0e-04,,,3.5
10469,26.93,20.2231,172.0423,58.1589,0.5816,1.0e-04,,,3.5
10470,27.15,20.3857,196.8825,62.8880,0.5793,1.0e-04,28.19,0.50,3.5
10471,26.29,19.7642,188.5640,62.4348,0.5763,1.0e-04,,,3.5
10472,26.46,19.8296,189.1536,61.0571,0.5798,1.0e-04,,,3.5
10473,26.81,20.1816,185.9367,64.5788,0.5822,1.0e-04,,,3.5
10474,27.35,20.9819,203.9934,66.3490,0.5703,1.0e-04,,,3.5
10475,26.24,19.9561,186.1328,63.6957,0.5782,1.0e-04,,,3.5
10476,25.87,19.8188,192.0090,60.4233,0.5696,1.0e-04,,,3.5
10477,27.00,20.8105,213.3145,67.5938,0.5681,1.0e-04,,,3.5
10478,26.69,20.4956,229.3555,68.5625,0.5622,1.0e-04,,,3.5
10479,26.40,20.4951,226.1309,65.1875,0.5451,1.0e-04,,,3.5
10480,27.12,21.0142,228.3808,67.1615,0.5652,1.0e-04,26.81,0.34,3.5
10481,26.63,20.4517,200.6130,64.8913,0.5723,1.0e-04,,,3.5
10482,26.52,20.3838,217.4147,62.6929,0.5687,1.0e-04,,,3.5
10483,26.55,20.2031,211.1573,61.1875,0.5762,1.0e-04,,,3.5
10484,26.75,20.4844,202.5718,62.5435,0.5699,1.0e-04,,,3.5
10485,26.36,20.0444,190.8897,61.0815,0.5790,1.0e-04,,,3.5
10486,27.81,21.4478,179.3043,65.2292,0.5758,1.0e-04,,,3.5
10487,26.94,20.8745,188.5498,66.0625,0.5597,1.0e-04,,,3.5
10488,27.53,21.4546,202.5266,62.5443,0.5661,1.0e-04,,,3.5
10489,26.22,20.2939,202.7325,63.1522,0.5590,1.0e-04,,,3.5
10490,27.15,21.0249,225.9215,64.7995,0.5659,1.0e-04,27.22,0.32,3.5
10491,25.84,19.8750,222.3638,61.6818,0.5547,1.0e-04,,,3.5
10492,27.44,21.1714,201.5282,65.6953,0.5710,1.0e-04,,,3.5
10493,26.50,20.2886,197.9653,63.2908,0.5694,1.0e-04,,,3.5
10494,25.54,19.5811,194.0627,60.1648,0.5601,1.0e-04,,,3.5
10495,25.95,19.7803,221.0127,67.3777,0.5723,1.0e-04,,,3.5
10496,27.44,21.2393,202.5592,67.6380,0.5758,1.0e-04,,,3.5
10497,24.77,18.9512,224.2551,59.0268,0.5693,1.0e-04,,,3.5
10498,27.05,20.7837,197.7710,60.9792,0.5724,1.0e-04,,,3.5
10499,27.22,21.1963,210.2585,67.2995,0.5521,1.0e-04,,,3.5
10500,27.45,21.2563,196.8184,68.2292,0.5685,1.0e-04,27.40,0.34,3.5
10501,29.38,22.9355,199.4207,65.4038,0.5752,1.0e-04,,,3.6
10502,26.83,20.6777,226.7103,63.7147,0.5673,1.0e-04,,,3.5
10503,25.60,19.5464,207.8573,64.1903,0.5766,1.0e-04,,,3.5
10504,26.15,20.0142,205.3131,63.0245,0.5790,1.0e-04,,,3.5
10505,26.71,20.6904,233.9356,68.0761,0.5614,1.0e-04,,,3.5
10506,26.52,20.4980,200.7485,65.1793,0.5591,1.0e-04,,,3.5
10507,27.22,20.9458,205.4432,63.0547,0.5723,1.0e-04,,,3.5
10508,28.40,21.9893,175.7521,63.6025,0.5746,1.0e-04,,,3.5
10509,28.09,21.3975,198.3686,65.0350,0.5801,1.0e-04,,,3.5
10510,25.63,19.3345,200.7251,59.5426,0.5814,1.0e-04,28.08,0.43,3.5
10511,26.49,20.1133,197.5420,61.0054,0.5755,1.0e-04,,,3.5
10512,27.71,21.2583,176.3148,64.6172,0.5712,1.0e-04,,,3.5
10513,27.94,21.4756,180.6067,59.3575,0.5780,1.0e-04,,,3.5
10514,26.36,19.9551,188.9090,59.8777,0.5691,1.0e-04,,,3.5
10515,27.32,20.7495,189.2885,60.9167,0.5812,1.0e-04,,,3.5
10516,27.43,20.8389,203.9326,66.3776,0.5769,1.0e-04,,,3.5
10517,26.46,20.0396,192.6924,62.8071,0.5729,1.0e-04,,,3.5
10518,26.62,19.9277,191.3707,61.2527,0.5749,1.0e-04,,,3.5
10519,27.23,20.4502,189.7559,67.4974,0.5769,1.0e-04,,,3.5
10520,26.93,20.2954,209.9609,63.3073,0.5761,1.0e-04,27.82,0.40,3.5
10521,27.27,20.8618,215.2679,63.9792,0.5757,1.0e-04,,,3.5
10522,27.84,21.2617,183.4602,66.6406,0.5820,1.0e-04,,,3.5
10523,29.05,22.1387,190.3190,66.1899,0.5791,1.0e-04,,,3.6
10524,26.84,20.2593,187.9694,59.7989,0.5794,1.0e-04,,,3.5
10525,28.05,21.4326,210.7131,63.9975,0.5688,1.0e-04,,,3.5
10526,27.37,20.8657,204.8998,63.5026,0.5764,1.0e-04,,,3.5
10527,27.01,20.6558,187.2891,58.8177,0.5722,1.0e-04,,,3.5
10528,27.77,21.2476,199.7218,64.3281,0.5723,1.0e-04,,,3.5
10529,27.91,21.3711,204.8733,61.8568,0.5796,1.0e-04,,,3.5
10530,26.51,20.0469,216.4341,61.5027,0.5678,1.0e-04,28.05,0.44,3.5
10531,26.74,20.4087,164.2569,62.0408,0.5768,1.0e-04,,,3.5
10532,28.03,21.4766,194.1947,65.3525,0.5737,1.0e-04,,,3.5
10533,26.86,20.7422,190.4893,64.5027,0.5628,1.0e-04,,,3.5
10534,27.74,21.3149,182.6039,61.8047,0.5738,1.0e-04,,,3.5
10535,26.85,20.6235,192.7610,62.3696,0.5796,1.0e-04,,,3.5
10536,26.59,20.3179,185.7855,64.6467,0.5749,1.0e-04,,,3.5
10537,26.79,20.5547,229.8061,61.4076,0.5636,1.0e-04,,,3.5
10538,27.95,21.4365,189.1166,62.9650,0.5681,1.0e-04,,,3.5
10539,28.62,22.1118,194.6401,63.4175,0.5697,1.0e-04,,,3.5
10540,26.87,20.5884,205.8543,64.1060,0.5719,1.0e-04,27.12,0.34,3.5
10541,27.31,21.1611,195.2161,71.3698,0.5582,1.0e-04,,,3.5
10542,26.19,20.1270,200.2368,59.3560,0.5692,1.0e-04,,,3.5
10543,26.50,20.2490,211.1786,59.9728,0.5710,1.0e-04,,,3.5
10544,25.84,19.6328,153.7437,56.8722,0.5800,1.0e-04,,,3.5
10545,26.91,20.5566,202.1944,63.6628,0.5639,1.0e-04,,,3.5
10546,25.96,19.6416,194.3400,66.3016,0.5752,1.0e-04,,,3.5
10547,26.00,19.8501,209.5005,61.1304,0.5636,1.0e-04,,,3.5
10548,26.90,20.8306,176.0970,60.7011,0.5664,1.0e-04,,,3.5
10549,26.79,20.7720,174.2711,61.1413,0.5698,1.0e-04,,,3.5
10550,27.91,21.7090,185.3456,59.8021,0.5634,1.0e-04,27.46,0.33,3.5
10551,26.29,20.2314,203.1433,64.7826,0.5603,1.0e-04,,,3.5
10552,26.71,20.7075,205.2632,65.8886,0.5582,1.0e-04,,,3.5
10553,27.60,21.2334,221.4604,67.0286,0.5699,1.0e-04,,,3.5
10554,27.13,20.9526,200.7315,68.4323,0.5673,1.0e-04,,,3.5
10555,26.97,20.8999,203.8887,62.5859,0.5435,1.0e-04,,,3.5
10556,26.25,20.2993,198.4489,64.7310,0.5496,1.0e-04,,,3.5
10557,26.54,20.7148,213.3601,69.3261,0.5438,1.0e-04,,,3.5
10558,24.97,19.0840,223.5523,64.3438,0.5620,1.0e-04,,,3.5
10559,27.66,21.4658,194.5890,68.9323,0.5590,1.0e-04,,,3.5
10560,27.18,20.7158,172.5026,63.8047,0.5748,1.0e-04,27.77,0.36,3.5
10561,26.31,20.1719,228.9635,63.2174,0.5625,1.0e-04,,,3.5
10562,26.50,20.2559,209.1448,67.0082,0.5767,1.0e-04,,,3.5
10563,26.93,20.6113,202.0608,67.0911,0.5724,1.0e-04,,,3.5
10564,27.00,20.7197,228.0716,65.6771,0.5726,1.0e-04,,,3.5
10565,27.44,21.2305,209.3056,66.0625,0.5619,1.0e-04,,,3.5
10566,27.96,21.5098,228.8884,70.3650,0.5671,1.0e-04,,,3.5
10567,27.35,20.8882,233.3525,62.2083,0.5741,1.0e-04,,,3.5
10568,27.95,21.7183,188.0488,65.0525,0.5641,1.0e-04,,,3.5
10569,26.43,20.5562,217.7253,64.0326,0.5487,1.0e-04,,,3.5
10570,26.59,20.7251,198.4531,64.3505,0.5620,1.0e-04,26.74,0.30,3.5
10571,27.47,21.4058,183.1601,64.3750,0.5586,1.0e-04,,,3.5
10572,27.04,20.8301,198.4499,64.5286,0.5705,1.0e-04,,,3.5
10573,27.48,21.1543,192.2932,64.4115,0.5783,1.0e-04,,,3.5
10574,27.03,20.7871,197.0738,65.9115,0.5676,1.0e-04,,,3.5
10575,25.94,19.9126,212.4911,66.4620,0.5560,1.0e-04,,,3.5
10576,26.07,19.8989,217.3111,67.4565,0.5667,1.0e-04,,,3.5
10577,26.96,20.3774,209.9456,66.9557,0.5669,1.0e-04,,,3.5
10578,26.28,20.0464,195.2137,60.2038,0.5658,1.0e-04,,,3.5
10579,27.05,20.7344,176.0893,63.0260,0.5599,1.0e-04,,,3.5
10580,26.50,20.0757,201.0523,62.3940,0.5789,1.0e-04,28.06,0.49,3.5
10581,27.24,20.5938,193.9255,61.9193,0.5827,1.0e-04,,,3.5
10582,27.21,20.8037,191.2102,61.9948,0.5714,1.0e-04,,,3.5
10583,27.10,20.5312,236.1013,66.4635,0.5756,1.0e-04,,,3.5
10584,27.24,20.6650,206.0079,63.6615,0.5791,1.0e-04,,,3.5
10585,26.72,20.1777,189.6244,61.7391,0.5774,1.0e-04,,,3.5
10586,26.34,19.8398,173.7883,60.2989,0.5807,1.0e-04,,,3.5
10587,26.92,20.3228,198.0839,61.9922,0.5773,1.0e-04,,,3.5
10588,26.48,19.9717,195.3794,64.9321,0.5787,1.0e-04,,,3.5
10589,26.04,19.5630,205.0582,60.2826,0.5843,1.0e-04,,,3.5
10590,27.38,20.8623,190.2971,62.7891,0.5748,1.0e-04,27.74,0.45,3.5
10591,25.49,19.2075,192.7819,60.2727,0.5793,1.0e-04,,,3.5
10592,25.98,19.5835,210.1137,59.3424,0.5849,1.0e-04,,,3.5
10593,27.18,20.5171,199.3900,63.8958,0.5815,1.0e-04,,,3.5
10594,27.08,20.4229,184.1804,61.0312,0.5818,1.0e-04,,,3.5
10595,28.03,21.3970,160.5826,61.4850,0.5834,1.0e-04,,,3.5
10596,26.81,20.1514,181.6485,61.7935,0.5839,1.0e-04,,,3.5
10597,27.22,20.6968,191.8381,59.9062,0.5795,1.0e-04,,,3.5
10598,27.72,21.0601,183.4649,64.3776,0.5834,1.0e-04,,,3.5
10599,25.73,19.2549,204.5225,60.6506,0.5728,1.0e-04,,,3.5
10600,27.60,20.7798,192.3091,63.4479,0.5767,1.0e-04,27.95,0.56,3.5
10601,26.17,19.4399,183.3449,59.7636,0.5818,1.0e-04,,,3.5
10602,26.94,20.0957,183.4893,60.3594,0.5786,1.0e-04,,,3.5
10603,27.37,20.6855,187.9351,58.9089,0.5840,1.0e-04,,,3.5
10604,25.82,19.2876,198.9182,58.4744,0.5832,1.0e-04,,,3.5
10605,27.04,20.3467,189.9809,61.6849,0.5821,1.0e-04,,,3.5
10606,27.99,21.3057,169.3757,64.4350,0.5896,1.0e-04,,,3.5
10607,25.72,19.3726,178.8708,62.7045,0.5873,1.0e-04,,,3.5
10608,26.32,19.9185,196.9693,57.3696,0.5893,1.0e-04,,,3.5
10609,25.00,18.6392,184.8865,60.3693,0.5869,1.0e-04,,,3.5
10610,26.16,19.4902,180.2958,58.9810,0.5925,1.0e-04,27.87,0.47,3.5
10611,25.84,19.4395,198.7841,57.6165,0.5879,1.0e-04,,,3.5
10612,27.56,20.7070,167.6321,61.2526,0.5861,1.0e-04,,,3.5
10613,26.37,19.8184,187.3646,59.0679,0.5879,1.0e-04,,,3.5
10614,25.82,19.4819,197.0825,64.2585,0.5866,1.0e-04,,,3.5
10615,26.80,20.3433,173.3712,65.3777,0.5878,1.0e-04,,,3.5
10616,26.94,20.4590,218.3340,64.9974,0.5890,1.0e-04,,,3.5
10617,25.86,19.4766,207.5290,62.7869,0.5945,1.0e-04,,,3.5
10618,27.54,20.7822,183.4550,64.2448,0.5844,1.0e-04,,,3.5
10619,27.59,20.9048,200.6374,61.8594,0.5811,1.0e-04,,,3.5
10620,26.33,19.9834,185.2765,61.7880,0.5854,1.0e-04,27.14,0.35,3.5
10621,26.19,20.0850,194.3825,62.2011,0.5813,1.0e-04,,,3.5
10622,27.69,21.2339,158.5114,63.7188,0.5809,1.0e-04,,,3.5
10623,27.84,21.3188,194.1725,62.4010,0.5834,1.0e-04,,,3.5
10624,26.99,20.2505,183.5522,60.0443,0.5856,1.0e-04,,,3.5
10625,27.50,20.5464,167.9513,62.0443,0.5791,1.0e-04,,,3.5
10626,27.60,20.9829,178.3441,60.1510,0.5841,1.0e-04,,,3.5
10627,26.39,19.8472,185.1827,65.8451,0.5872,1.0e-04,,,3.5
10628,26.52,20.1685,188.6062,58.2065,0.5758,1.0e-04,,,3.5
10629,26.93,20.6768,164.4696,59.0521,0.5792,1.0e-04,,,3.5
10630,25.75,19.7139,179.3732,56.0938,0.5753,1.0e-04,27.42,0.37,3.5
10631,28.00,21.6440,189.2544,61.4675,0.5801,1.0e-04,,,3.5
10632,26.38,20.0176,178.6383,57.1848,0.5848,1.0e-04,,,3.5
10633,26.37,19.8911,171.4937,61.9783,0.5831,1.0e-04,,,3.5
10634,27.83,21.2944,168.4190,59.7656,0.5759,1.0e-04,,,3.5
10635,26.10,19.8740,169.1001,64.0924,0.5793,1.0e-04,,,3.5
10636,27.47,20.9277,185.2781,59.4922,0.5779,1.0e-04,,,3.5
10637,27.29,20.7568,205.3577,60.9062,0.5754,1.0e-04,,,3.5
10638,27.21,20.7974,176.5085,60.1276,0.5829,1.0e-04,,,3.5
10639,26.99,20.6636,188.3701,59.3490,0.5822,1.0e-04,,,3.5
10640,26.12,19.8242,170.0800,56.9620,0.5796,1.0e-04,27.97,0.44,3.5
10641,27.35,20.8701,162.3007,56.5573,0.5776,1.0e-04,,,3.5
10642,26.96,20.3940,171.2888,60.9688,0.5813,1.0e-04,,,3.5
10643,27.42,20.5625,184.3098,61.1641,0.5830,1.0e-04,,,3.5
10644,26.52,19.7334,168.0229,58.3967,0.5841,1.0e-04,,,3.5
10645,26.10,19.4600,169.9468,55.7799,0.5871,1.0e-04,,,3.5
10646,26.33,19.7856,137.5625,54.5380,0.5962,1.0e-04,,,3.5
10647,27.42,20.5103,156.7605,53.0286,0.5936,1.0e-04,,,3.5
10648,27.22,20.4326,152.6612,57.5286,0.5849,1.0e-04,,,3.5
10649,26.15,19.5234,182.7585,58.3614,0.5902,1.0e-04,,,3.5
10650,28.12,21.1357,141.2661,57.0375,0.5916,1.0e-04,27.90,0.49,3.5
10651,26.79,20.1636,165.0975,55.0788,0.5848,1.0e-04,,,3.5
10652,27.22,20.4805,142.8757,59.5625,0.5929,1.0e-04,,,3.5
10653,27.15,20.5122,177.7354,57.4948,0.5870,1.0e-04,,,3.5
10654,27.14,20.5635,174.5101,55.8464,0.5809,1.0e-04,,,3.5
10655,26.17,19.4644,158.0909,60.3995,0.5949,1.0e-04,,,3.5
10656,27.14,20.3530,176.1648,65.0443,0.5892,1.0e-04,,,3.5
10657,27.63,20.9365,182.8533,60.6562,0.5862,1.0e-04,,,3.5
10658,27.16,20.4341,189.8426,58.6016,0.5856,1.0e-04,,,3.5
10659,25.46,19.2485,192.3988,60.4347,0.5853,1.0e-04,,,3.5
10660,27.68,21.3369,172.8244,56.7891,0.5868,1.0e-04,27.76,0.38,3.5
10661,26.96,20.6060,170.5163,59.4479,0.5900,1.0e-04,,,3.5
10662,27.21,20.6426,187.4506,63.1250,0.5857,1.0e-04,,,3.5
10663,26.65,20.1582,195.0057,59.6196,0.5874,1.0e-04,,,3.5
10664,27.73,21.0879,172.9374,58.7344,0.5862,1.0e-04,,,3.5
10665,27.61,20.9507,177.6948,59.6953,0.5921,1.0e-04,,,3.5
10666,27.37,20.5537,166.9947,62.3281,0.5916,1.0e-04,,,3.5
10667,27.12,20.2534,174.4030,57.4010,0.5929,1.0e-04,,,3.5
10668,27.80,20.7964,197.6414,60.5990,0.5855,1.0e-04,,,3.5
10669,26.54,19.6021,200.1877,61.7853,0.5829,1.0e-04,,,3.5
10670,27.97,21.0576,170.8976,60.6925,0.5897,1.0e-04,28.18,0.56,3.5
10671,26.48,19.6475,187.1860,59.6277,0.5960,1.0e-04,,,3.5
10672,26.89,19.9946,169.8502,58.4297,0.5871,1.0e-04,,,3.5
10673,27.56,20.3262,153.0177,57.4115,0.5827,1.0e-04,,,3.5
10674,26.31,19.3428,161.9479,59.7772,0.5910,1.0e-04,,,3.5
10675,26.47,19.8276,173.6890,61.7799,0.5794,1.0e-04,,,3.5
10676,27.12,20.3047,160.4188,58.8854,0.5849,1.0e-04,,,3.5
10677,26.30,19.6675,172.3528,58.6114,0.5885,1.0e-04,,,3.5
10678,25.72,19.0645,173.7547,60.1960,0.5846,1.0e-04,,,3.5
10679,27.32,20.2798,176.3260,62.5911,0.5804,1.0e-04,,,3.5
10680,26.95,20.0317,173.7679,59.1953,0.5863,1.0e-04,28.00,0.53,3.8
10681,26.89,20.1699,175.8670,60.5842,0.5858,1.0e-04,,,3.5
10682,26.46,19.7407,164.6670,59.2473,0.5830,1.0e-04,,,3.5
10683,27.29,20.2129,160.3794,56.5599,0.5822,1.0e-04,,,3.5
10684,27.57,20.7974,178.1676,62.9297,0.5784,1.0e-04,,,3.5
10685,28.51,21.7148,182.1199,63.4275,0.5801,1.0e-04,,,3.5
10686,26.79,20.3223,179.0888,66.6576,0.5804,1.0e-04,,,3.5
10687,27.53,20.8667,182.9082,62.8490,0.5859,1.0e-04,,,3.5
10688,26.11,19.4790,187.5516,63.5951,0.5890,1.0e-04,,,3.5
10689,25.85,19.2837,195.3323,55.0852,0.5938,1.0e-04,,,3.5
10690,28.22,21.3799,154.5014,61.4275,0.5850,1.0e-04,27.72,0.51,3.5
10691,27.82,21.0483,163.5998,60.8021,0.5872,1.0e-04,,,3.5
10692,26.72,19.9780,177.3593,60.6848,0.5870,1.0e-04,,,3.5
10693,26.12,19.5122,196.6312,58.8424,0.5862,1.0e-04,,,3.5
10694,27.33,20.5767,184.9142,63.2214,0.5870,1.0e-04,,,3.5
10695,26.66,20.1470,176.0497,59.3832,0.5879,1.0e-04,,,3.5
10696,27.65,21.1216,173.9907,60.8776,0.5844,1.0e-04,,,3.5
10697,26.27,19.7803,175.1157,60.9511,0.5901,1.0e-04,,,3.5
10698,25.29,18.7651,179.5696,58.3977,0.5851,1.0e-04,,,3.5
10699,26.18,19.5791,172.5799,59.2772,0.5841,1.0e-04,,,3.5
10700,27.16,20.2163,167.7202,58.6927,0.5882,1.0e-04,27.15,0.64,3.5
10701,26.00,19.0415,176.2361,57.2092,0.5755,1.0e-04,,,3.5
10702,25.75,18.9443,156.8579,55.9631,0.5853,1.0e-04,,,3.5
10703,27.16,20.2661,175.6023,60.1771,0.5825,1.0e-04,,,3.5
10704,28.01,21.0112,173.9423,60.6775,0.5860,1.0e-04,,,3.5
10705,26.20,19.3799,168.2752,62.2853,0.5823,1.0e-04,,,3.5
10706,27.18,20.5542,187.2821,56.5781,0.5886,1.0e-04,,,3.5
10707,27.81,20.8765,155.9447,59.2656,0.5921,1.0e-04,,,3.5
10708,26.00,19.4453,162.6057,61.9620,0.5913,1.0e-04,,,3.5
10709,28.04,21.2480,157.3143,61.6075,0.5880,1.0e-04,,,3.5
10710,26.99,20.3438,167.9749,57.8099,0.5908,1.0e-04,28.12,0.49,3.5
10711,26.36,19.8130,153.3561,58.2554,0.5936,1.0e-04,,,3.5
10712,26.01,19.5386,156.9992,58.3995,0.5943,1.0e-04,,,3.5
10713,26.52,19.9746,178.1949,57.4049,0.5899,1.0e-04,,,3.5
10714,26.31,19.5493,209.0320,60.3288,0.5943,1.0e-04,,,3.5
10715,25.49,18.7329,170.5529,52.5114,0.5862,1.0e-04,,,3.5
10716,26.73,19.9810,164.8223,58.5435,0.5822,1.0e-04,,,3.5
10717,26.97,20.2705,152.3699,59.1979,0.5899,1.0e-04,,,3.5
10718,26.03,19.4780,166.0710,58.0462,0.6001,1.0e-04,,,3.5
10719,26.65,19.9194,160.7977,59.6793,0.5936,1.0e-04,,,3.5
10720,26.64,20.0898,159.2043,60.3478,0.5946,1.0e-04,27.91,0.49,3.5
10721,25.82,19.4038,176.1748,60.7415,0.5942,1.0e-04,,,3.5
10722,27.55,20.9761,161.2342,59.7318,0.5832,1.0e-04,,,3.5
10723,26.61,20.1519,174.9896,61.2880,0.5946,1.0e-04,,,3.5
10724,27.43,20.5278,161.1902,61.3802,0.5967,1.0e-04,,,3.5
10725,26.47,19.7329,168.4204,60.2935,0.5939,1.0e-04,,,3.5
10726,27.20,20.4902,188.3067,61.9896,0.5929,1.0e-04,,,3.5
10727,26.76,20.1270,176.6868,59.6141,0.5854,1.0e-04,,,3.5
10728,25.46,19.1475,198.4683,57.0881,0.5879,1.0e-04,,,3.5
10729,27.22,20.8301,172.0475,57.4245,0.5925,1.0e-04,,,3.5
10730,27.77,21.3540,188.3763,60.5938,0.5752,1.0e-04,26.30,0.35,3.5
10731,26.16,20.0171,182.9843,60.8832,0.5798,1.0e-04,,,3.5
10732,26.42,20.1514,204.3391,62.5951,0.5729,1.0e-04,,,3.5
10733,26.85,20.5054,183.5193,61.2201,0.5797,1.0e-04,,,3.5
10734,26.50,20.3159,188.6294,60.7989,0.5818,1.0e-04,,,3.5
10735,26.35,20.3506,200.8852,62.1603,0.5818,1.0e-04,,,3.5
10736,27.01,20.7241,175.5426,61.8385,0.5860,1.0e-04,,,3.5
10737,27.40,20.8101,189.3692,63.2812,0.5818,1.0e-04,,,3.5
10738,27.15,20.7036,203.1893,61.7578,0.5862,1.0e-04,,,3.5
10739,27.06,20.6226,161.2039,63.3203,0.5786,1.0e-04,,,3.5
10740,27.03,20.5190,194.8362,62.2344,0.5863,1.0e-04,27.14,0.40,3.5
10741,27.08,20.6274,177.3391,63.5469,0.5722,1.0e-04,,,3.5
10742,25.76,19.4331,200.6608,59.5597,0.5775,1.0e-04,,,3.5
10743,26.49,19.9927,178.5391,61.1304,0.5836,1.0e-04,,,3.5
10744,26.93,20.3555,174.2454,63.2630,0.5849,1.0e-04,,,3.5
10745,25.79,19.3564,217.4894,62.4290,0.5756,1.0e-04,,,3.5
10746,27.38,20.4736,185.2337,59.5078,0.5839,1.0e-04,,,3.5
10747,25.60,18.9805,180.9603,59.7159,0.5842,1.0e-04,,,3.5
10748,27.32,20.2329,160.4356,59.5469,0.5905,1.0e-04,,,3.5
10749,26.11,19.2378,167.6502,56.0109,0.5787,1.0e-04,,,3.5
10750,26.66,19.8213,170.0341,60.4620,0.5844,1.0e-04,28.20,0.49,3.5
10751,25.54,19.0947,172.4496,58.6818,0.5848,1.0e-04,,,3.5
10752,27.55,21.0103,187.0701,61.7448,0.5894,1.0e-04,,,3.5
10753,26.23,19.8135,200.4957,63.1957,0.5805,1.0e-04,,,3.5
10754,27.40,21.0635,182.0086,56.5599,0.5765,1.0e-04,,,3.5
10755,26.13,19.6982,180.1131,58.8478,0.5879,1.0e-04,,,3.5
10756,27.01,20.4189,184.8379,65.6172,0.5763,1.0e-04,,,3.5
10757,25.56,19.2285,199.0176,62.5682,0.5811,1.0e-04,,,3.5
10758,25.81,19.4414,191.3210,63.2784,0.5784,1.0e-04,,,3.5
10759,27.06,20.6401,184.9167,65.5000,0.5737,1.0e-04,,,3.5
10760,26.70,20.2119,195.2576,61.1984,0.5767,1.0e-04,28.08,0.45,3.5
10761,26.19,19.8130,182.8511,63.9293,0.5738,1.0e-04,,,3.5
10762,27.20,20.3901,196.0158,66.5990,0.5799,1.0e-04,,,3.5
10763,26.60,19.9482,183.3162,61.7038,0.5806,1.0e-04,,,3.5
10764,25.39,18.7573,176.5191,59.4517,0.5853,1.0e-04,,,3.5
10765,26.92,20.1816,199.1506,63.3021,0.5780,1.0e-04,,,3.5
10766,28.48,21.6509,192.2756,66.8475,0.5825,1.0e-04,,,3.5
10767,26.91,20.2700,189.1153,64.9336,0.5779,1.0e-04,,,3.5
10768,27.38,20.7720,198.3970,60.8516,0.5882,1.0e-04,,,3.5
10769,26.59,20.2720,194.0483,62.9484,0.5802,1.0e-04,,,3.5
10770,29.10,22.4570,180.4338,63.9231,0.5822,1.0e-04,27.55,0.47,3.5
10771,27.70,21.0776,174.4757,59.4557,0.5858,1.0e-04,,,3.5
10772,27.61,21.2285,193.8205,61.0990,0.5772,1.0e-04,,,3.5
10773,26.98,20.5264,190.7295,62.7188,0.5789,1.0e-04,,,3.5
10774,27.22,20.6499,188.3823,65.7552,0.5873,1.0e-04,,,3.5
10775,26.72,20.0698,190.7899,63.6413,0.5804,1.0e-04,,,3.5
10776,26.09,19.5015,185.2945,62.1549,0.5785,1.0e-04,,,3.5
10777,27.58,20.8696,183.1897,63.7240,0.5801,1.0e-04,,,3.5
10778,26.75,20.5317,180.9422,63.4076,0.5862,1.0e-04,,,3.5
10779,27.03,20.7158,183.0642,63.9479,0.5727,1.0e-04,,,3.5
10780,26.47,20.2520,186.6025,62.3886,0.5764,1.0e-04,26.35,0.34,3.5
10781,27.11,20.9507,181.4977,64.3281,0.5713,1.0e-04,,,3.5
10782,26.09,19.9756,193.5940,61.3777,0.5790,1.0e-04,,,3.5
10783,25.69,19.6367,189.3987,62.2812,0.5742,1.0e-04,,,3.5
10784,25.26,19.1875,197.8753,59.5028,0.5746,1.0e-04,,,3.5
10785,26.60,20.3726,185.5055,57.9429,0.5840,1.0e-04,,,3.5
10786,27.79,21.3882,189.7192,60.3906,0.5851,1.0e-04,,,3.5
10787,26.68,20.4819,172.7720,63.5462,0.5802,1.0e-04,,,3.5
10788,27.20,20.8413,185.8243,58.7682,0.5842,1.0e-04,,,3.5
10789,26.89,20.6025,196.2125,58.0054,0.5863,1.0e-04,,,4.1
10790,26.02,20.0225,174.7044,63.4837,0.5735,1.0e-04,27.73,0.41,3.9
10791,26.79,20.4707,180.9458,64.2065,0.5723,1.0e-04,,,3.5
10792,27.47,21.0874,190.1334,63.6094,0.5782,1.0e-04,,,3.5
10793,26.85,20.6147,207.2242,64.9266,0.5724,1.0e-04,,,3.5
10794,26.79,20.4512,188.5900,64.4212,0.5750,1.0e-04,,,3.5
10795,27.02,20.5649,201.1276,60.4818,0.5782,1.0e-04,,,3.5
10796,28.08,21.3467,222.1412,61.1375,0.5843,1.0e-04,,,3.5
10797,28.60,21.9819,177.4085,63.2975,0.5848,1.0e-04,,,3.5
10798,27.25,20.6567,180.8196,58.8542,0.5888,1.0e-04,,,3.5
10799,25.73,19.3833,191.8030,60.3409,0.5766,1.0e-04,,,3.5
10800,26.16,19.6479,218.8696,63.3451,0.5824,1.0e-04,27.55,0.41,3.5
10801,26.95,20.5044,182.7138,65.1667,0.5805,1.0e-04,,,3.5
10802,27.37,20.8081,198.1207,62.5911,0.5803,1.0e-04,,,3.5
10803,26.91,20.3315,226.7164,62.8099,0.5740,1.0e-04,,,3.5
10804,27.67,20.9990,188.4875,60.5573,0.5863,1.0e-04,,,3.5
10805,26.50,19.9922,174.3120,60.9701,0.5885,1.0e-04,,,3.5
10806,26.31,20.0396,193.8561,59.5707,0.5832,1.0e-04,,,3.5
10807,27.54,21.1152,176.2238,63.1380,0.5834,1.0e-04,,,3.5
10808,26.85,20.4243,197.5637,62.7038,0.5838,1.0e-04,,,3.5
10809,26.36,19.9800,191.3706,61.0842,0.5782,1.0e-04,,,3.5
10810,26.95,20.4116,193.7886,65.3229,0.5773,1.0e-04,28.06,0.48,3.5
10811,26.99,20.4111,206.2119,59.4245,0.5756,1.0e-04,,,3.5
10812,26.64,20.1206,191.0932,59.8533,0.5792,1.0e-04,,,3.5
10813,27.01,20.6445,195.8158,62.4531,0.5776,1.0e-04,,,3.5
10814,26.46,20.2671,210.3913,63.8804,0.5729,1.0e-04,,,3.5
10815,27.09,20.9062,196.6350,67.2240,0.5765,1.0e-04,,,3.5
10816,27.05,20.7524,181.3197,62.0495,0.5713,1.0e-04,,,3.5
10817,27.34,20.9238,201.5206,61.6693,0.5836,1.0e-04,,,3.5
10818,27.64,21.2222,168.1668,60.0130,0.5817,1.0e-04,,,3.5
10819,26.50,20.3062,177.3689,61.4293,0.5784,1.0e-04,,,3.5
10820,26.63,20.3701,187.8426,62.7283,0.5775,1.0e-04,28.20,0.44,3.5
10821,26.62,20.1870,199.8336,65.0897,0.5825,1.0e-04,,,3.5
10822,27.64,20.9224,180.5258,63.7135,0.5844,1.0e-04,,,3.5
10823,26.60,20.1528,193.7912,61.2880,0.5787,1.0e-04,,,3.5
10824,26.20,19.6494,177.2929,62.1630,0.5803,1.0e-04,,,3.5
10825,26.21,19.7026,191.4672,64.9783,0.5882,1.0e-04,,,3.5
10826,25.69,19.3955,173.7433,61.0881,0.5801,1.0e-04,,,3.5
10827,27.53,20.9541,217.2730,62.0130,0.5754,1.0e-04,,,3.5
10828,27.93,21.2729,175.0307,58.8650,0.5778,1.0e-04,,,3.5
10829,26.71,20.2383,199.6563,61.5380,0.5776,1.0e-04,,,3.5
10830,26.10,19.5884,186.9179,63.0543,0.5858,1.0e-04,28.09,0.47,3.5
10831,27.78,21.1343,198.6122,69.2786,0.5821,1.0e-04,,,3.5
10832,26.74,20.3257,175.7578,62.1467,0.5822,1.0e-04,,,3.5
10833,26.91,20.4863,195.6406,61.6875,0.5850,1.0e-04,,,3.5
10834,25.78,19.3657,200.6874,58.9006,0.5875,1.0e-04,,,3.5
10835,26.69,20.3140,194.4514,62.1196,0.5849,1.0e-04,,,3.5
10836,26.43,20.0039,190.4096,59.6440,0.5830,1.0e-04,,,3.5
10837,27.72,21.0371,200.2148,61.9297,0.5865,1.0e-04,,,3.5
10838,27.33,20.7656,185.1714,60.8698,0.5883,1.0e-04,,,3.5
10839,26.00,19.4502,165.0211,57.0217,0.5906,1.0e-04,,,3.5
10840,26.91,20.4067,168.5908,62.4297,0.5782,1.0e-04,27.92,0.47,4.0
10841,25.72,19.3545,181.0797,60.9801,0.5829,1.0e-04,,,3.5
10842,26.73,20.1416,166.0043,59.8071,0.5847,1.0e-04,,,3.5
10843,26.32,19.8501,184.0860,60.0951,0.5917,1.0e-04,,,3.5
10844,26.99,20.5947,192.8279,57.9141,0.5883,1.0e-04,,,3.5
10845,27.23,20.9502,177.4845,62.4714,0.5776,1.0e-04,,,3.5
10846,27.14,20.9453,185.4494,62.1198,0.5845,1.0e-04,,,3.5
10847,26.59,20.2188,174.0463,62.4022,0.5786,1.0e-04,,,3.5
10848,26.76,20.2725,182.7207,60.1087,0.5819,1.0e-04,,,3.5
10849,27.55,21.0659,179.8779,58.5443,0.5920,1.0e-04,,,3.5
10850,27.30,20.6040,169.2288,62.1406,0.5928,1.0e-04,27.39,0.53,3.5
10851,25.75,19.1689,175.3126,68.2301,0.5848,1.0e-04,,,3.5
10852,26.92,20.0898,180.3225,62.7865,0.5828,1.0e-04,,,3.5
10853,27.74,20.9805,195.6776,60.6406,0.5878,1.0e-04,,,3.5
10854,27.32,20.7754,194.5197,62.5599,0.5863,1.0e-04,,,3.5
10855,26.51,20.4331,183.1909,59.3342,0.5723,1.0e-04,,,3.5
10856,28.12,21.7202,190.2366,62.0725,0.5765,1.0e-04,,,3.5
10857,26.59,20.2705,175.0649,58.2038,0.5850,1.0e-04,,,3.5
10858,26.72,20.1729,180.0522,64.3750,0.5871,1.0e-04,,,4.1
10859,27.16,20.6289,178.9619,61.2656,0.5844,1.0e-04,,,3.5
10860,27.64,21.1514,174.6592,60.8177,0.5831,1.0e-04,27.40,0.40,3.5
10861,28.10,21.5781,173.3713,63.7100,0.5842,1.0e-04,,,3.5
10862,28.93,22.2402,179.7747,66.0025,0.5861,1.0e-04,,,3.5
10863,27.03,20.5723,182.5961,64.6250,0.5920,1.0e-04,,,3.5
10864,27.42,20.9780,192.2261,62.2448,0.5827,1.0e-04,,,3.5
10865,26.57,20.0630,219.4954,62.2908,0.5775,1.0e-04,,,3.5
10866,26.30,19.6855,204.1086,61.6603,0.5821,1.0e-04,,,3.5
10867,26.44,19.6514,205.6213,61.7174,0.5834,1.0e-04,,,3.5
10868,27.44,20.3335,175.0436,62.6458,0.5931,1.0e-04,,,3.5
10869,26.28,19.3301,194.8152,61.4565,0.5874,1.0e-04,,,3.5
10870,27.24,20.2456,202.1356,61.6302,0.5875,1.0e-04,27.94,0.58,3.5
10871,27.44,20.4355,156.2877,62.4714,0.5890,1.0e-04,,,3.5
10872,26.88,19.9541,184.1879,61.7446,0.5834,1.0e-04,,,3.5
10873,26.46,19.2622,180.2259,57.6060,0.5864,1.0e-04,,,3.5
10874,26.53,19.2642,175.1002,60.4538,0.5663,1.0e-04,,,3.5
10875,27.96,20.7363,155.0578,61.1025,0.5900,1.0e-04,,,3.5
10876,27.13,20.2471,193.0079,62.0078,0.5928,1.0e-04,,,3.5
10877,27.65,20.7710,169.4294,58.6797,0.5903,1.0e-04,,,3.5
10878,26.68,19.9121,164.5259,60.2500,0.5865,1.0e-04,,,3.5
10879,27.22,20.4155,173.9199,60.0703,0.5897,1.0e-04,,,3.5
10880,26.61,20.0952,173.9378,55.3533,0.5947,1.0e-04,27.26,0.44,3.5
10881,26.69,20.2441,189.2195,56.3668,0.5850,1.0e-04,,,3.5
10882,25.99,19.3594,170.8070,52.8016,0.5924,1.0e-04,,,3.5
10883,26.01,19.5537,170.4398,56.1793,0.5926,1.0e-04,,,3.5
10884,26.70,20.4023,178.0105,56.5788,0.5860,1.0e-04,,,3.5
10885,27.35,20.8022,173.7008,63.5286,0.5877,1.0e-04,,,3.5
10886,26.08,19.5366,190.4873,63.4375,0.5833,1.0e-04,,,3.5
10887,26.84,20.2222,177.4656,62.2337,0.5841,1.0e-04,,,3.5
10888,24.88,18.4419,207.5445,59.8631,0.5844,1.0e-04,,,3.5
10889,26.73,20.1128,173.5899,60.7147,0.5879,1.0e-04,,,3.5
10890,25.76,19.3325,185.6630,57.7415,0.5874,1.0e-04,27.21,0.47,3.5
10891,25.73,19.3789,177.4493,59.6875,0.5863,1.0e-04,,,3.5
10892,26.68,19.9819,183.7160,59.6005,0.5866,1.0e-04,,,3.5
10893,26.40,19.6689,164.7818,60.6658,0.5792,1.0e-04,,,3.5
10894,26.51,19.7856,165.0237,64.0299,0.5856,1.0e-04,,,3.5
10895,27.02,20.2964,172.1743,61.6745,0.5776,1.0e-04,,,3.5
10896,27.61,20.9219,160.6609,62.5703,0.5808,1.0e-04,,,3.5
10897,27.32,20.7271,184.4145,64.1302,0.5854,1.0e-04,,,3.5
10898,27.53,20.8281,191.3958,64.5260,0.5844,1.0e-04,,,3.5
10899,26.73,20.1006,201.4283,64.7120,0.5759,1.0e-04,,,3.5
10900,26.50,19.7896,202.2730,59.3152,0.5838,1.0e-04,27.89,0.47,3.5
10901,26.11,19.6343,184.0310,58.0082,0.5859,1.0e-04,,,3.5
10902,26.06,19.7871,171.0429,60.6060,0.5738,1.0e-04,,,3.5
10903,26.78,20.2939,181.5046,63.3668,0.5841,1.0e-04,,,3.5
10904,27.62,20.9033,163.3567,61.3438,0.5796,1.0e-04,,,3.5
10905,26.91,20.2358,163.2879,59.8828,0.5860,1.0e-04,,,3.5
10906,25.84,19.4272,200.0543,55.5057,0.5867,1.0e-04,,,3.5
10907,27.64,21.1030,183.9041,59.6198,0.5838,1.0e-04,,,3.5
10908,27.07,20.6445,189.6156,59.4583,0.5742,1.0e-04,,,3.5
10909,25.94,19.7554,165.9793,63.2364,0.5799,1.0e-04,,,3.5
10910,27.69,21.1235,184.3846,61.1458,0.5840,1.0e-04,27.00,0.43,3.5
10911,28.02,21.4414,180.7507,64.2375,0.5764,1.0e-04,,,3.5
10912,26.47,20.0962,204.6815,62.1630,0.5839,1.0e-04,,,3.5
10913,26.85,20.3833,199.3456,64.3478,0.5799,1.0e-04,,,8.4
10914,26.59,20.5474,197.8363,64.2120,0.5713,1.0e-04,,,3.5
10915,26.08,19.9209,189.7613,60.9022,0.5710,1.0e-04,,,3.5
10916,28.22,22.0435,207.5418,63.7650,0.5653,1.0e-04,,,3.5
10917,26.12,20.0347,203.6684,63.2908,0.5656,1.0e-04,,,3.5
10918,26.32,20.1562,211.6632,62.3234,0.5716,1.0e-04,,,3.5
10919,27.42,21.2739,197.3266,64.3203,0.5667,1.0e-04,,,3.5
10920,26.55,20.4741,186.0311,65.2418,0.5702,1.0e-04,26.95,0.36,3.5
10921,27.87,21.5239,187.8453,62.9557,0.5765,1.0e-04,,,3.5
10922,27.75,21.1606,192.0920,61.8411,0.5793,1.0e-04,,,3.5
10923,26.15,19.7139,197.0476,62.7609,0.5764,1.0e-04,,,3.5
10924,27.29,20.8350,194.4706,64.3620,0.5757,1.0e-04,,,3.5
10925,26.59,20.4375,207.5948,64.3125,0.5783,1.0e-04,,,3.5
10926,26.82,20.3472,188.0516,61.0652,0.5737,1.0e-04,,,3.5
10927,27.41,20.7583,200.7428,59.3490,0.5751,1.0e-04,,,3.5
10928,26.32,19.8975,177.2120,58.3560,0.5770,1.0e-04,,,3.5
10929,26.96,20.6196,179.7401,57.8438,0.5837,1.0e-04,,,3.5
10930,26.08,19.7510,198.2909,61.1304,0.5756,1.0e-04,27.53,0.45,3.5
10931,26.60,20.2168,179.8489,61.5136,0.5759,1.0e-04,,,3.5
10932,27.60,21.0752,188.5133,63.1536,0.5723,1.0e-04,,,3.5
10933,26.47,20.2441,189.9330,59.7636,0.5700,1.0e-04,,,3.5
10934,26.62,20.4248,193.1043,64.4973,0.5750,1.0e-04,,,3.5
10935,25.18,19.2451,191.1973,58.4943,0.5762,1.0e-04,,,3.5
10936,27.80,21.6030,195.6557,59.9531,0.5675,1.0e-04,,,3.5
10937,27.16,20.8779,183.9514,55.8281,0.5714,1.0e-04,,,3.5
10938,26.80,20.5024,162.1844,57.5761,0.5739,1.0e-04,,,3.5
10939,27.89,21.4204,196.6745,59.2583,0.5785,1.0e-04,,,3.5
10940,26.67,20.4531,166.9008,59.9592,0.5781,1.0e-04,27.44,0.45,3.5
10941,26.61,20.2153,185.7506,60.0408,0.5742,1.0e-04,,,3.5
10942,25.48,19.1948,165.4027,62.2642,0.5743,1.0e-04,,,3.5
10943,27.20,20.6763,175.2175,60.2786,0.5755,1.0e-04,,,3.5
10944,26.14,19.6641,180.6306,56.8370,0.5795,1.0e-04,,,3.5
10945,27.14,20.4780,176.6808,62.2891,0.5773,1.0e-04,,,3.5
10946,27.67,21.0181,164.7569,56.0521,0.5819,1.0e-04,,,3.5
10947,26.96,20.3979,146.7286,53.9766,0.5766,1.0e-04,,,3.5
10948,26.43,19.7603,164.9990,56.9185,0.5826,1.0e-04,,,3.5
10949,25.57,19.0234,168.8803,59.8807,0.5750,1.0e-04,,,3.5
10950,27.99,21.1587,156.2310,61.1525,0.5806,1.0e-04,28.62,0.54,3.5
10951,27.96,21.1265,185.1007,61.5800,0.5760,1.0e-04,,,3.5
10952,27.17,20.4619,169.3652,61.0755,0.5761,1.0e-04,,,3.5
10953,27.52,21.0591,171.8793,58.7161,0.5740,1.0e-04,,,3.5
10954,28.11,21.6299,181.3125,63.7200,0.5757,1.0e-04,,,3.5
10955,26.97,20.6191,179.7958,62.3073,0.5727,1.0e-04,,,3.5
10956,27.08,20.6006,169.7626,61.1771,0.5740,1.0e-04,,,3.5
10957,27.41,21.0879,187.2091,62.3542,0.5710,1.0e-04,,,3.5
10958,26.50,20.2593,167.8044,66.3886,0.5702,1.0e-04,,,3.5
10959,28.19,21.7100,160.1898,61.3600,0.5758,1.0e-04,,,3.5
10960,26.46,20.1025,188.9596,64.7500,0.5767,1.0e-04,27.42,0.41,3.5
10961,26.46,19.9922,191.4482,58.9701,0.5775,1.0e-04,,,3.5
10962,26.82,20.4316,179.1052,62.1060,0.5721,1.0e-04,,,3.5
10963,26.85,20.4336,191.0068,61.6332,0.5701,1.0e-04,,,3.5
10964,26.22,20.1108,203.5851,62.9266,0.5723,1.0e-04,,,3.5
10965,26.91,20.6753,176.9976,60.7473,0.5706,1.0e-04,,,3.5
10966,26.60,20.4121,165.0850,58.7663,0.5799,1.0e-04,,,3.5
10967,26.14,20.0244,160.3187,61.1739,0.5713,1.0e-04,,,3.5
10968,26.63,20.6914,193.5384,57.7853,0.5640,1.0e-04,,,3.5
10969,27.11,21.0391,186.9551,62.4974,0.5640,1.0e-04,,,3.5
10970,27.38,21.3198,201.3450,59.1432,0.5605,1.0e-04,26.78,0.35,3.5
10971,27.69,21.4404,179.5152,62.8385,0.5644,1.0e-04,,,3.5
10972,27.28,20.8760,200.1290,59.3776,0.5737,1.0e-04,,,3.5
10973,27.45,20.9097,173.3714,61.0677,0.5720,1.0e-04,,,3.5
10974,27.25,20.7754,173.8865,58.7500,0.5770,1.0e-04,,,3.5
10975,26.76,20.5405,186.4324,60.0272,0.5736,1.0e-04,,,3.5
10976,27.06,20.5293,168.9506,56.6302,0.5722,1.0e-04,,,3.5
10977,27.43,21.0435,190.2272,60.0130,0.5698,1.0e-04,,,3.5
10978,25.78,19.3735,171.4066,60.4233,0.5844,1.0e-04,,,3.5
10979,28.33,21.6025,165.2205,60.2925,0.5789,1.0e-04,,,3.5
10980,27.29,20.8691,169.5089,62.1016,0.5721,1.0e-04,28.00,0.48,3.5
10981,26.81,20.2393,191.3611,60.1875,0.5784,1.0e-04,,,3.5
10982,27.32,20.8291,195.9090,65.8021,0.5700,1.0e-04,,,3.5
10983,26.80,20.5728,182.9710,64.8071,0.5679,1.0e-04,,,3.5
10984,26.64,20.6919,192.6254,59.4810,0.5522,1.0e-04,,,3.5
10985,27.99,21.6914,189.9725,66.9850,0.5652,1.0e-04,,,3.5
10986,26.86,20.4243,185.0823,63.4946,0.5656,1.0e-04,,,3.5
10987,26.80,20.5962,187.5472,59.4402,0.5608,1.0e-04,,,3.5
10988,27.07,20.8037,189.0143,62.1589,0.5609,1.0e-04,,,3.5
10989,26.65,20.4282,185.8125,58.8832,0.5650,1.0e-04,,,3.5
10990,26.58,20.2500,182.0213,66.8750,0.5758,1.0e-04,28.04,0.47,3.5
10991,26.97,20.3320,191.5830,63.9505,0.5735,1.0e-04,,,3.5
10992,27.32,20.6519,169.7109,62.1875,0.5788,1.0e-04,,,3.5
10993,27.75,21.2939,186.3139,67.5859,0.5611,1.0e-04,,,3.5
10994,28.60,22.0542,199.7764,64.6400,0.5685,1.0e-04,,,3.5
10995,28.19,21.7241,193.4575,64.2425,0.5738,1.0e-04,,,3.5
10996,27.83,21.2954,175.4482,62.2943,0.5786,1.0e-04,,,3.5
10997,27.39,20.9795,179.4125,59.8047,0.5717,1.0e-04,,,3.5
10998,27.18,20.6699,191.9789,61.6458,0.5720,1.0e-04,,,3.5
10999,27.21,20.7368,192.6465,63.7500,0.5755,1.0e-04,,,3.5
11000,26.79,20.4121,147.4167,57.7582,0.5713,1.0e-04,27.54,0.37,3.5
11001,26.90,20.5625,167.9115,60.8098,0.5733,1.0e-04,,,3.5
11002,26.27,20.2056,165.7976,59.8315,0.5674,1.0e-04,,,3.5
11003,27.33,20.7651,175.1231,62.0651,0.5774,1.0e-04,,,3.5
11004,27.28,21.0249,197.3946,61.7943,0.5590,1.0e-04,,,3.5
11005,28.02,21.5044,185.8992,61.4825,0.5577,1.0e-04,,,3.5
11006,27.44,21.0669,212.7461,62.5599,0.5737,1.0e-04,,,3.5
11007,25.97,19.6963,191.1245,60.2908,0.5705,1.0e-04,,,3.5
11008,27.37,20.8345,172.7137,60.4635,0.5778,1.0e-04,,,3.5
11009,25.76,19.4819,185.4001,60.6960,0.5670,1.0e-04,,,3.5
11010,27.12,20.7656,191.1320,58.4375,0.5662,1.0e-04,28.40,0.41,3.5
11011,26.10,19.8286,180.4324,60.3043,0.5681,1.0e-04,,,3.5
11012,27.75,21.3315,188.9495,58.3021,0.5739,1.0e-04,,,3.5
11013,27.41,20.8481,189.5727,66.5052,0.5616,1.0e-04,,,3.5
11014,26.42,20.2090,191.0798,61.2092,0.5660,1.0e-04,,,3.5
11015,26.85,20.3706,177.4050,58.1848,0.5740,1.0e-04,,,3.5
11016,26.88,20.4023,184.2189,58.4402,0.5683,1.0e-04,,,3.5
11017,26.58,20.2725,186.4146,57.4429,0.5551,1.0e-04,,,3.5
11018,25.90,19.8511,182.5308,57.5136,0.5572,1.0e-04,,,3.5
11019,26.56,20.4370,200.7249,64.3913,0.5619,1.0e-04,,,3.5
11020,28.04,21.8032,192.6882,65.3550,0.5637,1.0e-04,27.11,0.33,3.5
11021,27.93,21.6392,211.8268,68.2075,0.5642,1.0e-04,,,3.5
11022,27.64,21.3682,199.5378,66.9792,0.5686,1.0e-04,,,3.5
11023,26.85,20.6875,199.8800,66.9592,0.5577,1.0e-04,,,3.5
11024,27.54,21.2051,188.1085,63.7292,0.5634,1.0e-04,,,3.5
11025,28.37,22.0269,191.5617,63.5675,0.5642,1.0e-04,,,3.5
11026,26.41,20.1372,206.9293,64.5707,0.5620,1.0e-04,,,3.5
11027,27.19,21.0264,211.2889,65.4661,0.5538,1.0e-04,,,3.5
11028,27.14,21.0195,195.4630,63.4661,0.5642,1.0e-04,,,3.5
11029,27.97,21.6797,183.2439,65.2500,0.5648,1.0e-04,,,3.5
11030,27.26,21.0928,184.0316,59.6094,0.5658,1.0e-04,26.97,0.32,3.5
11031,26.85,20.7163,181.4082,61.2554,0.5595,1.0e-04,,,3.5
11032,27.06,21.0220,176.1421,61.9531,0.5430,1.0e-04,,,3.5
11033,26.33,20.4932,196.6798,60.7527,0.5422,1.0e-04,,,3.5
11034,25.94,20.1548,215.4767,61.4783,0.5469,1.0e-04,,,3.5
11035,27.41,21.4863,187.3331,61.5938,0.5425,1.0e-04,,,3.5
11036,27.30,21.4507,218.3555,61.0599,0.5459,1.0e-04,,,3.5
11037,25.79,19.9092,188.7738,59.0938,0.5519,1.0e-04,,,3.5
11038,26.57,20.3281,171.6989,59.3832,0.5598,1.0e-04,,,3.5
11039,26.13,20.1929,198.6817,62.3315,0.5496,1.0e-04,,,3.5
11040,27.75,21.4829,189.8344,60.6406,0.5600,1.0e-04,27.28,0.37,3.5
11041,26.60,20.4194,229.2102,60.2880,0.5565,1.0e-04,,,3.5
11042,27.05,20.8789,215.3931,65.6797,0.5600,1.0e-04,,,3.5
11043,27.44,21.2905,220.8109,64.1849,0.5559,1.0e-04,,,3.5
11044,28.08,21.9077,209.7218,64.6375,0.5557,1.0e-04,,,3.5
11045,26.91,20.7417,201.8565,62.8229,0.5594,1.0e-04,,,3.5
11046,28.46,21.8770,206.7100,62.9025,0.5652,1.0e-04,,,3.5
11047,26.41,20.2368,198.3573,63.7772,0.5631,1.0e-04,,,3.5
11048,26.02,19.8599,212.8850,66.7337,0.5614,1.0e-04,,,3.5
11049,27.20,21.1021,201.9379,60.9609,0.5577,1.0e-04,,,3.5
11050,28.27,22.0771,204.3170,64.0900,0.5524,1.0e-04,26.70,0.32,3.5
11051,26.72,20.6382,229.8006,62.4755,0.5630,1.0e-04,,,3.5
11052,26.97,20.9580,224.5983,64.3984,0.5528,1.0e-04,,,3.5
11053,25.09,19.2139,205.4399,58.3011,0.5541,1.0e-04,,,3.5
11054,27.26,21.0996,183.4810,64.7891,0.5625,1.0e-04,,,3.5
11055,26.93,20.9282,200.1946,59.9115,0.5509,1.0e-04,,,3.5
11056,27.09,20.7378,172.0406,60.7266,0.5634,1.0e-04,,,3.5
11057,26.21,20.0474,191.2430,57.1658,0.5660,1.0e-04,,,3.5
11058,27.42,21.1938,172.8164,64.1328,0.5607,1.0e-04,,,3.5
11059,26.65,20.6577,190.2379,61.8696,0.5636,1.0e-04,,,3.5
11060,27.10,20.8931,170.9814,59.9974,0.5610,1.0e-04,27.76,0.39,3.5
11061,27.16,20.8032,182.3165,61.9948,0.5648,1.0e-04,,,3.5
11062,26.79,20.3003,185.8634,59.9158,0.5658,1.0e-04,,,3.5
11063,28.40,21.7920,190.6751,62.1475,0.5706,1.0e-04,,,3.5
11064,27.52,21.3115,197.9094,63.9896,0.5616,1.0e-04,,,3.5
11065,26.97,20.7998,198.4944,64.7552,0.5511,1.0e-04,,,3.5
11066,26.86,20.5776,204.7116,65.4321,0.5627,1.0e-04,,,3.5
11067,27.46,21.2148,198.6261,63.2083,0.5571,1.0e-04,,,3.5
11068,26.78,20.5176,197.8200,66.1875,0.5481,1.0e-04,,,3.5
11069,26.36,19.9658,218.3092,61.9022,0.5684,1.0e-04,,,3.5
11070,26.96,20.5684,177.4254,66.0807,0.5682,1.0e-04,27.86,0.42,3.5
11071,26.93,20.5684,193.4827,64.0911,0.5663,1.0e-04,,,3.5
11072,25.87,19.4048,177.6256,61.4744,0.5672,1.0e-04,,,3.5
11073,27.35,20.8110,186.9525,65.3203,0.5578,1.0e-04,,,3.5
11074,27.78,21.0298,188.5542,62.2318,0.5636,1.0e-04,,,3.5
11075,27.47,20.9932,198.2244,61.2005,0.5567,1.0e-04,,,3.5
11076,27.97,21.3130,209.1334,68.1825,0.5606,1.0e-04,,,3.5
11077,27.29,20.7344,174.0351,62.2526,0.5707,1.0e-04,,,3.5
11078,27.46,20.9795,203.0215,65.0521,0.5666,1.0e-04,,,3.5
11079,27.21,20.7412,205.6887,61.1302,0.5685,1.0e-04,,,3.5
11080,27.74,21.1406,202.3974,66.4870,0.5550,1.0e-04,27.48,0.43,3.5
11081,27.37,20.9521,224.0187,67.5729,0.5521,1.0e-04,,,3.5
11082,26.68,20.4146,191.7500,63.5734,0.5590,1.0e-04,,,3.5
11083,27.30,20.8955,187.5180,62.1172,0.5595,1.0e-04,,,3.5
11084,26.93,20.5571,207.5461,63.3516,0.5566,1.0e-04,,,3.5
11085,26.69,20.1738,231.6221,64.5190,0.5620,1.0e-04,,,3.5
11086,27.87,21.0522,193.0551,60.6953,0.5696,1.0e-04,,,3.5
11087,27.31,20.5493,175.1079,61.0495,0.5642,1.0e-04,,,3.5
11088,28.53,21.7363,181.3486,63.0375,0.5620,1.0e-04,,,3.5
11089,25.83,19.5483,197.7254,62.1591,0.5606,1.0e-04,,,3.5
11090,28.32,21.6904,191.6304,62.2875,0.5715,1.0e-04,28.00,0.42,3.5
11091,26.63,20.2910,201.5004,65.7065,0.5624,1.0e-04,,,3.5
11092,27.22,20.5601,185.1916,62.7630,0.5635,1.0e-04,,,3.5
11093,27.51,20.9395,205.9626,62.5547,0.5632,1.0e-04,,,3.5
11094,27.83,21.3452,206.3832,64.2005,0.5641,1.0e-04,,,3.5
11095,26.88,20.5444,189.3247,59.9647,0.5638,1.0e-04,,,3.5
11096,26.82,20.5854,156.4764,63.2772,0.5583,1.0e-04,,,3.5
11097,27.76,21.3882,189.0518,60.2448,0.5608,1.0e-04,,,3.5
11098,27.09,20.8979,189.7312,58.6042,0.5577,1.0e-04,,,3.5
11099,27.03,20.7700,180.1015,60.8542,0.5562,1.0e-04,,,3.5
11100,26.39,20.1777,192.3350,60.1277,0.5672,1.0e-04,27.07,0.37,3.5
11101,26.23,20.0454,182.4068,65.1658,0.5577,1.0e-04,,,3.5
11102,27.13,21.0083,201.6374,63.3724,0.5556,1.0e-04,,,3.5
11103,27.33,21.0654,197.3931,62.4948,0.5524,1.0e-04,,,3.5
11104,26.67,20.6953,199.2736,63.4728,0.5492,1.0e-04,,,3.5
11105,26.56,20.4614,216.0181,58.0652,0.5511,1.0e-04,,,3.5
11106,26.05,20.2373,205.9083,59.5625,0.5462,1.0e-04,,,3.5
11107,27.76,21.6636,179.0549,62.7057,0.5436,1.0e-04,,,3.5
11108,27.04,21.0205,200.3115,62.9635,0.5498,1.0e-04,,,3.5
11109,25.73,20.1313,219.5457,65.2216,0.5250,1.0e-04,,,3.5
11110,26.08,20.2930,178.8299,55.9973,0.5472,1.0e-04,26.52,0.32,3.5
11111,27.03,20.9570,190.1942,58.7109,0.5530,1.0e-04,,,3.5
11112,25.40,19.4463,194.9821,59.6392,0.5513,1.0e-04,,,3.5
11113,27.74,21.3223,180.1145,59.3333,0.5652,1.0e-04,,,3.5
11114,27.13,21.0049,211.2358,65.9036,0.5505,1.0e-04,,,3.5
11115,27.47,21.1558,200.8201,64.7344,0.5556,1.0e-04,,,3.5
11116,26.95,20.6201,173.8881,58.3776,0.5566,1.0e-04,,,3.5
11117,27.91,21.5444,194.6852,62.5225,0.5639,1.0e-04,,,3.5
11118,26.70,20.6445,194.7264,63.1440,0.5472,1.0e-04,,,3.5
11119,26.69,20.3784,217.8017,64.8451,0.5634,1.0e-04,,,3.5
11120,27.48,21.1406,200.2493,66.9115,0.5547,1.0e-04,27.45,0.41,3.5
11121,27.06,20.7461,209.9639,64.8958,0.5528,1.0e-04,,,3.5
11122,27.95,21.6055,199.6515,66.0800,0.5469,1.0e-04,,,3.5
11123,28.93,22.5742,197.9894,66.2849,0.5564,1.0e-04,,,3.5
11124,27.01,20.6748,189.8677,66.4714,0.5687,1.0e-04,,,3.5
11125,26.74,20.4160,184.4099,62.0489,0.5561,1.0e-04,,,3.5
11126,27.29,20.7583,194.9368,62.3672,0.5525,1.0e-04,,,3.5
11127,26.83,20.3770,187.4859,62.1712,0.5561,1.0e-04,,,3.5
11128,26.97,20.6382,188.5284,56.0312,0.5495,1.0e-04,,,3.5
11129,28.25,21.6689,193.7499,60.0300,0.5626,1.0e-04,,,3.5
11130,27.89,21.6577,170.0526,59.8672,0.5660,1.0e-04,26.66,0.39,3.5
11131,28.77,22.2476,167.7333,66.2350,0.5599,1.0e-04,,,3.5
11132,26.73,20.4741,171.7148,57.1685,0.5639,1.0e-04,,,3.5
11133,27.09,20.6367,197.4111,64.1302,0.5608,1.0e-04,,,3.5
11134,27.41,20.5679,181.6331,61.1536,0.5709,1.0e-04,,,3.5
11135,26.59,19.9248,180.7293,63.6168,0.5675,1.0e-04,,,3.5
11136,27.30,20.6562,151.5745,59.8542,0.5788,1.0e-04,,,3.5
11137,26.02,19.5181,164.5862,60.3288,0.5760,1.0e-04,,,3.5
11138,26.39,19.9043,177.5692,57.9810,0.5694,1.0e-04,,,3.5
11139,26.69,20.4219,183.1455,60.2500,0.5567,1.0e-04,,,3.5
11140,26.58,20.3052,185.4995,58.3016,0.5635,1.0e-04,27.44,0.39,3.5
11141,26.74,20.3970,182.9965,60.1359,0.5651,1.0e-04,,,3.5
11142,27.64,21.5112,188.7009,63.0417,0.5490,1.0e-04,,,3.5
11143,26.79,20.5889,174.6067,56.2853,0.5630,1.0e-04,,,3.5
11144,27.21,20.8828,175.4554,60.0286,0.5637,1.0e-04,,,3.5
11145,27.13,20.5850,161.4090,60.1068,0.5797,1.0e-04,,,3.5
11146,27.12,20.7793,171.3796,64.4740,0.5736,1.0e-04,,,3.5
11147,26.36,19.9927,168.5087,58.3886,0.5712,1.0e-04,,,3.5
11148,26.79,20.4971,178.5882,59.6712,0.5590,1.0e-04,,,3.5
11149,26.32,20.0874,168.5732,63.6549,0.5656,1.0e-04,,,3.5
11150,26.27,20.2471,175.0917,57.1549,0.5638,1.0e-04,27.08,0.38,3.5
11151,26.61,20.3989,172.1400,58.3179,0.5714,1.0e-04,,,3.5
11152,26.05,19.6411,178.9796,61.9511,0.5778,1.0e-04,,,3.5
11153,26.53,20.0391,175.4496,58.7147,0.5822,1.0e-04,,,3.5
11154,27.02,20.5078,140.1078,55.0104,0.5794,1.0e-04,,,3.5
11155,26.90,20.4575,170.2544,56.7772,0.5783,1.0e-04,,,3.5
11156,26.55,20.0659,184.2891,59.4293,0.5805,1.0e-04,,,3.5
11157,26.99,20.5762,172.2371,56.3750,0.5763,1.0e-04,,,3.5
11158,27.35,21.0391,147.3806,57.9349,0.5812,1.0e-04,,,3.5
11159,26.11,19.8784,169.8814,58.6902,0.5707,1.0e-04,,,3.5
11160,27.41,20.9727,187.0445,64.4167,0.5777,1.0e-04,26.94,0.35,3.5
11161,27.16,20.9634,193.5225,62.7630,0.5698,1.0e-04,,,3.5
11162,26.70,20.5850,156.4859,54.8043,0.5682,1.0e-04,,,3.5
11163,27.77,21.6748,181.3220,60.3281,0.5594,1.0e-04,,,3.5
11164,27.23,20.8960,161.8400,59.1693,0.5654,1.0e-04,,,3.5
11165,26.85,20.4746,165.8749,55.8098,0.5733,1.0e-04,,,3.5
11166,26.32,19.7500,150.5996,51.7799,0.5706,1.0e-04,,,3.5
11167,25.89,19.5020,176.7030,59.3913,0.5768,1.0e-04,,,3.5
11168,26.93,20.3979,182.2994,58.9766,0.5684,1.0e-04,,,3.5
11169,28.86,21.8550,148.7275,57.5875,0.5755,1.0e-04,,,3.5
11170,27.25,20.7666,158.9324,59.1354,0.5685,1.0e-04,26.72,0.34,3.5
11171,25.92,19.8926,164.4265,57.4701,0.5651,1.0e-04,,,3.5
11172,26.55,20.4688,168.7676,54.4185,0.5603,1.0e-04,,,3.5
11173,25.77,19.6064,153.5404,53.6705,0.5749,1.0e-04,,,3.5
11174,26.09,19.9482,159.1094,55.7690,0.5640,1.0e-04,,,3.5
11175,25.87,20.0229,165.1242,53.4915,0.5516,1.0e-04,,,3.5
11176,26.74,20.7261,159.3934,61.0679,0.5498,1.0e-04,,,3.5
11177,27.66,21.5830,177.5598,61.8906,0.5528,1.0e-04,,,3.5
11178,26.94,20.9780,170.7451,60.8047,0.5404,1.0e-04,,,3.5
11179,26.79,20.7349,158.6040,63.2418,0.5579,1.0e-04,,,3.5
11180,26.50,20.5264,188.8092,65.8859,0.5477,1.0e-04,26.97,0.32,3.5
11181,27.40,21.3589,186.4447,66.4792,0.5516,1.0e-04,,,3.5
11182,28.45,22.1587,198.1766,64.0900,0.5542,1.0e-04,,,3.5
11183,26.90,20.6294,171.7662,64.4076,0.5619,1.0e-04,,,3.5
11184,27.08,20.7461,176.6941,65.3698,0.5581,1.0e-04,,,3.5
11185,27.97,21.4185,184.7146,63.9175,0.5609,1.0e-04,,,3.5
11186,27.73,21.2676,192.9424,65.5521,0.5649,1.0e-04,,,3.5
11187,27.47,20.9922,180.9318,63.2969,0.5666,1.0e-04,,,3.5
11188,28.22,21.4312,188.8257,63.2500,0.5679,1.0e-04,,,3.5
11189,26.81,20.3428,159.3296,59.5734,0.5707,1.0e-04,,,3.5
11190,28.01,21.3418,175.9074,59.7275,0.5722,1.0e-04,27.68,0.44,3.5
11191,26.77,20.3359,166.0239,59.7636,0.5634,1.0e-04,,,3.5
11192,27.62,21.2349,167.2274,60.7135,0.5598,1.0e-04,,,3.5
11193,27.84,21.2466,180.5052,61.9010,0.5677,1.0e-04,,,3.5
11194,27.34,20.6836,180.0755,60.8359,0.5681,1.0e-04,,,3.5
11195,27.00,20.6362,171.6705,58.1615,0.5650,1.0e-04,,,3.5
11196,26.07,19.6685,170.6851,58.8125,0.5706,1.0e-04,,,3.5
11197,28.51,21.7607,176.2222,63.9900,0.5693,1.0e-04,,,3.5
11198,26.52,19.9604,189.2203,60.4484,0.5659,1.0e-04,,,3.5
11199,25.87,19.3447,203.2268,58.3097,0.5707,1.0e-04,,,3.5
11200,27.60,21.1406,164.5538,58.5625,0.5676,1.0e-04,27.19,0.39,3.5
11201,26.72,20.4629,214.4723,62.0625,0.5638,1.0e-04,,,3.5
11202,26.29,19.9512,175.7919,63.3071,0.5753,1.0e-04,,,3.5
11203,27.05,20.6436,182.3106,63.3568,0.5680,1.0e-04,,,3.5
11204,27.42,20.8301,164.4623,61.5026,0.5720,1.0e-04,,,3.5
11205,27.33,20.9551,203.8147,65.9375,0.5639,1.0e-04,,,3.5
11206,26.92,20.5029,206.2447,61.8359,0.5630,1.0e-04,,,3.5
11207,27.65,21.0449,180.4708,64.3151,0.5727,1.0e-04,,,3.5
11208,27.14,20.7891,190.6308,61.7266,0.5603,1.0e-04,,,3.5
11209,27.73,21.3140,205.3371,63.4635,0.5647,1.0e-04,,,3.5
11210,26.41,20.2520,174.3213,63.0842,0.5620,1.0e-04,27.08,0.37,3.5
11211,26.57,20.3423,179.4022,61.2880,0.5617,1.0e-04,,,3.5
11212,24.60,18.6099,219.2364,60.9464,0.5666,1.0e-04,,,3.5
11213,27.71,21.1260,182.2003,59.8568,0.5722,1.0e-04,,,3.5
11214,25.54,19.1001,212.0851,57.4119,0.5648,1.0e-04,,,3.5
11215,28.27,21.6948,187.6697,60.5525,0.5631,1.0e-04,,,3.5
11216,26.79,20.3335,187.3155,61.7554,0.5688,1.0e-04,,,3.5
11217,26.96,20.3911,174.8344,59.7917,0.5787,1.0e-04,,,3.5
11218,28.80,22.0532,176.7533,64.7425,0.5754,1.0e-04,,,3.5
11219,26.27,19.8677,184.9987,60.8859,0.5723,1.0e-04,,,3.5
11220,26.35,19.8379,172.8543,57.6495,0.5717,1.0e-04,28.38,0.46,3.5
11221,27.66,20.9883,182.2475,60.0495,0.5818,1.0e-04,,,3.5
11222,26.96,20.2671,158.5587,53.7865,0.5782,1.0e-04,,,3.5
11223,26.08,19.6099,162.7281,56.4348,0.5827,1.0e-04,,,3.5
11224,25.82,19.3604,150.7614,58.7386,0.5768,1.0e-04,,,3.5
11225,26.72,20.1021,156.9439,59.7554,0.5796,1.0e-04,,,3.5
11226,25.79,19.3779,164.5805,59.2159,0.5792,1.0e-04,,,3.5
11227,25.60,19.2417,172.2046,58.0312,0.5717,1.0e-04,,,3.5
11228,27.75,21.1431,188.1278,57.6823,0.5752,1.0e-04,,,3.5
11229,27.04,20.5508,173.8606,58.5078,0.5757,1.0e-04,,,3.5
11230,27.20,20.6265,180.6138,58.1745,0.5801,1.0e-04,26.84,0.40,3.5
11231,26.42,20.1665,172.1994,63.2880,0.5817,1.0e-04,,,3.5
11232,26.91,20.6802,178.8609,62.1953,0.5744,1.0e-04,,,3.5
11233,25.49,19.4258,202.0084,57.2841,0.5642,1.0e-04,,,3.5
11234,26.63,20.5410,188.1100,62.2745,0.5576,1.0e-04,,,3.5
11235,27.74,21.6113,185.0285,64.9036,0.5593,1.0e-04,,,3.5
11236,27.70,21.5942,199.4508,60.4948,0.5540,1.0e-04,,,3.5
11237,28.04,22.1406,198.1668,66.0625,0.5438,1.0e-04,,,3.5
11238,27.40,21.2720,192.5860,58.4219,0.5521,1.0e-04,,,3.5
11239,26.83,20.8345,196.2537,62.5380,0.5547,1.0e-04,,,3.5
11240,27.70,21.3467,183.7604,62.0625,0.5712,1.0e-04,27.92,0.40,3.5
11241,28.63,22.0396,173.2823,62.7675,0.5627,1.0e-04,,,3.5
11242,27.61,21.2319,206.2578,61.9453,0.5630,1.0e-04,,,3.5
11243,27.46,21.0000,205.0812,64.2917,0.5644,1.0e-04,,,3.5
11244,27.70,21.3447,188.9794,61.5312,0.5615,1.0e-04,,,3.5
11245,27.29,20.9902,205.2006,62.2865,0.5580,1.0e-04,,,3.5
11246,28.16,21.7012,189.9488,63.1875,0.5563,1.0e-04,,,3.5
11247,26.94,20.5132,212.4546,64.5026,0.5625,1.0e-04,,,3.5
11248,27.18,20.8027,185.3008,63.4714,0.5599,1.0e-04,,,3.5
11249,27.33,21.1777,202.3307,70.1719,0.5507,1.0e-04,,,3.5
11250,26.88,20.8018,209.0933,67.7799,0.5425,1.0e-04,26.89,0.34,3.5
11251,26.01,19.9429,187.7703,60.4212,0.5526,1.0e-04,,,3.5
11252,28.19,21.7661,186.6881,64.4050,0.5615,1.0e-04,,,3.5
11253,27.97,21.6655,220.4091,66.0525,0.5585,1.0e-04,,,3.5
11254,28.61,22.1846,189.2091,64.3150,0.5437,1.0e-04,,,3.5
11255,26.75,20.5620,188.6428,57.0978,0.5579,1.0e-04,,,3.5
11256,27.04,20.6616,182.8196,65.0130,0.5612,1.0e-04,,,3.5
11257,26.67,20.4678,190.4419,58.4049,0.5584,1.0e-04,,,3.5
11258,27.44,21.0674,171.0516,60.0885,0.5557,1.0e-04,,,3.5
11259,27.12,20.8999,164.3477,58.2604,0.5584,1.0e-04,,,3.5
11260,27.09,20.7856,179.1605,56.7969,0.5604,1.0e-04,26.30,0.33,3.5
11261,27.17,21.0215,166.6536,57.3724,0.5495,1.0e-04,,,3.5
11262,27.78,21.5386,142.8365,58.5599,0.5602,1.0e-04,,,3.5
11263,26.41,20.2861,185.7650,61.7609,0.5586,1.0e-04,,,3.5
11264,27.63,21.7505,177.0973,58.6042,0.5414,1.0e-04,,,3.5
11265,28.55,22.4736,191.4643,61.9825,0.5461,1.0e-04,,,3.5
11266,25.33,19.6255,183.1673,59.4943,0.5409,1.0e-04,,,3.5
11267,25.65,19.7744,171.2184,55.6989,0.5481,1.0e-04,,,3.5
11268,27.29,21.1357,164.8947,62.2188,0.5501,1.0e-04,,,3.5
11269,27.78,21.4839,211.7043,63.4714,0.5533,1.0e-04,,,3.5
11270,26.03,19.7725,185.9954,58.4755,0.5586,1.0e-04,27.24,0.37,3.5
11271,26.20,19.8950,181.9843,59.5380,0.5659,1.0e-04,,,3.5
11272,27.21,20.8027,153.9826,61.4297,0.5695,1.0e-04,,,3.5
11273,26.88,20.5142,176.5331,58.0734,0.5623,1.0e-04,,,3.5
11274,27.03,20.7905,187.4058,58.0911,0.5550,1.0e-04,,,3.5
11275,28.26,21.9565,168.7868,59.1125,0.5609,1.0e-04,,,3.5
11276,26.18,20.0737,160.8366,55.5897,0.5611,1.0e-04,,,3.5
11277,27.11,21.1001,181.2066,58.5208,0.5585,1.0e-04,,,3.5
11278,27.77,21.5728,195.5279,62.6094,0.5598,1.0e-04,,,3.5
11279,28.49,22.1035,189.3874,62.8650,0.5575,1.0e-04,,,3.5
11280,27.11,20.7437,186.9901,64.2005,0.5591,1.0e-04,27.11,0.42,3.6
11281,26.91,20.4355,198.3636,59.7370,0.5741,1.0e-04,,,3.5
11282,27.83,21.3032,173.3762,58.9922,0.5709,1.0e-04,,,3.5
11283,26.87,20.3540,189.9543,62.0652,0.5725,1.0e-04,,,3.5
11284,26.28,19.7241,206.9274,58.5761,0.5672,1.0e-04,,,3.5
11285,26.42,19.8076,174.5689,57.4837,0.5791,1.0e-04,,,3.5
11286,28.33,21.3330,178.7687,65.8700,0.5686,1.0e-04,,,3.5
11287,27.99,21.1572,187.0939,65.7050,0.5667,1.0e-04,,,3.5
11288,26.69,20.0405,182.0795,58.7554,0.5705,1.0e-04,,,3.5
11289,25.98,19.5991,181.9934,57.8641,0.5630,1.0e-04,,,3.5
11290,27.14,20.5869,160.9265,63.9401,0.5630,1.0e-04,27.89,0.45,3.5
11291,28.08,21.4858,182.2261,60.0775,0.5658,1.0e-04,,,3.5
11292,26.36,19.9219,216.3061,63.3804,0.5642,1.0e-04,,,3.5
11293,26.92,20.5078,188.6030,60.6562,0.5707,1.0e-04,,,3.5
11294,26.59,20.4224,210.1813,65.1060,0.5601,1.0e-04,,,3.5
11295,25.29,19.3486,196.2903,60.9318,0.5595,1.0e-04,,,3.5
11296,27.54,21.4233,198.0149,65.5833,0.5560,1.0e-04,,,3.5
11297,25.42,19.5371,183.0984,58.7983,0.5564,1.0e-04,,,3.5
11298,27.59,21.5601,199.9199,57.9167,0.5555,1.0e-04,,,3.5
11299,26.12,20.3447,180.0186,61.3397,0.5498,1.0e-04,,,3.5
11300,26.62,20.8755,206.4613,63.2364,0.5350,1.0e-04,26.48,0.27,3.5
11301,27.25,21.3516,191.3084,63.4297,0.5432,1.0e-04,,,3.5
11302,26.37,20.3862,223.9444,63.2908,0.5453,1.0e-04,,,3.5
11303,27.76,21.6060,185.8733,58.2682,0.5529,1.0e-04,,,3.5
11304,26.77,20.6514,174.4596,61.0299,0.5599,1.0e-04,,,3.5
11305,26.81,20.8203,189.5918,62.2092,0.5497,1.0e-04,,,3.5
11306,26.53,20.5952,185.0162,59.3804,0.5457,1.0e-04,,,3.5
11307,26.83,20.8774,177.4264,59.4293,0.5526,1.0e-04,,,3.5
11308,26.22,20.1455,183.4292,58.5652,0.5550,1.0e-04,,,3.5
11309,28.31,22.2324,195.8941,60.6550,0.5433,1.0e-04,,,3.8
11310,27.40,21.5449,186.0538,61.2943,0.5323,1.0e-04,25.97,0.29,3.5
11311,26.90,20.9082,184.8589,61.4245,0.5514,1.0e-04,,,3.5
11312,26.76,20.7637,194.7606,61.6793,0.5351,1.0e-04,,,3.5
11313,28.11,22.1768,190.3968,61.0625,0.5321,1.0e-04,,,3.5
11314,25.97,20.2515,177.6121,57.2038,0.5244,1.0e-04,,,3.5
11315,25.99,20.2637,187.9503,59.3098,0.5336,1.0e-04,,,3.5
11316,26.49,20.3804,184.6781,59.2880,0.5485,1.0e-04,,,3.5
11317,28.43,22.2910,193.6425,65.1475,0.5379,1.0e-04,,,3.5
11318,24.98,19.0640,186.4161,55.2074,0.5411,1.0e-04,,,3.5
11319,28.64,22.3750,174.9891,57.0675,0.5409,1.0e-04,,,3.5
11320,26.46,20.3740,164.7247,59.5380,0.5535,1.0e-04,27.53,0.36,3.5
11321,27.74,21.4639,170.6226,59.4661,0.5485,1.0e-04,,,3.5
11322,28.21,21.9639,183.9144,62.3825,0.5489,1.0e-04,,,3.5
11323,28.08,21.8896,193.6765,61.8575,0.5423,1.0e-04,,,3.5
11324,27.69,21.5161,201.8808,66.0208,0.5495,1.0e-04,,,3.5
11325,28.27,21.9258,200.6879,61.4675,0.5465,1.0e-04,,,3.5
11326,26.56,20.3213,185.2721,59.0842,0.5543,1.0e-04,,,3.5
11327,26.99,20.5864,163.2458,61.9453,0.5628,1.0e-04,,,3.5
11328,27.58,21.2236,201.8385,60.0807,0.5584,1.0e-04,,,3.5
11329,26.72,20.6084,187.7797,61.6549,0.5394,1.0e-04,,,3.5
11330,27.15,21.0688,195.8023,63.1042,0.5438,1.0e-04,27.58,0.37,3.5
11331,26.73,20.5029,201.9820,63.2174,0.5539,1.0e-04,,,3.5
11332,26.39,20.2407,224.8105,62.6386,0.5538,1.0e-04,,,3.5
11333,28.01,21.8076,193.5424,64.0600,0.5505,1.0e-04,,,3.5
11334,27.78,21.3027,191.5681,65.0208,0.5563,1.0e-04,,,3.5
11335,28.92,22.2139,221.7604,67.4760,0.5717,1.0e-04,,,3.5
11336,25.91,19.6245,205.5675,65.2908,0.5651,1.0e-04,,,3.5
11337,26.82,20.4004,197.7893,60.8315,0.5639,1.0e-04,,,3.5
11338,26.54,20.0190,201.8263,60.1630,0.5744,1.0e-04,,,3.5
11339,26.30,20.0601,211.6896,66.1114,0.5564,1.0e-04,,,3.5
11340,27.96,21.4048,210.2402,65.6675,0.5682,1.0e-04,28.49,0.45,3.5
11341,27.83,21.1831,179.6410,64.7448,0.5641,1.0e-04,,,3.5
11342,27.15,20.4922,210.5940,65.6094,0.5662,1.0e-04,,,3.5
11343,25.46,19.2012,226.2947,61.1676,0.5576,1.0e-04,,,3.5
11344,27.09,20.9072,184.2943,63.4714,0.5529,1.0e-04,,,3.5
11345,26.76,20.4795,190.4536,62.5326,0.5621,1.0e-04,,,3.5
11346,27.08,20.5034,202.8449,63.4427,0.5811,1.0e-04,,,3.5
11347,26.80,20.3301,204.3595,62.1304,0.5626,1.0e-04,,,3.5
11348,28.02,21.6045,193.2590,67.7525,0.5571,1.0e-04,,,3.5
11349,26.43,20.3291,207.7902,63.3424,0.5656,1.0e-04,,,3.5
11350,27.28,20.9565,173.3822,62.9688,0.5680,1.0e-04,27.85,0.37,3.5
11351,27.29,20.9268,198.3094,64.5312,0.5610,1.0e-04,,,3.8
11352,27.55,21.0308,176.4674,67.1536,0.5612,1.0e-04,,,3.5
11353,28.30,21.6250,182.8820,66.4600,0.5631,1.0e-04,,,3.5
11354,27.38,20.7363,190.2031,61.3438,0.5626,1.0e-04,,,3.5
11355,27.69,21.1553,156.7039,64.5234,0.5608,1.0e-04,,,3.5
11356,27.69,21.4951,180.2801,64.4297,0.5511,1.0e-04,,,3.5
11357,27.34,21.0469,210.7467,63.8281,0.5591,1.0e-04,,,3.5
11358,27.03,20.8228,202.4947,59.8802,0.5617,1.0e-04,,,3.5
11359,27.37,20.9424,166.1425,60.9583,0.5680,1.0e-04,,,3.5
11360,25.25,19.0391,201.9724,58.7926,0.5689,1.0e-04,27.52,0.39,3.5
11361,28.73,22.2119,187.3927,65.2450,0.5616,1.0e-04,,,3.5
11362,26.74,20.2026,173.2474,61.0842,0.5642,1.0e-04,,,3.5
11363,27.33,20.6294,189.6716,58.0104,0.5578,1.0e-04,,,3.5
11364,28.20,21.5654,176.3463,65.7775,0.5628,1.0e-04,,,3.5
11365,26.40,20.0542,203.8471,58.7500,0.5570,1.0e-04,,,3.5
11366,27.72,21.1890,185.8568,64.6042,0.5589,1.0e-04,,,3.5
11367,27.75,21.1782,190.6508,64.0052,0.5631,1.0e-04,,,3.5
11368,27.22,21.0112,187.1140,62.6250,0.5546,1.0e-04,,,3.5
11369,28.04,21.4028,197.5768,66.1000,0.5580,1.0e-04,,,3.5
11370,27.49,20.9741,193.9607,65.4688,0.5601,1.0e-04,28.48,0.46,3.5
11371,26.21,19.8750,207.0131,62.5897,0.5601,1.0e-04,,,3.5
11372,26.37,20.0200,200.9718,62.3207,0.5625,1.0e-04,,,3.5
11373,27.18,20.7812,175.7529,63.7943,0.5638,1.0e-04,,,3.5
11374,27.45,21.1479,196.9577,63.2891,0.5647,1.0e-04,,,3.5
11375,26.92,20.7378,187.4269,60.1562,0.5489,1.0e-04,,,3.5
11376,25.85,20.0146,219.0969,58.3381,0.5520,1.0e-04,,,3.5
11377,28.82,22.5786,175.4038,62.8250,0.5508,1.0e-04,,,3.5
11378,26.15,20.3232,205.4379,63.0842,0.5331,1.0e-04,,,3.5
11379,26.09,20.2388,215.1801,63.4538,0.5350,1.0e-04,,,3.5
11380,26.74,20.8560,206.4773,57.5734,0.5503,1.0e-04,27.83,0.36,3.5
11381,27.76,21.4604,209.0518,64.5078,0.5505,1.0e-04,,,3.5
11382,26.84,20.6089,188.6767,60.4973,0.5590,1.0e-04,,,3.5
11383,27.24,21.0757,188.6333,66.7005,0.5477,1.0e-04,,,3.5
11384,27.46,21.1479,219.4908,64.8438,0.5478,1.0e-04,,,3.5
11385,26.84,20.7383,202.3939,64.1630,0.5578,1.0e-04,,,3.5
11386,26.78,20.6670,197.0332,62.9049,0.5569,1.0e-04,,,3.5
11387,26.42,20.1992,199.7105,62.2880,0.5611,1.0e-04,,,3.5
11388,28.25,21.6123,204.3184,66.4750,0.5676,1.0e-04,,,3.5
11389,27.59,20.9521,205.7933,59.4922,0.5602,1.0e-04,,,3.5
11390,26.60,20.1265,187.7281,60.0543,0.5608,1.0e-04,27.54,0.40,3.5
11391,26.86,20.5767,180.1925,60.6250,0.5609,1.0e-04,,,3.5
11392,27.36,20.8867,169.8304,63.1615,0.5600,1.0e-04,,,3.5
11393,28.96,22.4409,165.5735,63.0962,0.5635,1.0e-04,,,3.5
11394,27.87,21.6592,157.3764,61.8073,0.5530,1.0e-04,,,3.5
11395,25.92,19.8643,214.7618,59.2663,0.5528,1.0e-04,,,3.5
11396,27.22,20.8242,168.8117,59.7370,0.5638,1.0e-04,,,3.5
11397,26.29,20.0063,193.6254,61.4674,0.5640,1.0e-04,,,3.5
11398,27.29,20.9263,180.7997,60.9323,0.5594,1.0e-04,,,3.5
11399,27.00,20.7148,207.2267,61.5312,0.5563,1.0e-04,,,3.5
11400,26.32,20.0776,187.9770,57.5136,0.5581,1.0e-04,27.17,0.46,3.5
11401,27.18,20.5864,173.5441,54.1901,0.5696,1.0e-04,,,3.5
11402,27.44,20.8481,162.1491,57.9583,0.5733,1.0e-04,,,3.5
11403,27.65,21.0947,174.2892,60.2708,0.5625,1.0e-04,,,3.5
11404,26.44,19.9102,191.2825,58.9973,0.5632,1.0e-04,,,3.5
11405,26.47,19.9976,182.1985,60.1875,0.5615,1.0e-04,,,3.5
11406,26.46,20.2812,183.0756,56.5924,0.5499,1.0e-04,,,3.5
11407,26.86,20.6152,188.0715,59.2473,0.5575,1.0e-04,,,3.5
11408,26.64,20.4541,178.9787,56.9918,0.5466,1.0e-04,,,3.5
11409,25.87,19.9438,193.9244,58.9545,0.5482,1.0e-04,,,3.5
11410,26.55,20.6904,184.3824,53.2989,0.5469,1.0e-04,27.42,0.34,3.5
11411,27.92,21.6836,179.3486,61.3500,0.5513,1.0e-04,,,3.5
11412,26.68,20.6992,180.4635,59.7473,0.5419,1.0e-04,,,3.5
11413,27.11,21.2754,186.6344,57.2500,0.5330,1.0e-04,,,3.5
11414,27.50,21.5142,181.2784,59.4896,0.5341,1.0e-04,,,3.5
11415,27.27,21.1729,189.2723,65.5234,0.5433,1.0e-04,,,3.5
11416,27.91,21.5679,192.4508,62.1225,0.5472,1.0e-04,,,3.5
11417,29.02,22.5781,194.4512,61.6707,0.5517,1.0e-04,,,3.5
11418,26.18,20.0742,164.3143,57.9321,0.5542,1.0e-04,,,3.5
11419,27.33,20.9619,184.9108,60.7266,0.5542,1.0e-04,,,3.5
11420,27.02,20.8008,167.0819,63.7396,0.5498,1.0e-04,26.98,0.36,3.5
11421,26.91,20.8062,189.7318,63.1745,0.5555,1.0e-04,,,3.5
11422,26.92,20.5796,183.4716,63.8919,0.5604,1.0e-04,,,3.5
11423,26.95,20.5635,198.3064,59.2969,0.5616,1.0e-04,,,3.5
11424,27.82,21.1636,186.5551,59.9896,0.5595,1.0e-04,,,3.5
11425,26.29,19.9727,190.7776,57.2201,0.5677,1.0e-04,,,3.5
11426,26.45,20.0005,190.9440,58.0408,0.5651,1.0e-04,,,3.5
11427,26.50,19.8701,186.8653,59.8315,0.5684,1.0e-04,,,3.5
11428,27.08,20.3032,181.4609,59.8021,0.5669,1.0e-04,,,3.5
11429,27.54,20.8833,191.9729,62.1667,0.5662,1.0e-04,,,3.5
11430,27.94,21.1836,192.0124,62.4500,0.5606,1.0e-04,28.12,0.49,3.5
11431,28.17,21.2744,185.5540,62.0725,0.5673,1.0e-04,,,3.5
11432,27.26,20.4282,187.1674,61.0807,0.5707,1.0e-04,,,3.5
11433,27.52,20.5903,169.1050,63.3359,0.5739,1.0e-04,,,3.5
11434,27.43,20.5615,176.5483,61.5521,0.5544,1.0e-04,,,3.5
11435,26.45,20.0010,168.0295,59.9918,0.5663,1.0e-04,,,3.5
11436,27.88,21.1689,172.5735,60.3047,0.5598,1.0e-04,,,3.5
11437,27.21,20.4849,192.3246,61.4479,0.5640,1.0e-04,,,3.5
11438,28.24,21.1963,195.4756,62.1075,0.5671,1.0e-04,,,3.5
11439,27.75,20.9014,187.5229,63.9219,0.5717,1.0e-04,,,3.5
11440,25.69,19.3760,164.9352,53.0767,0.5722,1.0e-04,28.17,0.42,3.5
11441,28.97,22.2349,164.1419,59.5913,0.5651,1.0e-04,,,3.5
11442,28.77,22.1694,180.7649,59.3125,0.5622,1.0e-04,,,3.5
11443,27.60,21.2339,189.2042,63.4453,0.5629,1.0e-04,,,3.5
11444,26.97,20.6030,148.9934,60.1224,0.5629,1.0e-04,,,3.5
11445,26.68,20.2817,187.9583,59.4484,0.5696,1.0e-04,,,3.5
11446,26.20,19.8853,179.2009,55.7391,0.5688,1.0e-04,,,3.5
11447,26.34,19.8848,172.7889,56.8886,0.5775,1.0e-04,,,3.5
11448,25.76,19.4341,195.7790,56.6136,0.5731,1.0e-04,,,3.5
11449,27.95,21.0332,157.9059,53.5800,0.5792,1.0e-04,,,3.5
11450,27.18,20.7495,186.3152,57.0755,0.5594,1.0e-04,28.13,0.45,3.5
11451,26.07,19.7256,163.1012,55.7228,0.5710,1.0e-04,,,3.5
11452,27.12,20.4878,148.1711,53.2526,0.5733,1.0e-04,,,3.5
11453,26.59,20.0010,161.6378,54.5788,0.5751,1.0e-04,,,3.5
11454,27.16,20.5791,154.3708,58.8125,0.5726,1.0e-04,,,3.5
11455,26.88,20.4951,157.0000,58.9239,0.5626,1.0e-04,,,3.5
11456,25.58,19.2183,173.2485,57.4233,0.5615,1.0e-04,,,3.5
11457,26.05,19.7373,158.4936,60.8424,0.5660,1.0e-04,,,3.5
11458,27.55,21.1128,183.3691,57.5547,0.5626,1.0e-04,,,3.5
11459,28.13,21.5459,172.6271,62.1000,0.5635,1.0e-04,,,3.5
11460,26.99,20.7383,185.3775,60.7786,0.5564,1.0e-04,28.38,0.41,3.5
11461,28.14,21.6948,163.2493,61.0850,0.5695,1.0e-04,,,3.5
11462,26.95,20.4639,189.5142,60.0807,0.5712,1.0e-04,,,3.5
11463,26.54,19.9419,174.5895,56.4321,0.5608,1.0e-04,,,3.5
11464,27.92,21.0562,166.7431,59.7225,0.5592,1.0e-04,,,3.5
11465,27.02,20.2441,170.1304,61.9583,0.5682,1.0e-04,,,3.5
11466,26.90,20.2061,161.7164,61.5859,0.5733,1.0e-04,,,3.5
11467,27.08,20.4077,171.5631,58.5052,0.5680,1.0e-04,,,3.5
11468,27.28,20.3789,163.9921,57.4323,0.5644,1.0e-04,,,3.5
11469,26.84,19.9868,166.4006,57.0652,0.5734,1.0e-04,,,3.5
11470,27.62,20.6304,162.6539,59.3594,0.5754,1.0e-04,28.55,0.59,3.5
11471,26.31,19.4883,195.4233,60.3261,0.5685,1.0e-04,,,3.5
11472,29.00,21.8926,153.6049,58.4543,0.5717,1.0e-04,,,3.5
11473,25.76,19.2441,153.2419,58.1278,0.5758,1.0e-04,,,3.5
11474,27.04,20.1479,162.4143,59.8984,0.5753,1.0e-04,,,3.5
11475,26.21,19.4224,156.6864,56.6902,0.5778,1.0e-04,,,3.5
11476,26.46,19.4165,195.0045,57.5190,0.5689,1.0e-04,,,3.5
11477,26.92,19.8027,189.4464,57.5495,0.5666,1.0e-04,,,3.5
11478,27.48,20.3062,163.5506,56.7995,0.5708,1.0e-04,,,3.5
11479,28.05,20.7656,148.7437,53.6575,0.5752,1.0e-04,,,3.5
11480,27.47,20.3516,167.0147,58.7188,0.5768,1.0e-04,27.78,0.58,3.5
11481,27.04,20.1826,176.1818,59.3385,0.5759,1.0e-04,,,3.5
11482,27.69,20.8247,161.7442,57.8073,0.5746,1.0e-04,,,3.5
11483,25.95,19.4067,172.4406,59.4755,0.5763,1.0e-04,,,3.5
11484,27.13,20.4927,161.1587,60.0599,0.5828,1.0e-04,,,3.5
11485,26.68,20.0127,178.4303,59.6848,0.5777,1.0e-04,,,3.5
11486,25.46,19.0044,188.6500,64.4034,0.5716,1.0e-04,,,3.5
11487,27.86,21.0054,186.4770,60.0260,0.5725,1.0e-04,,,3.5
11488,26.50,20.0723,187.5478,65.5136,0.5681,1.0e-04,,,3.5
11489,26.54,20.0464,177.2984,62.8777,0.5643,1.0e-04,,,3.5
11490,27.82,21.1719,191.7472,60.3906,0.5704,1.0e-04,27.77,0.52,3.5
11491,26.88,20.2861,174.9573,61.1849,0.5700,1.0e-04,,,3.5
11492,27.57,20.8394,175.8638,61.9167,0.5716,1.0e-04,,,3.5
11493,28.05,21.2876,171.5608,62.3750,0.5730,1.0e-04,,,3.5
11494,27.74,21.0054,184.8053,62.6745,0.5636,1.0e-04,,,3.5
11495,27.64,20.9688,155.3022,58.8203,0.5732,1.0e-04,,,3.5
11496,27.32,20.6187,183.8096,58.5573,0.5689,1.0e-04,,,3.5
11497,26.94,20.4136,149.2243,57.9688,0.5728,1.0e-04,,,3.5
11498,26.51,20.0610,162.9569,58.8342,0.5733,1.0e-04,,,3.5
11499,27.44,20.7803,159.1212,63.2812,0.5722,1.0e-04,,,3.5
11500,27.20,20.4600,186.9130,57.5156,0.5716,1.0e-04,28.17,0.54,3.5
11501,26.99,20.1729,170.2007,60.4714,0.5750,1.0e-04,,,3.5
11502,27.21,20.5508,172.5588,63.1380,0.5795,1.0e-04,,,3.5
11503,26.67,19.9668,163.6635,58.2908,0.5814,1.0e-04,,,3.5
11504,25.84,19.4570,163.8483,58.7926,0.5765,1.0e-04,,,3.5
11505,27.25,20.6274,169.2906,56.4141,0.5775,1.0e-04,,,3.5
11506,25.83,19.4600,154.2720,58.0398,0.5743,1.0e-04,,,3.5
11507,28.01,21.3667,154.2145,60.1550,0.5686,1.0e-04,,,3.5
11508,27.74,21.2896,165.4461,60.1745,0.5763,1.0e-04,,,3.5
11509,26.70,20.3779,182.8585,58.7609,0.5703,1.0e-04,,,3.5
11510,27.45,21.1011,170.6112,60.7474,0.5684,1.0e-04,28.08,0.44,3.5
11511,27.54,20.9312,172.0615,61.8516,0.5783,1.0e-04,,,3.5
11512,27.41,20.6333,161.3458,58.8203,0.5705,1.0e-04,,,3.5
11513,26.50,20.0029,200.5046,59.8152,0.5762,1.0e-04,,,3.5
11514,26.45,19.8887,169.5233,58.6902,0.5786,1.0e-04,,,3.5
11515,28.01,21.3726,187.8661,63.3275,0.5660,1.0e-04,,,3.5
11516,27.80,20.8936,160.5512,64.2240,0.5839,1.0e-04,,,3.5
11517,27.30,20.3960,175.4624,59.8542,0.5772,1.0e-04,,,3.5
11518,25.80,19.1147,191.4775,60.0625,0.5737,1.0e-04,,,3.5
11519,26.97,20.2915,199.2551,63.2266,0.5714,1.0e-04,,,3.5
11520,25.58,18.9805,181.9147,58.3182,0.5744,1.0e-04,28.12,0.54,3.5
11521,26.53,19.8535,174.1251,59.8424,0.5813,1.0e-04,,,3.5
11522,27.65,20.6782,178.5005,59.6589,0.5808,1.0e-04,,,3.5
11523,27.53,20.8013,172.3776,58.6823,0.5805,1.0e-04,,,3.5
11524,27.27,20.3784,190.3754,64.6380,0.5726,1.0e-04,,,3.5
11525,26.87,19.8984,174.4034,61.2962,0.5769,1.0e-04,,,3.5
11526,27.85,20.8242,175.4424,61.6953,0.5703,1.0e-04,,,3.5
11527,27.01,20.2271,189.5212,64.1875,0.5696,1.0e-04,,,3.5
11528,26.96,20.0610,174.0973,58.6693,0.5772,1.0e-04,,,3.5
11529,26.13,19.2979,184.2333,63.3967,0.5706,1.0e-04,,,3.5
11530,25.68,18.9170,195.7770,60.2244,0.5759,1.0e-04,28.38,0.56,3.5
11531,27.15,20.2705,185.8231,59.3255,0.5731,1.0e-04,,,3.5
11532,25.80,19.2021,185.2747,62.2472,0.5735,1.0e-04,,,3.5
11533,26.96,20.1826,194.6926,63.0339,0.5723,1.0e-04,,,3.5
11534,27.21,20.6060,212.1626,66.7839,0.5750,1.0e-04,,,3.5
11535,27.55,20.9775,206.2446,65.3542,0.5678,1.0e-04,,,3.5
11536,26.16,19.7310,200.9233,63.0870,0.5693,1.0e-04,,,3.5
11537,27.90,21.1641,211.0010,62.6823,0.5729,1.0e-04,,,3.5
11538,27.44,20.8765,188.3683,62.5443,0.5736,1.0e-04,,,3.5
11539,27.71,21.1294,165.2122,61.0651,0.5785,1.0e-04,,,3.5
11540,26.60,20.0630,182.6254,65.0109,0.5776,1.0e-04,28.10,0.46,3.5
11541,28.39,21.6821,195.8395,68.4175,0.5755,1.0e-04,,,3.5
11542,26.89,20.4648,213.8262,64.2969,0.5678,1.0e-04,,,3.5
11543,27.39,21.0840,202.6669,62.8516,0.5625,1.0e-04,,,3.5
11544,26.83,20.5996,198.3579,65.5842,0.5763,1.0e-04,,,3.5
11545,26.09,19.8818,206.2163,63.2527,0.5768,1.0e-04,,,3.5
11546,26.77,20.3955,197.0290,60.9212,0.5777,1.0e-04,,,3.5
11547,25.74,19.5029,192.2345,60.4375,0.5742,1.0e-04,,,3.5
11548,27.18,20.8003,192.7983,63.4245,0.5718,1.0e-04,,,3.5
11549,26.32,20.1191,187.2402,61.6793,0.5674,1.0e-04,,,3.5
11550,25.39,19.3740,183.3974,58.2869,0.5621,1.0e-04,26.71,0.32,3.5
11551,25.44,19.4546,188.8405,63.0455,0.5525,1.0e-04,,,3.5
11552,26.38,20.5913,200.9258,61.8587,0.5351,1.0e-04,,,3.5
11553,26.54,20.4980,195.6592,60.7826,0.5561,1.0e-04,,,3.5
11554,26.53,20.5566,186.8391,62.8478,0.5587,1.0e-04,,,3.5
11555,27.62,21.3496,198.8870,61.5156,0.5644,1.0e-04,,,3.5
11556,27.28,21.0054,190.8912,63.9974,0.5616,1.0e-04,,,3.5
11557,27.83,21.2617,170.2467,60.3125,0.5732,1.0e-04,,,3.5
11558,26.41,20.0654,215.8344,64.4457,0.5618,1.0e-04,,,3.5
11559,26.90,20.4878,194.4007,63.2092,0.5631,1.0e-04,,,3.5
11560,26.09,19.7617,199.5717,62.0380,0.5589,1.0e-04,27.31,0.37,3.5
11561,27.03,20.7568,212.2013,61.5443,0.5630,1.0e-04,,,3.5
11562,26.52,20.4717,216.3512,64.2962,0.5435,1.0e-04,,,3.5
11563,27.50,21.3477,192.5228,62.2214,0.5610,1.0e-04,,,3.5
11564,27.48,21.3320,185.2815,62.0260,0.5471,1.0e-04,,,3.5
11565,27.91,21.5063,198.9571,60.8675,0.5600,1.0e-04,,,3.5
11566,27.59,21.3184,195.1968,65.0781,0.5575,1.0e-04,,,3.5
11567,26.87,20.5996,218.4252,62.5625,0.5574,1.0e-04,,,3.5
11568,26.87,20.3574,199.3926,65.0353,0.5716,1.0e-04,,,3.5
11569,27.96,21.2148,180.7852,64.7050,0.5750,1.0e-04,,,3.5
11570,27.21,20.5542,198.4517,62.2057,0.5676,1.0e-04,28.09,0.46,3.5
11571,26.92,20.2935,187.7853,61.1250,0.5756,1.0e-04,,,3.5
11572,27.37,20.8804,193.3462,61.5573,0.5692,1.0e-04,,,3.5
11573,26.66,20.3496,155.5283,56.7690,0.5709,1.0e-04,,,3.5
11574,27.20,20.7827,179.2757,62.1276,0.5716,1.0e-04,,,3.5
11575,26.78,20.5981,206.5237,64.3668,0.5642,1.0e-04,,,3.5
11576,26.80,20.4795,202.6984,61.0082,0.5679,1.0e-04,,,3.5
11577,27.19,20.7437,192.8612,58.3203,0.5681,1.0e-04,,,3.5
11578,27.58,20.9551,177.7527,59.7604,0.5703,1.0e-04,,,3.5
11579,26.91,20.3638,194.1796,60.4818,0.5697,1.0e-04,,,3.5
11580,26.33,19.9072,192.3358,58.4891,0.5740,1.0e-04,27.61,0.39,3.5
11581,27.65,21.2207,169.5446,61.2943,0.5672,1.0e-04,,,3.5
11582,26.85,20.6460,179.6725,60.8560,0.5647,1.0e-04,,,3.5
11583,26.73,20.3618,192.2171,58.7527,0.5701,1.0e-04,,,3.5
11584,26.79,20.4629,174.5030,60.1685,0.5584,1.0e-04,,,3.5
11585,26.43,20.2305,173.5554,58.4620,0.5630,1.0e-04,,,3.5
11586,25.81,19.8823,176.5868,60.1222,0.5653,1.0e-04,,,3.5
11587,26.67,20.3853,165.1079,59.2228,0.5648,1.0e-04,,,3.5
11588,27.46,21.0425,172.6121,59.3177,0.5688,1.0e-04,,,3.5
11589,27.04,20.6797,155.4394,55.4635,0.5675,1.0e-04,,,3.5
11590,27.48,20.9961,178.0619,58.6615,0.5656,1.0e-04,26.74,0.36,3.5
11591,28.03,21.6616,179.6634,64.6675,0.5651,1.0e-04,,,3.5
11592,27.26,20.8892,177.2088,61.5729,0.5547,1.0e-04,,,3.5
11593,26.94,20.7002,182.6075,61.8385,0.5666,1.0e-04,,,3.5
11594,26.24,20.1562,176.7871,61.5408,0.5691,1.0e-04,,,3.5
11595,26.68,20.3457,187.4658,61.7500,0.5790,1.0e-04,,,3.5
11596,27.35,20.9375,184.3204,58.9896,0.5661,1.0e-04,,,3.5
11597,27.90,21.6035,189.0896,61.2344,0.5698,1.0e-04,,,3.5
11598,26.13,20.1758,177.4636,58.0598,0.5594,1.0e-04,,,3.5
11599,27.24,21.1318,176.7653,61.2656,0.5526,1.0e-04,,,3.5
11600,27.12,20.9434,179.8891,59.8125,0.5585,1.0e-04,26.93,0.38,3.5
11601,26.48,20.2412,177.7697,59.4457,0.5635,1.0e-04,,,3.5
11602,26.68,20.4624,175.1707,62.6005,0.5516,1.0e-04,,,3.5
11603,27.06,20.7485,172.8544,62.9635,0.5473,1.0e-04,,,3.5
11604,26.97,20.9263,194.2377,65.7526,0.5538,1.0e-04,,,3.5
11605,26.27,20.0381,166.6144,58.2500,0.5772,1.0e-04,,,3.5
11606,26.40,20.1724,189.1567,58.4918,0.5690,1.0e-04,,,3.5
11607,27.33,20.8071,175.7536,64.3932,0.5700,1.0e-04,,,3.5
11608,26.96,20.3374,198.8352,61.4844,0.5718,1.0e-04,,,3.5
11609,28.21,21.3545,183.8455,60.5875,0.5714,1.0e-04,,,3.5
11610,27.42,20.7690,178.4282,63.9349,0.5746,1.0e-04,27.12,0.40,3.5
11611,27.32,20.8999,194.2147,61.5391,0.5744,1.0e-04,,,3.5
11612,27.28,20.6460,167.3073,58.1771,0.5793,1.0e-04,,,3.5
11613,27.82,21.3345,177.4326,63.4010,0.5765,1.0e-04,,,3.5
11614,25.37,19.1069,192.8612,58.2869,0.5732,1.0e-04,,,3.5
11615,26.61,20.2417,169.0050,61.4076,0.5676,1.0e-04,,,3.5
11616,27.81,21.2749,189.4505,61.6432,0.5779,1.0e-04,,,3.5
11617,25.80,19.3291,163.5420,56.7756,0.5765,1.0e-04,,,3.5
11618,27.55,21.0625,166.9698,61.6536,0.5779,1.0e-04,,,3.5
11619,27.10,20.5542,165.2956,59.9609,0.5754,1.0e-04,,,3.5
11620,27.09,20.3940,164.8111,58.7578,0.5755,1.0e-04,27.68,0.51,3.5
11621,25.73,19.1074,167.0874,59.4062,0.5778,1.0e-04,,,3.4
11622,26.95,20.2334,196.8243,62.9557,0.5783,1.0e-04,,,3.5
11623,27.76,21.2827,179.9086,60.0391,0.5751,1.0e-04,,,3.5
11624,26.50,20.1123,176.7490,57.2826,0.5752,1.0e-04,,,3.5
11625,27.29,20.9316,178.5538,63.1979,0.5700,1.0e-04,,,3.5
11626,26.72,20.4673,203.6563,63.7853,0.5648,1.0e-04,,,3.5
11627,25.83,19.5879,188.7874,58.0426,0.5647,1.0e-04,,,3.5
11628,29.12,22.4873,187.7800,63.7500,0.5720,1.0e-04,,,3.5
11629,28.14,21.5835,186.5050,63.5550,0.5722,1.0e-04,,,3.5
11630,26.48,20.2451,192.3490,64.7717,0.5623,1.0e-04,26.98,0.44,3.5
11631,27.17,20.6729,165.9725,63.8516,0.5653,1.0e-04,,,3.5
11632,27.21,20.6084,184.9646,65.7500,0.5702,1.0e-04,,,3.5
11633,26.75,20.3823,205.2103,64.6957,0.5707,1.0e-04,,,3.5
11634,26.90,20.1611,195.2212,66.3516,0.5754,1.0e-04,,,3.5
11635,26.60,20.1538,209.8254,64.4973,0.5787,1.0e-04,,,3.5
11636,26.31,19.8311,212.3938,67.0272,0.5730,1.0e-04,,,3.5
11637,26.05,19.5854,194.7215,64.2880,0.5807,1.0e-04,,,3.5
11638,25.71,19.2388,214.5545,61.7955,0.5798,1.0e-04,,,3.5
11639,26.76,20.1191,231.8253,59.5489,0.5747,1.0e-04,,,3.5
11640,27.94,21.3647,184.3151,63.6725,0.5693,1.0e-04,28.00,0.44,3.5
11641,28.44,21.8008,194.9693,62.1075,0.5758,1.0e-04,,,3.5
11642,26.14,19.8442,189.9369,63.8832,0.5741,1.0e-04,,,3.5
11643,27.29,20.8267,180.8155,65.0573,0.5716,1.0e-04,,,3.5
11644,26.88,20.5581,213.7697,63.7717,0.5641,1.0e-04,,,3.5
11645,25.89,19.5479,177.2447,64.5543,0.5821,1.0e-04,,,3.5
11646,26.27,20.0259,195.3505,59.0000,0.5653,1.0e-04,,,3.5
11647,27.73,21.4321,202.0814,63.4844,0.5660,1.0e-04,,,3.5
11648,26.56,20.3965,199.4147,62.1005,0.5705,1.0e-04,,,3.5
11649,27.03,20.8389,199.7179,64.2370,0.5641,1.0e-04,,,3.5
11650,27.49,20.9712,189.9791,57.8411,0.5796,1.0e-04,27.82,0.42,3.5
11651,27.14,20.6538,188.5592,64.2786,0.5798,1.0e-04,,,3.5
11652,26.39,20.2173,185.9357,59.2500,0.5813,1.0e-04,,,3.5
11653,27.40,20.9907,177.4929,61.6432,0.5809,1.0e-04,,,3.5
11654,27.21,20.8047,172.4307,60.1328,0.5778,1.0e-04,,,3.5
11655,27.68,21.2148,181.5445,63.1615,0.5747,1.0e-04,,,3.5
11656,27.46,20.9741,194.6336,66.5781,0.5750,1.0e-04,,,3.5
11657,28.22,21.7271,177.1778,65.0100,0.5709,1.0e-04,,,3.5
11658,26.71,20.5430,185.8671,59.7255,0.5665,1.0e-04,,,3.5
11659,26.57,20.4746,210.8337,62.4266,0.5645,1.0e-04,,,3.5
11660,27.28,21.0068,168.2624,61.3411,0.5739,1.0e-04,27.53,0.42,3.5
11661,26.77,20.3638,201.6224,61.1359,0.5728,1.0e-04,,,3.5
11662,26.68,20.2153,189.3001,58.9429,0.5773,1.0e-04,,,3.5
11663,26.41,20.1279,180.4534,63.5897,0.5752,1.0e-04,,,3.5
11664,25.30,19.2837,196.7510,64.0142,0.5705,1.0e-04,,,3.5
11665,25.58,19.6919,194.9616,58.1506,0.5635,1.0e-04,,,3.5
11666,26.91,20.6621,172.7794,59.1953,0.5648,1.0e-04,,,3.5
11667,26.87,20.3911,169.2559,59.7772,0.5700,1.0e-04,,,3.5
11668,29.03,22.1875,169.5256,57.9976,0.5801,1.0e-04,,,3.5
11669,28.28,21.5474,162.2810,60.4825,0.5799,1.0e-04,,,3.5
11670,26.27,19.6699,177.0712,56.7663,0.5854,1.0e-04,28.10,0.46,3.5
11671,26.88,20.4321,156.7241,62.4783,0.5813,1.0e-04,,,3.5
11672,27.83,21.3091,179.9131,60.7865,0.5728,1.0e-04,,,3.5
11673,28.27,21.6797,172.0158,64.5525,0.5687,1.0e-04,,,3.5
11674,27.62,21.1323,173.7631,64.8203,0.5797,1.0e-04,,,3.5
11675,28.51,21.7202,183.2208,64.5400,0.5750,1.0e-04,,,3.5
11676,27.44,20.9849,205.2346,61.6380,0.5683,1.0e-04,,,3.5
11677,28.05,21.3628,177.7810,60.8900,0.5753,1.0e-04,,,3.5
11678,28.31,21.6860,174.2156,59.5625,0.5795,1.0e-04,,,3.5
11679,25.88,19.7793,185.3206,63.6196,0.5562,1.0e-04,,,3.5
11680,26.06,19.8794,201.9741,62.9321,0.5664,1.0e-04,27.45,0.33,3.5
11681,28.18,21.8989,194.6973,62.6200,0.5657,1.0e-04,,,3.5
11682,27.80,21.6152,198.0832,61.2214,0.5654,1.0e-04,,,3.5
11683,27.58,21.6367,203.6924,64.0026,0.5521,1.0e-04,,,3.5
11684,25.06,19.4272,206.8976,58.2557,0.5420,1.0e-04,,,3.5
11685,27.06,21.2578,208.5045,60.7188,0.5471,1.0e-04,,,3.5
11686,25.72,19.9121,207.4925,59.4318,0.5485,1.0e-04,,,3.5
11687,26.73,20.7881,189.8456,58.0571,0.5606,1.0e-04,,,3.5
11688,27.12,21.1025,188.7885,63.8411,0.5612,1.0e-04,,,3.5
11689,26.93,20.8481,192.6106,63.6667,0.5576,1.0e-04,,,3.5
11690,26.04,20.2354,217.2036,60.0190,0.5501,1.0e-04,26.75,0.31,3.5
11691,27.28,21.1548,204.8684,63.8750,0.5606,1.0e-04,,,3.5
11692,26.43,20.3125,194.4566,64.5870,0.5641,1.0e-04,,,3.5
11693,26.88,20.6323,186.6737,63.9701,0.5706,1.0e-04,,,3.5
11694,27.92,21.5278,199.4065,62.6250,0.5594,1.0e-04,,,3.5
11695,27.44,20.6172,204.2986,60.1224,0.5716,1.0e-04,,,3.5
11696,28.46,21.7773,189.1789,62.7675,0.5688,1.0e-04,,,3.5
11697,27.13,20.4517,171.0335,60.8620,0.5738,1.0e-04,,,3.5
11698,25.99,19.7163,209.5461,61.6603,0.5665,1.0e-04,,,3.5
11699,28.61,22.0166,174.9377,63.2925,0.5735,1.0e-04,,,3.5
11700,27.25,20.7563,190.4300,62.2057,0.5720,1.0e-04,27.20,0.41,3.8
11701,26.03,19.7222,197.1874,57.4810,0.5724,1.0e-04,,,3.5
11702,25.59,19.3242,205.7899,58.7841,0.5675,1.0e-04,,,3.5
11703,26.52,19.9282,188.2181,60.1413,0.5682,1.0e-04,,,3.5
11704,27.87,21.3540,170.0454,62.3516,0.5741,1.0e-04,,,3.5
11705,26.33,20.0825,207.2228,58.1033,0.5658,1.0e-04,,,3.5
11706,26.82,20.6294,188.0909,61.3478,0.5607,1.0e-04,,,3.5
11707,27.79,21.4077,206.4116,63.8698,0.5658,1.0e-04,,,3.5
11708,27.24,20.9048,200.0122,62.6250,0.5681,1.0e-04,,,3.5
11709,27.13,20.8540,209.5705,65.1042,0.5684,1.0e-04,,,3.5
11710,26.47,20.1396,167.0267,60.2853,0.5771,1.0e-04,27.73,0.43,3.5
11711,26.29,19.9707,174.8652,62.9402,0.5725,1.0e-04,,,3.6
11712,27.09,20.5640,196.0714,62.7682,0.5733,1.0e-04,,,3.5
11713,26.96,20.2451,187.7772,61.6823,0.5800,1.0e-04,,,3.5
11714,28.07,21.4595,191.6755,63.0500,0.5819,1.0e-04,,,3.5
11715,27.04,20.5078,192.7082,59.0547,0.5788,1.0e-04,,,3.5
11716,28.56,21.8398,180.8543,62.4750,0.5803,1.0e-04,,,3.5
11717,27.93,21.2305,192.0895,63.3250,0.5818,1.0e-04,,,3.5
11718,26.74,20.2993,184.5538,63.7473,0.5760,1.0e-04,,,3.5
11719,27.51,21.0337,186.3214,61.0156,0.5647,1.0e-04,,,3.5
11720,26.67,20.3169,198.3026,64.1440,0.5702,1.0e-04,27.61,0.41,3.5
11721,27.91,21.3677,183.6404,62.3411,0.5753,1.0e-04,,,3.5
11722,26.89,20.4849,176.7573,62.0026,0.5756,1.0e-04,,,3.5
11723,27.03,20.6064,198.8053,63.6406,0.5777,1.0e-04,,,3.5
11724,28.74,22.0659,203.8103,60.8075,0.5768,1.0e-04,,,3.5
11725,28.00,21.3423,173.6750,62.0550,0.5801,1.0e-04,,,3.5
11726,27.40,20.8740,176.8313,60.3385,0.5813,1.0e-04,,,3.5
11727,26.76,20.2505,183.1295,64.9212,0.5757,1.0e-04,,,3.5
11728,28.51,21.8984,172.2640,60.1825,0.5772,1.0e-04,,,3.5
11729,26.97,20.6787,207.9300,61.9167,0.5698,1.0e-04,,,3.5
11730,26.28,20.0430,194.1606,63.0625,0.5764,1.0e-04,27.19,0.43,3.5
11731,27.24,20.6758,183.3169,61.2682,0.5843,1.0e-04,,,3.5
11732,27.82,21.4604,187.8856,62.2109,0.5728,1.0e-04,,,3.5
11733,27.27,20.7729,200.7196,61.8542,0.5833,1.0e-04,,,3.5
11734,27.56,21.1104,173.2001,64.2161,0.5850,1.0e-04,,,3.5
11735,27.19,20.7852,209.8958,63.6172,0.5731,1.0e-04,,,3.5
11736,26.76,20.3247,185.0537,59.5543,0.5820,1.0e-04,,,3.5
11737,26.73,20.5117,185.8576,59.3804,0.5648,1.0e-04,,,3.5
11738,28.52,22.2339,181.6102,62.9725,0.5641,1.0e-04,,,3.5
11739,26.81,20.6362,174.5004,60.4185,0.5792,1.0e-04,,,3.5
11740,27.93,21.5225,183.1662,61.1525,0.5739,1.0e-04,27.23,0.39,3.5
11741,25.86,19.5996,171.8421,59.4972,0.5720,1.0e-04,,,3.5
11742,26.73,20.1953,175.8948,57.6440,0.5833,1.0e-04,,,3.5
11743,27.44,20.6167,175.7609,60.7292,0.5696,1.0e-04,,,3.5
11744,26.67,20.0737,181.0727,59.4592,0.5786,1.0e-04,,,3.5
11745,27.08,20.5181,163.5231,60.7812,0.5760,1.0e-04,,,3.5
11746,26.87,20.2681,162.2604,55.2201,0.5797,1.0e-04,,,3.5
11747,26.12,19.8091,170.7093,58.1766,0.5713,1.0e-04,,,3.5
11748,25.99,19.5967,157.3650,55.6332,0.5789,1.0e-04,,,3.5
11749,26.81,20.2700,165.1254,57.5679,0.5744,1.0e-04,,,3.5
11750,26.57,20.1089,168.6996,60.8560,0.5737,1.0e-04,27.16,0.39,3.5
11751,25.92,19.7549,157.2703,58.6984,0.5730,1.0e-04,,,3.5
11752,27.49,21.3501,185.0503,59.7188,0.5512,1.0e-04,,,3.5
11753,27.37,21.1729,156.0590,59.4375,0.5667,1.0e-04,,,3.5
11754,27.12,20.8550,193.0662,60.6693,0.5545,1.0e-04,,,3.5
11755,27.05,20.6118,178.3129,60.5078,0.5774,1.0e-04,,,3.5
11756,27.24,20.7261,186.7370,62.7682,0.5756,1.0e-04,,,3.5
11757,26.03,19.4897,173.4851,57.6495,0.5850,1.0e-04,,,3.5
11758,26.23,19.7222,176.3751,57.9484,0.5807,1.0e-04,,,3.5
11759,28.00,21.1963,180.3754,60.7250,0.5829,1.0e-04,,,3.5
11760,26.69,20.0332,191.4057,61.1114,0.5729,1.0e-04,27.75,0.44,3.5
11761,28.20,21.5503,165.5015,62.8100,0.5801,1.0e-04,,,3.5
11762,27.60,20.8623,186.2319,59.8932,0.5850,1.0e-04,,,3.5
11763,27.65,21.1523,166.5616,55.1120,0.5727,1.0e-04,,,3.5
11764,25.79,19.6548,195.8464,62.9801,0.5768,1.0e-04,,,3.5
11765,26.63,20.2456,161.2780,59.0489,0.5778,1.0e-04,,,3.5
11766,26.94,20.4839,180.4084,62.8411,0.5792,1.0e-04,,,3.5
11767,27.61,21.2114,169.8606,60.4818,0.5852,1.0e-04,,,3.5
11768,27.64,21.0146,169.8715,62.8203,0.5778,1.0e-04,,,3.5
11769,28.50,21.8223,170.2489,64.1350,0.5726,1.0e-04,,,3.5
11770,25.62,19.0928,162.7591,56.1307,0.5783,1.0e-04,27.70,0.46,3.5
11771,26.84,20.3232,174.6455,62.5679,0.5763,1.0e-04,,,3.5
11772,28.16,21.2686,190.9791,60.3950,0.5786,1.0e-04,,,3.5
11773,26.57,19.9727,194.0404,62.0272,0.5753,1.0e-04,,,3.5
11774,26.15,19.7754,187.6022,59.9158,0.5773,1.0e-04,,,3.5
11775,28.01,21.4609,168.0733,63.5750,0.5768,1.0e-04,,,3.5
11776,26.58,20.1763,177.5229,59.2310,0.5758,1.0e-04,,,3.5
11777,26.69,20.2051,191.6700,58.1467,0.5846,1.0e-04,,,3.5
11778,26.33,19.7461,166.0592,60.0652,0.5797,1.0e-04,,,3.5
11779,26.54,19.8477,161.8973,54.0761,0.5904,1.0e-04,,,3.5
11780,27.41,20.6968,147.0800,55.4115,0.5865,1.0e-04,27.46,0.48,3.5
11781,27.01,20.3755,169.4165,58.1641,0.5806,1.0e-04,,,3.5
11782,26.49,19.9541,158.3036,56.7310,0.5868,1.0e-04,,,3.5
11783,27.91,21.1094,185.7115,58.4400,0.5836,1.0e-04,,,3.5
11784,26.85,19.9946,180.1359,55.6141,0.5806,1.0e-04,,,3.5
11785,25.32,18.8389,164.5749,56.7869,0.5878,1.0e-04,,,3.5
11786,26.02,19.5132,185.1879,60.1685,0.5836,1.0e-04,,,3.5
11787,25.96,19.3511,171.3933,57.8424,0.5829,1.0e-04,,,3.5
11788,26.79,20.0708,156.7345,60.0299,0.5850,1.0e-04,,,3.5
11789,28.31,21.5962,176.7481,61.6475,0.5749,1.0e-04,,,3.5
11790,27.86,21.0664,167.1733,63.1901,0.5850,1.0e-04,27.29,0.44,3.5
11791,26.85,20.3198,189.0104,62.2201,0.5773,1.0e-04,,,3.5
11792,27.61,21.0645,180.3003,60.3646,0.5720,1.0e-04,,,3.5
11793,26.44,20.2446,186.3140,57.0734,0.5711,1.0e-04,,,3.5
11794,26.97,20.6899,165.4614,63.5286,0.5671,1.0e-04,,,3.5
11795,26.88,20.5991,184.5714,60.3560,0.5651,1.0e-04,,,3.5
11796,26.20,20.0933,174.8294,58.6603,0.5693,1.0e-04,,,3.5
11797,28.12,21.6494,179.6541,60.7175,0.5754,1.0e-04,,,3.5
11798,27.66,20.8779,172.3948,61.8724,0.5805,1.0e-04,,,3.5
11799,26.52,20.0176,178.5568,61.6114,0.5787,1.0e-04,,,3.5
11800,27.46,20.8433,172.4912,62.3385,0.5734,1.0e-04,27.81,0.43,3.5
11801,27.69,21.0503,173.9588,62.0938,0.5727,1.0e-04,,,3.5
11802,25.08,18.8579,202.2009,55.3040,0.5715,1.0e-04,,,3.4
11803,26.85,20.2720,173.1935,62.9674,0.5756,1.0e-04,,,3.5
11804,27.84,21.3018,172.0262,64.3646,0.5743,1.0e-04,,,3.5
11805,27.34,20.9531,201.3360,60.3620,0.5726,1.0e-04,,,3.5
11806,25.46,19.3018,165.6770,60.9148,0.5765,1.0e-04,,,3.4
11807,27.50,20.9268,164.6942,63.1615,0.5779,1.0e-04,,,3.5
11808,28.23,21.6187,173.7164,63.1125,0.5751,1.0e-04,,,3.5
11809,27.27,20.7192,190.4491,61.6354,0.5723,1.0e-04,,,3.5
11810,28.23,21.6611,173.0074,61.0325,0.5703,1.0e-04,28.38,0.44,3.5
11811,27.68,21.1323,183.9892,59.6771,0.5794,1.0e-04,,,3.9
11812,28.36,21.6851,177.7680,65.0750,0.5758,1.0e-04,,,3.5
11813,25.88,19.4785,176.0284,57.1989,0.5731,1.0e-04,,,3.5
11814,28.21,21.7065,178.7965,61.8775,0.5730,1.0e-04,,,3.5
11815,27.68,21.0610,180.4027,59.0026,0.5784,1.0e-04,,,3.5
11816,26.04,19.5347,202.4260,64.0217,0.5733,1.0e-04,,,3.5
11817,27.44,20.8750,185.2050,60.5599,0.5688,1.0e-04,,,3.5
11818,26.21,19.8120,212.0222,58.9484,0.5661,1.0e-04,,,3.5
11819,27.04,20.7832,173.2099,57.9062,0.5698,1.0e-04,,,3.5
11820,27.01,20.7432,176.6383,58.5573,0.5696,1.0e-04,27.71,0.41,3.5
11821,26.31,19.9487,172.7806,64.0842,0.5739,1.0e-04,,,3.5
11822,27.01,20.4893,169.5576,58.2318,0.5789,1.0e-04,,,3.5
11823,26.29,19.9629,162.4333,62.5679,0.5765,1.0e-04,,,3.5
11824,27.17,20.9849,176.5603,60.1901,0.5618,1.0e-04,,,3.5
11825,27.05,20.7144,162.2539,57.5312,0.5680,1.0e-04,,,3.5
11826,26.51,20.1807,161.0862,61.1087,0.5704,1.0e-04,,,3.5
11827,26.83,20.5098,175.2624,60.4158,0.5683,1.0e-04,,,3.5
11828,27.36,20.8213,204.8795,58.4948,0.5756,1.0e-04,,,3.5
11829,27.89,21.4146,179.5442,65.4750,0.5778,1.0e-04,,,3.5
11830,26.72,20.1118,183.7292,63.3043,0.5790,1.0e-04,28.35,0.48,3.5
11831,26.96,20.3804,178.0366,64.2109,0.5802,1.0e-04,,,3.5
11832,27.71,20.8037,188.1876,62.0781,0.5803,1.0e-04,,,3.5
11833,27.51,20.7158,157.3022,58.9427,0.5867,1.0e-04,,,3.5
11834,27.38,20.5957,170.4919,57.6406,0.5814,1.0e-04,,,3.5
11835,26.69,19.9736,169.8620,59.0734,0.5764,1.0e-04,,,3.5
11836,28.96,21.9268,167.4685,62.1202,0.5827,1.0e-04,,,3.5
11837,26.94,20.2178,189.9733,58.8151,0.5771,1.0e-04,,,3.5
11838,27.61,20.8145,157.9467,61.7292,0.5839,1.0e-04,,,3.5
11839,26.45,19.8203,145.1411,61.4674,0.5875,1.0e-04,,,3.5
11840,27.11,20.2583,170.9278,61.7266,0.5694,1.0e-04,27.95,0.51,3.5
11841,26.52,19.9702,170.3586,60.4701,0.5838,1.0e-04,,,3.5
11842,27.46,20.4644,194.4852,60.5755,0.5858,1.0e-04,,,3.5
11843,27.77,20.8232,170.9792,58.7656,0.5828,1.0e-04,,,3.5
11844,26.91,20.1479,182.8925,58.2636,0.5822,1.0e-04,,,3.5
11845,25.88,19.3003,167.5461,58.0149,0.5815,1.0e-04,,,3.5
11846,27.32,20.3623,164.8045,59.8047,0.5841,1.0e-04,,,3.5
11847,26.86,20.3242,196.9852,62.6495,0.5820,1.0e-04,,,3.5
11848,26.49,20.0991,190.4052,63.3913,0.5846,1.0e-04,,,3.5
11849,27.46,20.8071,163.0468,58.4844,0.5736,1.0e-04,,,3.5
11850,27.74,21.2349,170.3782,60.0573,0.5777,1.0e-04,27.20,0.40,3.5
11851,26.50,20.1958,184.5696,60.7364,0.5761,1.0e-04,,,3.5
11852,26.55,20.2915,223.1030,61.8370,0.5724,1.0e-04,,,3.5
11853,27.22,20.9756,171.1668,60.8073,0.5645,1.0e-04,,,3.5
11854,27.25,21.0020,164.2669,60.6068,0.5756,1.0e-04,,,3.5
11855,26.42,20.1670,178.2070,62.9891,0.5732,1.0e-04,,,3.5
11856,26.38,20.1216,213.8019,66.9402,0.5580,1.0e-04,,,3.5
11857,27.60,21.3311,192.1179,60.6875,0.5763,1.0e-04,,,3.5
11858,26.05,19.8755,202.4492,60.4158,0.5705,1.0e-04,,,3.5
11859,27.32,20.8350,185.7554,62.1719,0.5665,1.0e-04,,,3.5
11860,26.96,20.5947,211.5424,63.9297,0.5712,1.0e-04,27.94,0.41,3.5
11861,25.91,19.6426,208.4707,60.3977,0.5778,1.0e-04,,,3.5
11862,27.01,20.7446,213.2871,61.8984,0.5735,1.0e-04,,,3.5
11863,27.90,21.2134,184.7134,63.9115,0.5740,1.0e-04,,,3.5
11864,26.04,19.4321,189.0792,61.0897,0.5795,1.0e-04,,,3.5
11865,26.88,20.2271,189.8381,60.9538,0.5788,1.0e-04,,,3.5
11866,27.47,20.8672,171.9081,62.7708,0.5726,1.0e-04,,,3.5
11867,27.00,20.4453,194.1968,60.4870,0.5733,1.0e-04,,,3.5
11868,26.12,19.8047,175.5932,61.8560,0.5766,1.0e-04,,,3.5
11869,27.74,21.3608,178.4182,62.2786,0.5641,1.0e-04,,,3.5
11870,26.50,20.3232,202.0576,57.2527,0.5612,1.0e-04,27.60,0.35,3.5
11871,27.88,21.5771,187.6377,64.4297,0.5680,1.0e-04,,,3.5
11872,25.29,19.2749,219.8281,63.4972,0.5668,1.0e-04,,,3.5
11873,27.27,21.0088,205.8078,63.0417,0.5639,1.0e-04,,,3.5
11874,27.02,20.7051,183.7082,60.7526,0.5705,1.0e-04,,,3.5
11875,27.31,20.8872,203.8746,60.2266,0.5744,1.0e-04,,,3.5
11876,26.87,20.6133,197.6037,64.1033,0.5717,1.0e-04,,,3.5
11877,26.29,20.2134,190.5565,62.0435,0.5671,1.0e-04,,,3.5
11878,26.64,20.4868,201.2377,56.0299,0.5677,1.0e-04,,,3.5
11879,26.42,20.3486,193.0568,61.4946,0.5761,1.0e-04,,,3.5
11880,27.10,20.7686,209.3131,60.9375,0.5764,1.0e-04,27.89,0.40,3.5
11881,27.29,20.8848,202.8351,61.6849,0.5688,1.0e-04,,,3.5
11882,27.61,21.3599,196.6422,63.6380,0.5743,1.0e-04,,,4.1
11883,26.09,19.9258,205.2809,62.1766,0.5740,1.0e-04,,,3.5
11884,27.23,20.8335,200.5140,62.7891,0.5831,1.0e-04,,,3.5
11885,27.11,20.6504,209.2615,62.2083,0.5785,1.0e-04,,,3.5
11886,26.87,20.3755,192.1279,65.1739,0.5748,1.0e-04,,,3.5
11887,26.70,20.1899,178.4833,62.7065,0.5801,1.0e-04,,,3.5
11888,25.88,19.4526,181.2445,61.2869,0.5735,1.0e-04,,,3.5
11889,26.97,20.4702,228.5147,68.0885,0.5671,1.0e-04,,,3.5
11890,28.49,21.6372,198.2517,66.0425,0.5716,1.0e-04,28.26,0.46,3.5
11891,25.88,19.5537,204.5249,63.0516,0.5654,1.0e-04,,,3.5
11892,26.68,19.8896,211.9442,61.8179,0.5764,1.0e-04,,,3.5
11893,28.92,21.9478,184.4049,63.5553,0.5811,1.0e-04,,,3.6
11894,25.98,19.2324,184.5044,58.9321,0.5752,1.0e-04,,,3.5
11895,27.56,20.8813,185.9252,63.5677,0.5773,1.0e-04,,,3.5
11896,27.65,20.7007,215.1257,65.4323,0.5754,1.0e-04,,,3.5
11897,25.64,19.0835,192.3185,58.0625,0.5783,1.0e-04,,,3.5
11898,25.82,19.2695,211.7392,58.7216,0.5781,1.0e-04,,,3.5
11899,27.31,20.5645,210.3071,63.6042,0.5783,1.0e-04,,,3.5
11900,27.42,20.8101,206.7530,58.7708,0.5743,1.0e-04,27.92,0.42,3.5
11901,26.43,20.0786,191.4222,60.4891,0.5839,1.0e-04,,,3.5
11902,26.07,20.0234,188.8186,62.5380,0.5645,1.0e-04,,,3.5
11903,27.38,21.3491,202.4286,65.2474,0.5542,1.0e-04,,,3.5
11904,25.86,19.8281,212.7179,59.0682,0.5693,1.0e-04,,,3.5
11905,27.19,20.8018,199.2061,62.9193,0.5794,1.0e-04,,,3.5
11906,27.29,20.7334,184.4432,63.0286,0.5634,1.0e-04,,,3.5
11907,26.32,19.8335,200.2074,60.0054,0.5735,1.0e-04,,,3.5
11908,28.04,21.4585,184.2768,59.5275,0.5745,1.0e-04,,,3.5
11909,28.59,22.1001,207.8344,65.5725,0.5715,1.0e-04,,,3.5
11910,27.04,20.7451,200.4635,61.4948,0.5637,1.0e-04,27.43,0.40,3.5
11911,26.27,19.9810,182.4460,60.7364,0.5702,1.0e-04,,,3.5
11912,26.47,19.9678,180.4128,56.0380,0.5726,1.0e-04,,,3.5
11913,26.94,20.6113,166.8527,62.9297,0.5751,1.0e-04,,,3.5
11914,27.05,20.7427,172.6614,64.3516,0.5751,1.0e-04,,,3.5
11915,26.76,20.7251,176.6996,57.7120,0.5577,1.0e-04,,,3.5
11916,26.32,20.2515,192.4327,60.0571,0.5689,1.0e-04,,,3.5
11917,26.98,20.6606,205.0301,65.8698,0.5703,1.0e-04,,,3.5
11918,26.44,20.2207,236.6050,62.9457,0.5707,1.0e-04,,,3.5
11919,26.65,20.2974,176.9023,59.1005,0.5837,1.0e-04,,,3.5
11920,26.59,20.1211,158.7874,58.2799,0.5793,1.0e-04,28.50,0.45,3.5
11921,27.77,21.1118,153.0248,56.4297,0.5843,1.0e-04,,,3.5
11922,27.40,21.0347,156.8402,58.2943,0.5701,1.0e-04,,,3.5
11923,26.81,20.3359,160.0548,62.0054,0.5849,1.0e-04,,,3.5
11924,26.52,20.0186,197.6623,62.9891,0.5859,1.0e-04,,,3.5
11925,26.68,20.3145,193.7945,60.7554,0.5776,1.0e-04,,,3.5
11926,25.92,19.6924,169.9746,57.2092,0.5828,1.0e-04,,,3.5
11927,26.95,20.6680,173.1183,59.6797,0.5714,1.0e-04,,,3.5
11928,27.59,20.9805,168.0922,61.7240,0.5806,1.0e-04,,,3.5
11929,27.24,20.5200,170.9046,61.5078,0.5840,1.0e-04,,,3.5
11930,26.96,20.2183,172.4703,62.8151,0.5837,1.0e-04,28.12,0.53,3.5
11931,26.70,20.0186,178.0551,55.5054,0.5885,1.0e-04,,,3.5
11932,26.68,19.9341,174.1808,55.1821,0.5842,1.0e-04,,,3.5
11933,26.24,19.7974,171.8708,60.4647,0.5865,1.0e-04,,,3.5
11934,26.46,20.2578,180.2671,62.5299,0.5753,1.0e-04,,,3.5
11935,25.61,19.3296,194.1135,57.4830,0.5825,1.0e-04,,,3.6
11936,26.71,20.2715,179.5496,60.0870,0.5774,1.0e-04,,,3.5
11937,26.80,20.1606,156.3211,58.1603,0.5815,1.0e-04,,,3.5
11938,28.74,22.1162,171.8582,63.1675,0.5777,1.0e-04,,,3.5
11939,26.96,20.5010,190.8406,61.8672,0.5813,1.0e-04,,,3.5
11940,26.98,20.3721,176.4039,60.7682,0.5828,1.0e-04,27.95,0.50,3.5
11941,27.40,20.6455,165.3921,62.0182,0.5787,1.0e-04,,,3.5
11942,26.86,19.9956,174.1283,57.5027,0.5850,1.0e-04,,,3.5
11943,27.06,20.1880,181.4586,59.0703,0.5827,1.0e-04,,,3.5
11944,25.34,18.5415,197.9839,59.9631,0.5649,1.0e-04,,,3.5
11945,26.02,19.3262,165.5642,58.5978,0.5825,1.0e-04,,,3.5
11946,26.79,20.1924,198.1036,60.8451,0.5773,1.0e-04,,,3.5
11947,26.47,19.7773,174.0698,62.2989,0.5792,1.0e-04,,,3.5
11948,26.31,19.9614,167.1523,58.5788,0.5797,1.0e-04,,,3.5
11949,26.45,19.9683,165.9908,55.1848,0.5866,1.0e-04,,,3.5
11950,26.94,20.4902,159.3752,54.8255,0.5785,1.0e-04,27.81,0.40,3.5
11951,27.56,21.1255,186.3449,58.8906,0.5795,1.0e-04,,,3.5
11952,27.84,21.2729,189.9715,61.3385,0.5767,1.0e-04,,,3.5
11953,24.97,18.9375,191.7558,60.6136,0.5713,1.0e-04,,,3.5
11954,27.36,20.8691,180.6990,59.1146,0.5703,1.0e-04,,,3.5
11955,26.62,20.1934,167.9149,60.8533,0.5835,1.0e-04,,,3.5
11956,27.41,20.6782,169.9978,57.9792,0.5796,1.0e-04,,,3.5
11957,26.51,19.8896,180.4207,60.3016,0.5709,1.0e-04,,,3.5
11958,26.43,19.9448,170.7274,61.5679,0.5752,1.0e-04,,,3.5
11959,27.21,20.7886,143.5828,57.5443,0.5660,1.0e-04,,,3.5
11960,26.54,20.2617,175.4403,62.1168,0.5689,1.0e-04,27.77,0.42,3.5
11961,26.72,20.3628,189.9612,62.4620,0.5708,1.0e-04,,,3.5
11962,26.97,20.5664,192.6068,60.1875,0.5741,1.0e-04,,,3.5
11963,27.70,21.0459,175.4706,56.7396,0.5792,1.0e-04,,,3.5
11964,26.61,20.3936,195.2693,60.8125,0.5709,1.0e-04,,,3.5
11965,26.54,20.3418,170.5544,62.3913,0.5697,1.0e-04,,,3.5
11966,26.44,20.0898,204.2947,61.0897,0.5694,1.0e-04,,,3.5
11967,27.31,20.8247,160.8642,60.0052,0.5822,1.0e-04,,,3.5
11968,26.53,19.9941,163.1973,58.1304,0.5737,1.0e-04,,,3.5
11969,27.36,20.9438,189.2656,57.3099,0.5784,1.0e-04,,,3.5
11970,25.81,19.6709,194.0223,56.8835,0.5756,1.0e-04,27.86,0.45,3.5
11971,27.38,20.8975,189.6929,59.0599,0.5799,1.0e-04,,,3.5
11972,27.41,20.9663,177.3486,62.1797,0.5792,1.0e-04,,,3.5
11973,26.90,20.3359,174.5667,55.8411,0.5863,1.0e-04,,,3.5
11974,27.47,21.0864,173.7690,59.2109,0.5787,1.0e-04,,,3.5
11975,26.90,20.4951,173.6486,60.0788,0.5758,1.0e-04,,,3.5
11976,27.10,20.6484,182.5106,61.3646,0.5841,1.0e-04,,,3.5
11977,27.75,21.1250,169.3211,63.0469,0.5777,1.0e-04,,,3.5
11978,26.33,19.9800,210.1514,58.9565,0.5757,1.0e-04,,,3.5
11979,26.69,20.4985,178.2088,61.7527,0.5687,1.0e-04,,,3.5
11980,26.54,20.2896,179.9321,61.5272,0.5758,1.0e-04,27.41,0.39,3.5
11981,25.84,19.6694,180.3226,60.1591,0.5671,1.0e-04,,,3.5
11982,26.66,20.2271,186.5868,63.1957,0.5714,1.0e-04,,,3.5
11983,26.18,19.9019,214.4474,59.4565,0.5676,1.0e-04,,,3.5
11984,27.15,20.9453,182.9133,58.3151,0.5714,1.0e-04,,,3.5
11985,27.30,20.8462,192.6356,63.6927,0.5753,1.0e-04,,,3.5
11986,26.67,20.2886,189.3769,67.9266,0.5768,1.0e-04,,,3.5
11987,26.74,20.0771,200.8104,59.8098,0.5786,1.0e-04,,,3.5
11988,26.65,19.9360,171.6270,58.9701,0.5767,1.0e-04,,,3.5
11989,26.48,19.6279,185.5403,61.8832,0.5781,1.0e-04,,,3.5
11990,27.29,20.3643,199.6458,64.7161,0.5720,1.0e-04,28.27,0.53,3.5
11991,25.86,19.3276,191.7587,63.0682,0.5725,1.0e-04,,,3.5
11992,26.64,20.0239,181.6417,60.3859,0.5750,1.0e-04,,,3.5
11993,27.44,20.3696,192.7625,62.0781,0.5766,1.0e-04,,,3.5
11994,26.57,19.6606,183.4952,59.7473,0.5789,1.0e-04,,,3.5
11995,26.29,19.4458,187.0956,58.7337,0.5792,1.0e-04,,,3.5
11996,28.02,21.0132,179.1985,58.4725,0.5792,1.0e-04,,,3.5
11997,26.96,20.1768,171.6297,55.4167,0.5820,1.0e-04,,,3.5
11998,27.36,20.6147,168.1492,64.9349,0.5776,1.0e-04,,,3.5
11999,27.33,20.7583,167.4828,62.4219,0.5806,1.0e-04,,,3.5
12000,27.32,20.7090,184.5956,59.4323,0.5769,1.0e-04,27.55,0.43,3.5
12001,26.49,20.0884,185.2505,58.0054,0.5741,1.0e-04,,,3.5
12002,26.71,20.3511,161.8149,58.5380,0.5751,1.0e-04,,,3.5
12003,27.85,21.2300,182.9490,59.9844,0.5685,1.0e-04,,,3.5
12004,26.92,20.4619,187.9022,64.2839,0.5766,1.0e-04,,,3.5
12005,27.44,20.8848,172.8423,62.5521,0.5670,1.0e-04,,,3.5
12006,27.50,20.8975,167.3932,59.8125,0.5743,1.0e-04,,,3.5
12007,27.55,21.1294,149.5927,59.0703,0.5735,1.0e-04,,,3.5
12008,27.18,20.6401,162.7802,58.0469,0.5812,1.0e-04,,,3.5
12009,27.39,20.9087,150.2197,58.4974,0.5808,1.0e-04,,,3.5
12010,27.74,21.0220,151.6814,59.0469,0.5778,1.0e-04,28.00,0.42,3.5
12011,26.50,20.2070,165.9649,58.9158,0.5739,1.0e-04,,,3.5
12012,27.63,21.2378,154.3431,63.0130,0.5720,1.0e-04,,,3.5
12013,26.77,20.4585,179.1857,58.1957,0.5776,1.0e-04,,,3.5
12014,26.93,20.5791,162.6457,59.6641,0.5847,1.0e-04,,,3.5
12015,25.62,19.3877,172.7800,54.2727,0.5763,1.0e-04,,,3.5
12016,26.51,20.0474,181.8330,58.2092,0.5872,1.0e-04,,,3.5
12017,26.33,19.9653,152.3899,61.7065,0.5778,1.0e-04,,,3.5
12018,27.79,21.2324,188.8494,64.2370,0.5774,1.0e-04,,,3.5
12019,28.35,21.8359,182.9103,58.4825,0.5895,1.0e-04,,,3.5
12020,27.14,20.6646,192.6599,61.2943,0.5868,1.0e-04,27.43,0.43,3.5
12021,26.75,20.3735,176.8515,63.1033,0.5831,1.0e-04,,,3.5
12022,25.60,19.2349,184.2348,57.1307,0.5844,1.0e-04,,,3.5
12023,27.92,21.2432,174.5634,61.3875,0.5808,1.0e-04,,,3.5
12024,27.67,21.0835,183.3817,60.3177,0.5755,1.0e-04,,,3.5
12025,26.79,20.2490,174.2530,62.1359,0.5768,1.0e-04,,,3.5
12026,27.84,21.1333,168.5012,63.0391,0.5738,1.0e-04,,,3.5
12027,26.28,19.7393,195.9576,60.8696,0.5689,1.0e-04,,,3.5
12028,26.95,20.3330,189.3122,57.6016,0.5693,1.0e-04,,,3.5
12029,27.47,20.6235,178.4907,57.8203,0.5834,1.0e-04,,,3.5
12030,26.58,19.9805,170.5493,60.8071,0.5766,1.0e-04,27.65,0.48,3.5
12031,27.41,20.7739,201.8367,57.8073,0.5767,1.0e-04,,,3.5
12032,25.25,18.7930,187.0436,58.7727,0.5794,1.0e-04,,,3.5
12033,28.43,21.7192,170.1602,61.7500,0.5830,1.0e-04,,,3.5
12034,27.72,20.9673,186.2625,59.3438,0.5749,1.0e-04,,,3.5
12035,27.56,20.8496,175.4480,58.7969,0.5763,1.0e-04,,,3.5
12036,26.17,19.6523,165.6337,57.5625,0.5811,1.0e-04,,,3.5
12037,26.13,19.6567,156.9018,56.2120,0.5788,1.0e-04,,,3.5
12038,27.03,20.4438,170.5671,64.9375,0.5765,1.0e-04,,,3.5
12039,28.27,21.9175,187.1125,61.0675,0.5677,1.0e-04,,,3.5
12040,27.72,21.3730,175.3852,62.4375,0.5739,1.0e-04,27.35,0.36,3.5
12041,28.18,21.8545,190.8296,63.5425,0.5622,1.0e-04,,,3.5
12042,27.15,20.8501,168.7061,60.0964,0.5764,1.0e-04,,,3.5
12043,26.29,20.2358,166.7490,60.8614,0.5741,1.0e-04,,,3.5
12044,27.85,21.4268,179.0879,60.6328,0.5688,1.0e-04,,,3.5
12045,26.36,20.1816,202.7119,57.7255,0.5685,1.0e-04,,,3.5
12046,28.18,21.8154,181.3791,58.3375,0.5638,1.0e-04,,,3.5
12047,27.08,20.4873,155.6657,59.1042,0.5779,1.0e-04,,,3.5
12048,25.42,18.9805,176.5554,58.0455,0.5788,1.0e-04,,,3.5
12049,27.50,20.7959,174.4261,62.7214,0.5790,1.0e-04,,,3.5
12050,27.79,20.9336,191.9070,60.4635,0.5847,1.0e-04,27.77,0.42,3.5
12051,26.72,20.2886,178.6065,60.9810,0.5869,1.0e-04,,,3.5
12052,27.08,20.5352,188.6503,61.3932,0.5771,1.0e-04,,,3.5
12053,27.34,20.7246,185.3489,60.7812,0.5799,1.0e-04,,,3.5
12054,26.58,20.1670,189.7413,57.6250,0.5706,1.0e-04,,,3.5
12055,27.68,21.4014,189.2394,59.4557,0.5675,1.0e-04,,,3.5
12056,26.32,20.1152,172.1100,59.0082,0.5688,1.0e-04,,,3.5
12057,25.60,19.4517,185.8672,58.7614,0.5678,1.0e-04,,,3.5
12058,27.25,20.9189,169.8220,56.6510,0.5793,1.0e-04,,,3.5
12059,27.53,21.0322,168.5213,57.9427,0.5732,1.0e-04,,,3.5
12060,25.76,19.5044,167.6196,51.8608,0.5863,1.0e-04,27.33,0.39,3.5
12061,27.00,20.7241,165.4201,61.1406,0.5734,1.0e-04,,,3.5
12062,26.92,20.7485,182.8156,60.4141,0.5683,1.0e-04,,,3.5
12063,25.75,19.7446,203.0178,59.0369,0.5614,1.0e-04,,,3.5
12064,26.32,20.2251,166.2124,58.9321,0.5680,1.0e-04,,,3.5
12065,26.08,19.9429,156.8992,59.1087,0.5741,1.0e-04,,,3.5
12066,28.72,22.0449,163.9658,61.4775,0.5715,1.0e-04,,,3.5
12067,27.31,20.8154,173.8394,62.6849,0.5750,1.0e-04,,,3.5
12068,27.05,20.6025,185.4881,57.7839,0.5797,1.0e-04,,,3.5
12069,28.29,21.8223,167.7342,63.8075,0.5721,1.0e-04,,,3.5
12070,27.27,20.8506,185.2728,64.1953,0.5653,1.0e-04,27.58,0.40,3.5
12071,27.91,21.4609,184.9797,64.7448,0.5650,1.0e-04,,,3.5
12072,28.15,21.6538,203.5663,65.5450,0.5717,1.0e-04,,,3.5
12073,26.93,20.6353,208.7292,62.0130,0.5704,1.0e-04,,,3.5
12074,26.46,20.1919,204.6752,62.8886,0.5671,1.0e-04,,,3.5
12075,27.70,21.3296,198.1463,66.4089,0.5526,1.0e-04,,,3.5
12076,27.26,20.9341,223.9766,64.6250,0.5586,1.0e-04,,,3.5
12077,26.23,19.8813,193.7183,60.9402,0.5681,1.0e-04,,,3.5
12078,27.22,20.7163,170.2704,61.6589,0.5751,1.0e-04,,,3.5
12079,26.61,20.5112,187.1908,66.2011,0.5586,1.0e-04,,,3.5
12080,27.50,21.1602,192.9164,60.8307,0.5666,1.0e-04,27.29,0.41,3.5
12081,26.37,20.1006,186.4820,63.0571,0.5653,1.0e-04,,,3.5
12082,27.26,20.8037,192.1607,64.8411,0.5767,1.0e-04,,,3.5
12083,26.88,20.4507,191.6627,59.7364,0.5729,1.0e-04,,,3.5
12084,26.76,20.3433,196.5509,60.8832,0.5764,1.0e-04,,,3.5
12085,26.04,19.8877,197.5268,60.2772,0.5764,1.0e-04,,,3.5
12086,27.17,20.8428,162.4942,63.3516,0.5786,1.0e-04,,,3.5
12087,27.12,20.6001,176.4152,60.0469,0.5797,1.0e-04,,,3.5
12088,26.77,20.0142,201.2961,59.5734,0.5739,1.0e-04,,,3.5
12089,27.38,20.6245,181.7959,63.2448,0.5857,1.0e-04,,,3.5
12090,26.52,19.9058,188.0424,59.5761,0.5789,1.0e-04,28.11,0.55,3.5
12091,25.57,19.0039,196.0453,57.9517,0.5792,1.0e-04,,,3.5
12092,27.94,21.1724,198.6898,62.9150,0.5764,1.0e-04,,,3.5
12093,28.42,21.5576,166.6068,61.0250,0.5743,1.0e-04,,,3.5
12094,27.28,20.5767,182.8411,65.1276,0.5780,1.0e-04,,,3.5
12095,28.53,21.6787,162.7166,59.6975,0.5762,1.0e-04,,,3.5
12096,26.49,20.0142,169.3039,64.1576,0.5804,1.0e-04,,,3.5
12097,26.46,20.0933,182.0608,64.0978,0.5804,1.0e-04,,,3.5
12098,26.82,20.4360,181.3113,60.6739,0.5687,1.0e-04,,,3.5
12099,27.12,20.7241,176.3626,61.7214,0.5829,1.0e-04,,,3.5
12100,27.73,21.0869,188.8860,64.5938,0.5766,1.0e-04,27.24,0.40,3.5
12101,27.61,21.2148,170.2988,61.5312,0.5788,1.0e-04,,,3.5
12102,27.15,20.6128,183.8722,62.4766,0.5887,1.0e-04,,,3.5
12103,27.06,20.3853,209.4342,63.9297,0.5781,1.0e-04,,,3.5
12104,25.96,19.5894,175.5182,59.3641,0.5843,1.0e-04,,,3.5
12105,26.44,20.1055,164.4528,62.8533,0.5740,1.0e-04,,,3.5
12106,25.88,19.7075,197.2430,59.6250,0.5763,1.0e-04,,,3.5
12107,27.28,20.5991,176.4868,64.1250,0.5774,1.0e-04,,,3.5
12108,25.94,19.5918,191.3249,59.8696,0.5797,1.0e-04,,,3.5
12109,26.69,20.2388,185.5551,59.1033,0.5799,1.0e-04,,,3.5
12110,26.71,20.2134,186.9115,59.4565,0.5707,1.0e-04,27.83,0.51,3.5
12111,26.91,20.2407,176.9426,60.4062,0.5789,1.0e-04,,,3.5
12112,26.00,19.6929,182.4917,56.2038,0.5701,1.0e-04,,,3.5
12113,26.73,20.0361,168.3828,60.2500,0.5803,1.0e-04,,,3.5
12114,28.18,21.4478,196.3738,62.7225,0.5809,1.0e-04,,,3.5
12115,27.52,20.8208,179.7850,64.0000,0.5794,1.0e-04,,,3.5
12116,27.20,20.4585,196.0506,59.3594,0.5762,1.0e-04,,,3.5
12117,27.41,20.7983,187.3202,59.1328,0.5790,1.0e-04,,,3.5
12118,26.56,19.9189,163.1936,58.7609,0.5801,1.0e-04,,,3.5
12119,27.16,20.5605,168.2281,59.2344,0.5788,1.0e-04,,,3.5
12120,27.61,21.0566,182.9921,60.3646,0.5830,1.0e-04,27.75,0.41,3.5
12121,26.05,19.6924,160.4156,59.2418,0.5867,1.0e-04,,,3.5
12122,26.17,19.6099,178.8254,59.1821,0.5783,1.0e-04,,,3.5
12123,26.94,20.3486,150.8018,61.4922,0.5786,1.0e-04,,,3.5
12124,26.19,19.7837,184.2258,57.7500,0.5811,1.0e-04,,,3.5
12125,26.11,19.6816,164.7607,57.7201,0.5833,1.0e-04,,,3.5
12126,27.52,21.0205,185.4547,59.4557,0.5815,1.0e-04,,,3.5
12127,27.27,20.6636,165.5801,64.9453,0.5826,1.0e-04,,,3.5
12128,27.81,21.1992,181.3936,63.1641,0.5790,1.0e-04,,,3.5
12129,25.86,19.3721,190.7226,61.0312,0.5804,1.0e-04,,,3.5
12130,28.50,21.6484,175.7630,62.7175,0.5817,1.0e-04,27.78,0.46,3.5
12131,25.88,19.5688,165.6953,62.7391,0.5684,1.0e-04,,,3.5
12132,27.77,21.1890,191.7686,61.7057,0.5774,1.0e-04,,,3.5
12133,27.68,21.1963,193.7587,60.4609,0.5797,1.0e-04,,,3.5
12134,27.70,21.0093,191.0608,61.5859,0.5758,1.0e-04,,,3.5
12135,26.71,20.1484,176.1442,63.3397,0.5757,1.0e-04,,,3.5
12136,25.04,18.7329,175.7632,61.3125,0.5794,1.0e-04,,,3.4
12137,27.42,21.0664,183.2951,60.5521,0.5812,1.0e-04,,,3.5
12138,26.95,20.4648,185.1740,61.3516,0.5818,1.0e-04,,,3.5
12139,27.33,20.7524,174.6442,64.0052,0.5823,1.0e-04,,,3.5
12140,26.61,20.0859,197.7272,61.6467,0.5777,1.0e-04,27.89,0.44,3.5
12141,26.42,19.9199,185.1894,61.5788,0.5742,1.0e-04,,,3.5
12142,27.14,20.6616,170.9673,61.4193,0.5702,1.0e-04,,,3.5
12143,28.48,21.8130,194.1797,65.3250,0.5761,1.0e-04,,,3.5
12144,27.77,21.2476,196.0085,56.9922,0.5738,1.0e-04,,,3.5
12145,25.90,19.7593,179.8892,57.4744,0.5754,1.0e-04,,,3.5
12146,26.89,20.3462,165.4255,60.6630,0.5722,1.0e-04,,,3.5
12147,27.26,20.9531,183.1135,63.4922,0.5621,1.0e-04,,,3.5
12148,26.67,20.4053,196.0877,63.9511,0.5712,1.0e-04,,,3.5
12149,28.04,21.5996,185.9847,60.2625,0.5630,1.0e-04,,,3.5
12150,25.55,19.6084,214.8403,66.2955,0.5604,1.0e-04,26.83,0.34,3.5
12151,26.80,20.7021,204.0664,63.6033,0.5618,1.0e-04,,,3.5
12152,27.32,21.0068,192.6096,60.9531,0.5668,1.0e-04,,,3.5
12153,25.72,19.5605,200.2893,61.2926,0.5709,1.0e-04,,,3.5
12154,25.37,19.3486,197.5343,59.7472,0.5599,1.0e-04,,,3.5
12155,27.93,21.6294,194.2056,63.9950,0.5602,1.0e-04,,,3.5
12156,27.41,21.1665,196.8635,61.5156,0.5648,1.0e-04,,,3.5
12157,28.04,21.4756,178.7845,62.2475,0.5807,1.0e-04,,,3.5
12158,27.28,20.8242,191.5980,65.2760,0.5709,1.0e-04,,,3.5
12159,25.90,19.6055,185.2597,58.5653,0.5730,1.0e-04,,,3.5
12160,26.89,20.4863,180.2890,63.2337,0.5750,1.0e-04,27.10,0.34,3.5
12161,27.12,20.9487,189.6297,61.1615,0.5660,1.0e-04,,,3.5
12162,26.62,20.6279,177.9250,62.7962,0.5602,1.0e-04,,,3.5
12163,27.23,21.0532,180.1137,59.1146,0.5654,1.0e-04,,,3.5
12164,27.18,20.8887,181.7831,67.0495,0.5651,1.0e-04,,,3.5
12165,27.38,21.1714,219.4285,65.7604,0.5625,1.0e-04,,,3.5
12166,27.44,21.0898,199.8478,64.1589,0.5616,1.0e-04,,,3.5
12167,26.41,20.0078,192.2460,63.3533,0.5650,1.0e-04,,,3.5
12168,27.59,21.0298,195.2759,64.2292,0.5760,1.0e-04,,,3.5
12169,26.68,20.2383,206.0415,62.7147,0.5652,1.0e-04,,,3.5
12170,27.35,20.9380,208.9215,61.7109,0.5737,1.0e-04,27.66,0.38,3.5
12171,27.32,20.9346,177.7919,58.9948,0.5719,1.0e-04,,,3.5
12172,27.43,21.1738,185.9888,62.6276,0.5551,1.0e-04,,,3.5
12173,27.11,20.9155,197.2196,61.1927,0.5641,1.0e-04,,,3.5
12174,27.43,21.2373,190.7494,60.5469,0.5587,1.0e-04,,,3.5
12175,26.70,20.8101,179.0973,56.4266,0.5486,1.0e-04,,,3.5
12176,27.19,21.1519,161.3760,64.3438,0.5582,1.0e-04,,,3.5
12177,25.26,19.4272,197.9952,58.6193,0.5463,1.0e-04,,,3.5
12178,27.12,21.0449,199.3166,60.6693,0.5479,1.0e-04,,,3.5
12179,25.56,19.4829,198.6011,58.3267,0.5621,1.0e-04,,,3.5
12180,26.02,19.8945,169.6032,58.0870,0.5576,1.0e-04,27.93,0.38,3.5
12181,27.18,20.8682,184.9448,60.8021,0.5628,1.0e-04,,,3.5
12182,28.09,21.6611,170.8096,59.0875,0.5676,1.0e-04,,,3.5
12183,27.79,21.2891,168.1425,58.3516,0.5637,1.0e-04,,,3.5
12184,27.12,20.6182,186.0974,55.8984,0.5687,1.0e-04,,,3.5
12185,27.10,20.4639,160.1331,58.6042,0.5759,1.0e-04,,,3.5
12186,25.92,19.5669,176.0228,58.1250,0.5705,1.0e-04,,,3.5
12187,26.74,20.1943,183.2483,59.8478,0.5785,1.0e-04,,,3.5
12188,27.03,20.6719,162.1701,57.8281,0.5659,1.0e-04,,,3.5
12189,27.91,21.3911,197.3798,63.6437,0.5632,1.0e-04,,,3.5
12190,27.44,20.9839,196.2705,61.3490,0.5697,1.0e-04,28.09,0.42,3.5
12191,27.66,21.1470,173.9689,62.1693,0.5730,1.0e-04,,,3.5
12192,27.55,20.9702,182.2724,58.3438,0.5660,1.0e-04,,,3.5
12193,26.26,19.6562,176.8899,59.6739,0.5749,1.0e-04,,,3.5
12194,26.58,19.6826,168.7683,58.2989,0.5715,1.0e-04,,,3.5
12195,28.08,21.2178,141.4520,56.7600,0.5779,1.0e-04,,,3.5
12196,26.75,20.2520,174.0270,56.4402,0.5769,1.0e-04,,,3.5
12197,27.40,20.8643,155.1603,58.2057,0.5740,1.0e-04,,,3.5
12198,27.40,20.9370,192.8928,57.4922,0.5738,1.0e-04,,,3.5
12199,26.83,20.4297,168.6181,59.9022,0.5671,1.0e-04,,,3.5
12200,28.03,21.5864,175.4276,58.3400,0.5589,1.0e-04,27.66,0.39,3.5
12201,27.06,20.7017,180.3310,58.2266,0.5599,1.0e-04,,,3.5
12202,26.94,20.8374,190.0125,60.6667,0.5594,1.0e-04,,,3.5
12203,27.00,20.8218,203.9373,62.9167,0.5531,1.0e-04,,,3.5
12204,26.28,20.1792,195.3316,62.2636,0.5595,1.0e-04,,,3.5
12205,26.49,20.3804,175.6217,60.5951,0.5648,1.0e-04,,,3.5
12206,26.53,20.4370,175.8525,59.4891,0.5654,1.0e-04,,,3.5
12207,27.80,21.5991,184.3146,59.9401,0.5612,1.0e-04,,,3.5
12208,25.27,19.2534,159.0024,61.7273,0.5552,1.0e-04,,,3.5
12209,27.27,21.1519,179.5867,59.4609,0.5622,1.0e-04,,,3.5
12210,26.89,20.8218,186.6055,59.6929,0.5581,1.0e-04,27.52,0.38,3.5
12211,27.97,21.5430,186.4526,60.9450,0.5629,1.0e-04,,,3.5
12212,27.45,20.9648,179.1800,60.5573,0.5731,1.0e-04,,,3.5
12213,26.32,19.8657,182.6406,61.1957,0.5628,1.0e-04,,,3.5
12214,25.47,19.0254,185.6941,60.9233,0.5650,1.0e-04,,,3.5
12215,26.94,20.3960,184.2165,58.3385,0.5703,1.0e-04,,,3.5
12216,27.01,20.3911,177.2633,56.4245,0.5734,1.0e-04,,,3.5
12217,27.50,20.4526,205.6070,58.0547,0.5676,1.0e-04,,,3.5
12218,25.34,18.8296,178.6289,57.3892,0.5703,1.0e-04,,,3.5
12219,27.69,20.9463,183.0147,56.5677,0.5626,1.0e-04,,,3.5
12220,27.42,20.8228,176.1977,57.7943,0.5687,1.0e-04,27.95,0.51,3.5
12221,27.80,21.0068,186.0404,59.7422,0.5756,1.0e-04,,,3.5
12222,26.81,20.1323,172.6560,57.5136,0.5718,1.0e-04,,,3.5
12223,26.72,20.1841,165.5577,59.2228,0.5766,1.0e-04,,,3.5
12224,27.19,20.6885,201.2623,61.8385,0.5651,1.0e-04,,,3.5
12225,27.53,21.1431,188.4276,57.6875,0.5686,1.0e-04,,,3.5
12226,27.10,20.6553,198.6583,62.4818,0.5609,1.0e-04,,,3.5
12227,25.89,19.7983,174.7556,59.9375,0.5601,1.0e-04,,,3.5
12228,27.94,21.3525,168.9047,62.2650,0.5798,1.0e-04,,,3.5
12229,28.05,21.5044,157.9071,60.6825,0.5681,1.0e-04,,,3.5
12230,26.44,20.2700,190.3647,60.3016,0.5703,1.0e-04,27.20,0.39,3.5
12231,26.95,20.5669,176.6003,60.7109,0.5667,1.0e-04,,,3.5
12232,27.54,20.9570,176.9604,62.8281,0.5734,1.0e-04,,,3.5
12233,26.32,19.9590,168.2877,60.7935,0.5712,1.0e-04,,,3.5
12234,26.85,20.3105,191.8914,61.4511,0.5737,1.0e-04,,,3.5
12235,27.03,20.3853,188.7949,57.7344,0.5730,1.0e-04,,,3.5
12236,26.06,19.4971,196.6654,58.0326,0.5742,1.0e-04,,,3.5
12237,27.21,20.6729,168.1703,58.5599,0.5725,1.0e-04,,,3.5
12238,27.77,21.2930,175.0452,59.3255,0.5754,1.0e-04,,,3.5
12239,27.44,20.8613,168.5135,62.3776,0.5761,1.0e-04,,,3.5
12240,25.45,19.2012,185.6755,62.0455,0.5730,1.0e-04,27.95,0.43,3.5
12241,27.87,21.4067,199.9405,64.3620,0.5687,1.0e-04,,,3.5
12242,27.53,20.7891,177.0903,61.9245,0.5760,1.0e-04,,,3.5
12243,27.87,21.2432,187.9724,59.7083,0.5667,1.0e-04,,,3.5
12244,28.20,21.6777,173.6663,62.4350,0.5571,1.0e-04,,,3.5
12245,27.03,20.8037,179.0522,60.1276,0.5737,1.0e-04,,,3.5
12246,27.85,21.2856,187.8355,55.6953,0.5696,1.0e-04,,,3.5
12247,27.66,21.2573,165.3221,61.6823,0.5702,1.0e-04,,,3.5
12248,27.45,20.9956,165.8261,62.2161,0.5659,1.0e-04,,,3.5
12249,26.36,19.9839,179.6225,58.7745,0.5688,1.0e-04,,,3.5
12250,26.70,20.1460,180.5978,61.2418,0.5687,1.0e-04,28.11,0.48,3.5
12251,27.15,20.5054,176.0481,59.1849,0.5768,1.0e-04,,,3.5
12252,28.81,22.0493,180.1865,62.0425,0.5711,1.0e-04,,,3.5
12253,26.44,19.6396,174.8375,59.0136,0.5785,1.0e-04,,,3.5
12254,27.23,20.6421,161.7129,60.4375,0.5781,1.0e-04,,,3.5
12255,28.41,21.6255,190.1775,61.7050,0.5789,1.0e-04,,,3.5
12256,25.48,18.9858,164.5494,60.4176,0.5731,1.0e-04,,,3.4
12257,27.63,20.9658,177.5551,61.6693,0.5698,1.0e-04,,,3.5
12258,26.89,20.5249,171.3885,58.1927,0.5715,1.0e-04,,,3.5
12259,26.65,20.2695,190.4683,59.4538,0.5700,1.0e-04,,,3.5
12260,27.33,20.8447,180.9139,59.9661,0.5723,1.0e-04,27.81,0.49,3.5
12261,26.62,20.0190,178.5864,61.3179,0.5748,1.0e-04,,,3.5
12262,26.00,19.6455,179.4787,59.5625,0.5746,1.0e-04,,,3.5
12263,26.58,20.1440,208.5297,63.6277,0.5638,1.0e-04,,,3.5
12264,26.14,19.8032,169.8964,62.1332,0.5739,1.0e-04,,,3.5
12265,27.43,20.6958,175.3585,61.9323,0.5838,1.0e-04,,,3.5
12266,26.71,20.2827,156.4879,61.5462,0.5776,1.0e-04,,,3.5
12267,26.80,20.4785,189.6667,63.7745,0.5753,1.0e-04,,,3.5
12268,27.02,20.7778,185.3764,56.8802,0.5727,1.0e-04,,,3.5
12269,27.68,21.1348,167.7770,61.6693,0.5753,1.0e-04,,,3.5
12270,26.87,20.2568,183.7861,60.7228,0.5748,1.0e-04,28.15,0.51,3.5
12271,27.18,20.5938,167.0684,64.5573,0.5791,1.0e-04,,,3.5
12272,26.70,19.9902,202.6220,61.3668,0.5719,1.0e-04,,,3.5
12273,26.77,19.9595,175.5825,61.0000,0.5798,1.0e-04,,,3.5
12274,28.67,21.6460,175.9722,63.2425,0.5747,1.0e-04,,,3.5
12275,25.57,18.9531,189.8667,56.3153,0.5818,1.0e-04,,,3.5
12276,26.24,19.3452,177.5976,60.1060,0.5679,1.0e-04,,,3.5
12277,26.35,19.2808,187.9074,58.5217,0.5714,1.0e-04,,,3.5
12278,26.40,19.5674,183.8174,59.0245,0.5693,1.0e-04,,,3.5
12279,25.94,19.3320,186.0088,58.6549,0.5701,1.0e-04,,,3.5
12280,27.96,21.1562,160.0802,64.3900,0.5761,1.0e-04,28.79,0.46,3.5
12281,26.68,20.2153,195.4530,60.0652,0.5719,1.0e-04,,,3.5
12282,26.63,20.1377,202.7581,62.1277,0.5627,1.0e-04,,,3.5
12283,26.72,20.0659,167.1478,61.9457,0.5758,1.0e-04,,,3.5
12284,26.50,20.2227,188.8645,58.5870,0.5728,1.0e-04,,,3.5
12285,27.33,21.0054,168.5452,57.3229,0.5671,1.0e-04,,,3.5
12286,26.93,20.7085,168.6330,56.4167,0.5743,1.0e-04,,,3.5
12287,27.16,20.7969,165.6817,60.9062,0.5753,1.0e-04,,,3.5
12288,25.94,19.9204,183.6680,57.8071,0.5578,1.0e-04,,,3.5
12289,26.33,20.2427,181.0863,57.6467,0.5681,1.0e-04,,,3.5
12290,26.75,20.6099,196.2719,57.7201,0.5646,1.0e-04,26.97,0.31,3.5
12291,25.81,19.8223,186.8719,61.3636,0.5652,1.0e-04,,,3.5
12292,25.96,19.8735,205.1466,60.4674,0.5703,1.0e-04,,,3.5
12293,27.71,21.2183,180.7332,63.1667,0.5699,1.0e-04,,,3.5
12294,27.33,20.7109,186.4336,63.3229,0.5732,1.0e-04,,,3.5
12295,28.15,21.3140,205.8096,62.7975,0.5741,1.0e-04,,,3.5
12296,25.85,19.1953,179.3854,58.6477,0.5748,1.0e-04,,,3.5
12297,26.91,20.1831,189.0402,62.1589,0.5670,1.0e-04,,,3.5
12298,28.59,21.8813,176.3244,63.5175,0.5747,1.0e-04,,,3.5
12299,27.49,20.7778,197.8503,69.5885,0.5717,1.0e-04,,,3.5
12300,28.38,21.5522,158.3623,65.4675,0.5828,1.0e-04,27.83,0.49,3.5
12301,26.49,19.8828,219.7438,59.4484,0.5700,1.0e-04,,,3.5
12302,26.88,20.3672,193.4595,58.9206,0.5706,1.0e-04,,,3.5
12303,26.05,19.4346,180.1697,63.2636,0.5827,1.0e-04,,,3.5
12304,26.70,20.0361,173.7948,58.6658,0.5735,1.0e-04,,,3.5
12305,27.77,21.3301,167.4444,58.4375,0.5795,1.0e-04,,,3.5
12306,25.85,19.5352,164.1299,58.0057,0.5721,1.0e-04,,,3.5
12307,26.40,20.3633,200.1612,61.0217,0.5670,1.0e-04,,,3.5
12308,25.30,19.3076,176.7023,57.2926,0.5693,1.0e-04,,,3.4
12309,26.10,19.7559,180.6822,59.2364,0.5694,1.0e-04,,,3.5
12310,28.74,22.2480,175.1042,61.8850,0.5767,1.0e-04,28.00,0.46,3.5
12311,27.46,20.8237,184.2690,59.9844,0.5785,1.0e-04,,,3.5
12312,26.90,20.5029,181.3772,60.0755,0.5684,1.0e-04,,,3.5
12313,27.14,20.6875,155.3531,61.3099,0.5757,1.0e-04,,,3.5
12314,26.45,20.1235,197.7091,62.8043,0.5741,1.0e-04,,,3.5
12315,27.29,20.9492,182.4375,60.8333,0.5627,1.0e-04,,,3.5
12316,26.56,20.1743,189.9436,59.7038,0.5713,1.0e-04,,,3.5
12317,27.56,21.0483,174.5645,62.5625,0.5720,1.0e-04,,,3.5
12318,27.35,20.9170,180.9078,62.7135,0.5684,1.0e-04,,,3.5
12319,27.41,20.9038,180.5644,60.4948,0.5728,1.0e-04,,,3.5
12320,27.62,20.9980,173.9977,60.4948,0.5733,1.0e-04,27.80,0.48,3.5
12321,26.39,19.8765,172.2893,57.1141,0.5736,1.0e-04,,,3.5
12322,26.00,19.6870,184.3976,62.8832,0.5683,1.0e-04,,,3.5
12323,26.42,20.2690,200.2286,59.7201,0.5642,1.0e-04,,,3.5
12324,26.40,19.9458,178.0036,59.7717,0.5795,1.0e-04,,,3.5
12325,26.72,20.0381,162.6418,64.4592,0.5772,1.0e-04,,,3.5
12326,27.26,20.6128,170.2874,59.4115,0.5781,1.0e-04,,,3.5
12327,26.66,20.1440,179.0458,61.2092,0.5751,1.0e-04,,,3.5
12328,26.96,20.4487,191.2700,64.1172,0.5827,1.0e-04,,,3.5
12329,27.25,20.6685,217.9378,61.6250,0.5720,1.0e-04,,,3.5
12330,26.16,19.6650,175.4925,61.5054,0.5706,1.0e-04,28.20,0.53,3.5
12331,26.83,20.0962,192.4817,62.7554,0.5787,1.0e-04,,,3.5
12332,27.17,20.4048,156.0880,62.6432,0.5863,1.0e-04,,,3.6
12333,26.65,19.9199,170.5677,60.3478,0.5857,1.0e-04,,,3.5
12334,27.88,20.9639,152.2568,61.4740,0.5796,1.0e-04,,,3.5
12335,27.42,20.5112,169.6456,56.7969,0.5821,1.0e-04,,,3.5
12336,26.41,19.5713,176.4900,55.7065,0.5759,1.0e-04,,,3.5
12337,26.46,19.6836,174.1765,61.7989,0.5800,1.0e-04,,,3.5
12338,27.60,20.7148,166.9620,58.8281,0.5825,1.0e-04,,,3.5
12339,26.29,19.4688,176.1687,58.6522,0.5775,1.0e-04,,,3.5
12340,27.34,20.4604,161.6851,60.5417,0.5856,1.0e-04,28.28,0.58,3.5
12341,27.10,20.1753,170.2504,59.8151,0.5743,1.0e-04,,,3.5
12342,26.38,19.3955,180.3474,56.4076,0.5791,1.0e-04,,,3.5
12343,26.25,19.4536,167.6174,59.3424,0.5836,1.0e-04,,,3.5
12344,26.38,19.6982,159.4983,60.4266,0.5764,1.0e-04,,,3.5
12345,25.96,19.4277,192.5631,58.7147,0.5770,1.0e-04,,,3.5
12346,26.53,20.0405,174.0268,59.5054,0.5763,1.0e-04,,,3.5
12347,27.34,20.6084,192.4672,58.1016,0.5712,1.0e-04,,,3.5
12348,26.33,19.8101,158.5649,56.9022,0.5721,1.0e-04,,,3.5
12349,27.40,20.9736,176.8382,63.3984,0.5721,1.0e-04,,,3.5
12350,27.53,21.2036,185.4756,66.1536,0.5655,1.0e-04,27.68,0.39,3.5
12351,25.77,19.6299,188.7210,59.3778,0.5671,1.0e-04,,,3.5
12352,26.40,20.2329,167.5661,59.1793,0.5617,1.0e-04,,,3.5
12353,26.80,20.6128,180.8872,62.5054,0.5609,1.0e-04,,,3.5
12354,26.51,20.5176,198.7818,57.3397,0.5649,1.0e-04,,,3.5
12355,27.50,21.2544,179.5820,60.8958,0.5782,1.0e-04,,,3.5
12356,26.83,20.7080,179.2052,62.5082,0.5700,1.0e-04,,,3.5
12357,26.20,20.3599,193.2361,61.0190,0.5460,1.0e-04,,,3.5
12358,27.10,21.1562,199.6229,60.5964,0.5431,1.0e-04,,,3.5
12359,27.67,21.5396,185.0463,64.4688,0.5533,1.0e-04,,,3.5
12360,27.45,21.2041,197.1687,62.2839,0.5702,1.0e-04,27.78,0.39,3.5
12361,27.94,21.5352,192.3583,62.9150,0.5597,1.0e-04,,,3.5
12362,27.24,20.8408,220.7478,63.3932,0.5577,1.0e-04,,,3.5
12363,27.55,21.0596,180.5735,62.4661,0.5675,1.0e-04,,,3.5
12364,27.21,21.0547,182.0560,66.0104,0.5641,1.0e-04,,,3.5
12365,26.28,20.1426,193.0024,62.2228,0.5637,1.0e-04,,,3.5
12366,25.73,19.7793,206.9242,60.0767,0.5612,1.0e-04,,,3.5
12367,26.41,20.2271,190.8191,59.4837,0.5545,1.0e-04,,,3.5
12368,26.66,20.5791,179.1518,61.4402,0.5518,1.0e-04,,,3.5
12369,27.59,21.4189,182.4971,56.6224,0.5630,1.0e-04,,,3.5
12370,27.73,21.4673,174.9666,64.0911,0.5641,1.0e-04,27.68,0.36,3.5
12371,26.75,20.5435,184.4775,59.2663,0.5632,1.0e-04,,,3.5
12372,26.51,20.3511,202.8656,61.7337,0.5571,1.0e-04,,,3.5
12373,25.63,19.3125,192.7341,60.2898,0.5610,1.0e-04,,,3.5
12374,27.63,21.2783,176.7665,60.7344,0.5549,1.0e-04,,,3.5
12375,26.56,20.1929,193.7983,60.1277,0.5765,1.0e-04,,,3.6
12376,26.58,20.1240,206.2409,63.7337,0.5692,1.0e-04,,,3.5
12377,26.64,19.9570,187.4348,64.5978,0.5731,1.0e-04,,,3.5
12378,27.63,20.6392,193.9924,66.0729,0.5737,1.0e-04,,,3.5
12379,25.71,18.9980,195.9831,59.3295,0.5701,1.0e-04,,,3.5
12380,26.22,19.4902,191.3667,56.6060,0.5723,1.0e-04,28.61,0.57,3.5
12381,26.64,19.8389,178.9556,54.2011,0.5833,1.0e-04,,,3.5
12382,27.51,20.7295,162.3149,59.6667,0.5785,1.0e-04,,,3.5
12383,27.31,20.4185,167.5726,57.9375,0.5815,1.0e-04,,,3.5
12384,25.98,19.3760,170.0502,58.3370,0.5805,1.0e-04,,,3.5
12385,24.58,18.1943,159.2356,57.1429,0.5772,1.0e-04,,,3.5
12386,27.79,21.0669,162.6452,62.2786,0.5811,1.0e-04,,,3.5
12387,26.29,19.8486,172.6014,57.6413,0.5767,1.0e-04,,,3.5
12388,27.16,20.4551,177.8487,61.9609,0.5772,1.0e-04,,,3.5
12389,28.59,21.9658,178.2582,63.3225,0.5735,1.0e-04,,,3.5
12390,26.96,20.4229,183.5801,60.5365,0.5700,1.0e-04,28.19,0.41,3.5
12391,26.26,19.9536,184.9362,64.6250,0.5726,1.0e-04,,,3.5
12392,28.19,21.6514,178.6989,64.2875,0.5726,1.0e-04,,,3.5
12393,26.45,19.8887,195.7246,60.3207,0.5782,1.0e-04,,,3.5
12394,27.30,20.8804,198.8538,65.7995,0.5750,1.0e-04,,,3.5
12395,26.81,20.4985,182.9951,59.6114,0.5695,1.0e-04,,,3.5
12396,28.15,21.6079,156.8143,61.2875,0.5777,1.0e-04,,,3.5
12397,26.55,20.0083,191.9877,59.4837,0.5726,1.0e-04,,,3.5
12398,25.47,19.2949,191.7810,61.7244,0.5682,1.0e-04,,,3.5
12399,26.35,19.8374,189.7000,58.0951,0.5720,1.0e-04,,,3.5
12400,28.32,21.4663,188.6244,61.0625,0.5735,1.0e-04,28.79,0.49,3.5
12401,26.85,20.2207,178.4970,60.3043,0.5673,1.0e-04,,,3.5
12402,27.32,20.6240,181.1619,60.3438,0.5736,1.0e-04,,,3.5
12403,25.16,18.6533,169.0175,62.8438,0.5724,1.0e-04,,,3.5
12404,27.09,20.2241,168.8067,59.8438,0.5754,1.0e-04,,,3.5
12405,26.38,19.7529,170.5455,57.3505,0.5806,1.0e-04,,,3.5
12406,28.18,21.2188,167.4412,63.7900,0.5755,1.0e-04,,,3.5
12407,27.43,20.4863,184.4615,58.2214,0.5688,1.0e-04,,,3.5
12408,26.78,19.9707,193.8245,61.2337,0.5701,1.0e-04,,,3.5
12409,27.34,20.4897,156.6155,58.4479,0.5825,1.0e-04,,,3.5
12410,27.16,20.2798,170.4805,59.5130,0.5701,1.0e-04,28.49,0.57,3.5
12411,26.82,19.9746,185.8129,59.0707,0.5731,1.0e-04,,,3.5
12412,26.88,20.1870,179.5168,60.0339,0.5735,1.0e-04,,,3.5
12413,26.39,19.7612,189.8656,60.3777,0.5725,1.0e-04,,,3.5
12414,26.08,19.6582,192.8523,58.9538,0.5754,1.0e-04,,,3.5
12415,25.65,19.0103,188.5457,56.6108,0.5708,1.0e-04,,,3.5
12416,28.08,20.9707,187.5665,59.9450,0.5786,1.0e-04,,,3.5
12417,27.42,20.5298,160.1282,60.0026,0.5804,1.0e-04,,,3.5
12418,27.43,20.6079,160.4651,60.5365,0.5778,1.0e-04,,,3.5
12419,27.25,20.4355,168.6015,57.3802,0.5769,1.0e-04,,,3.5
12420,27.10,20.5264,158.9605,59.9010,0.5759,1.0e-04,28.80,0.53,3.5
12421,27.50,20.6636,164.5751,57.6484,0.5765,1.0e-04,,,3.5
12422,27.00,20.1929,157.8110,61.8984,0.5750,1.0e-04,,,3.5
12423,27.30,20.4434,177.4214,58.9635,0.5769,1.0e-04,,,3.5
12424,27.72,20.8198,155.5767,57.8359,0.5766,1.0e-04,,,3.5
12425,25.66,18.9155,171.3732,56.2841,0.5748,1.0e-04,,,3.5
12426,26.78,19.9287,165.3961,58.6576,0.5773,1.0e-04,,,3.5
12427,26.07,19.2036,182.0197,58.8533,0.5762,1.0e-04,,,3.5
12428,26.07,19.5181,205.4710,62.3913,0.5801,1.0e-04,,,3.5
12429,26.57,19.8110,169.7777,59.6739,0.5799,1.0e-04,,,3.5
12430,26.86,20.2275,180.3205,65.4810,0.5702,1.0e-04,29.02,0.43,3.5
12431,28.47,21.8408,164.7392,60.8500,0.5809,1.0e-04,,,3.5
12432,27.25,20.7021,191.2306,57.5365,0.5682,1.0e-04,,,3.5
12433,27.04,20.4697,154.8456,57.6120,0.5716,1.0e-04,,,3.5
12434,26.53,19.9717,172.6246,59.5924,0.5789,1.0e-04,,,3.5
12435,27.46,20.6953,159.8973,56.1745,0.5835,1.0e-04,,,3.5
12436,26.71,20.0620,167.3067,61.0408,0.5797,1.0e-04,,,3.5
12437,28.13,21.4136,168.0652,61.6475,0.5775,1.0e-04,,,3.5
12438,26.45,19.8125,182.9994,64.0571,0.5783,1.0e-04,,,3.5
12439,27.31,20.5532,173.8115,58.4766,0.5844,1.0e-04,,,3.5
12440,27.20,20.3604,175.8241,58.7292,0.5885,1.0e-04,28.43,0.52,3.5
12441,28.76,21.7930,178.0365,62.3150,0.5772,1.0e-04,,,3.5
12442,27.49,20.6802,175.8331,58.5833,0.5758,1.0e-04,,,3.5
12443,26.76,20.4131,174.9995,61.0082,0.5758,1.0e-04,,,3.5
12444,27.72,21.0278,183.3610,58.0469,0.5768,1.0e-04,,,3.5
12445,27.07,20.4072,176.3397,60.0469,0.5841,1.0e-04,,,3.5
12446,28.82,22.0254,181.6953,61.2025,0.5756,1.0e-04,,,3.5
12447,27.53,20.7627,175.2023,62.7604,0.5741,1.0e-04,,,3.5
12448,25.38,18.7910,178.9808,62.0568,0.5706,1.0e-04,,,3.5
12449,27.17,20.5430,187.0277,63.8490,0.5763,1.0e-04,,,3.5
12450,26.81,20.1211,178.5229,60.5516,0.5743,1.0e-04,28.50,0.43,3.5
12451,26.42,19.9902,166.0407,59.4429,0.5768,1.0e-04,,,3.5
12452,26.66,20.1836,162.1165,61.9837,0.5774,1.0e-04,,,3.5
12453,26.71,20.2480,196.0196,63.2527,0.5749,1.0e-04,,,3.5
12454,26.99,20.5278,198.9172,63.1849,0.5647,1.0e-04,,,3.5
12455,25.70,19.3823,176.0237,58.2784,0.5756,1.0e-04,,,3.5
12456,27.85,21.0522,150.4057,62.5417,0.5774,1.0e-04,,,3.5
12457,27.25,20.8066,183.1587,57.6432,0.5786,1.0e-04,,,3.5
12458,26.96,20.3633,179.2791,59.5078,0.5746,1.0e-04,,,3.5
12459,27.51,20.7607,160.9566,62.5833,0.5766,1.0e-04,,,3.5
12460,26.97,20.5112,191.2342,62.3594,0.5733,1.0e-04,28.06,0.42,3.5
12461,28.30,21.6621,177.8200,63.9725,0.5776,1.0e-04,,,3.5
12462,26.17,20.0874,187.6746,59.6848,0.5711,1.0e-04,,,3.5
12463,26.26,20.0669,208.5095,63.4293,0.5703,1.0e-04,,,3.5
12464,28.16,21.5464,183.0490,61.0275,0.5692,1.0e-04,,,3.5
12465,26.77,20.4062,191.9986,59.4457,0.5668,1.0e-04,,,3.5
12466,25.72,19.4463,181.4143,57.6108,0.5589,1.0e-04,,,3.5
12467,27.27,20.7422,179.0616,62.4740,0.5724,1.0e-04,,,3.5
12468,28.53,22.0186,165.4502,62.3025,0.5703,1.0e-04,,,3.5
12469,27.32,20.9736,167.8584,61.2708,0.5749,1.0e-04,,,3.5
12470,27.34,20.7266,182.5792,63.4245,0.5730,1.0e-04,28.39,0.45,3.5
12471,27.33,20.8232,195.8156,62.1849,0.5684,1.0e-04,,,3.5
12472,27.17,20.5703,182.0916,56.6146,0.5667,1.0e-04,,,3.5
12473,27.40,20.7383,187.7204,60.7891,0.5731,1.0e-04,,,3.5
12474,27.38,20.6211,177.0444,59.5391,0.5728,1.0e-04,,,3.5
12475,27.22,20.3970,164.5559,58.8672,0.5701,1.0e-04,,,3.5
12476,26.30,19.5552,191.1038,57.8071,0.5746,1.0e-04,,,3.5
12477,27.87,21.0464,183.0053,63.3906,0.5717,1.0e-04,,,3.5
12478,27.54,20.8145,188.4855,60.2396,0.5732,1.0e-04,,,3.5
12479,26.53,19.7520,187.8054,60.2989,0.5753,1.0e-04,,,3.5
12480,28.30,21.3008,178.6969,58.8625,0.5686,1.0e-04,28.00,0.47,3.5
12481,27.43,20.7886,176.2192,57.9583,0.5808,1.0e-04,,,3.5
12482,27.58,21.0352,176.3558,59.2995,0.5716,1.0e-04,,,3.5
12483,27.58,20.9248,170.0593,64.5312,0.5747,1.0e-04,,,3.5
12484,27.71,21.1040,171.2847,58.1432,0.5757,1.0e-04,,,3.5
12485,27.66,21.1196,172.7263,58.4870,0.5725,1.0e-04,,,3.5
12486,27.12,20.6235,161.3934,60.3776,0.5747,1.0e-04,,,3.5
12487,28.19,21.5923,152.1161,63.2675,0.5752,1.0e-04,,,3.5
12488,27.46,20.8843,177.1814,59.1120,0.5711,1.0e-04,,,3.5
12489,25.50,19.1089,171.3925,57.6449,0.5793,1.0e-04,,,3.4
12490,27.77,21.2290,181.9624,62.4818,0.5673,1.0e-04,28.64,0.52,3.5
12491,26.28,19.6748,175.7555,56.6902,0.5721,1.0e-04,,,3.5
12492,27.37,20.6343,166.8711,58.1953,0.5736,1.0e-04,,,3.5
12493,26.50,20.0063,156.3242,59.5054,0.5720,1.0e-04,,,3.5
12494,27.23,20.5835,174.3300,58.6927,0.5739,1.0e-04,,,3.5
12495,26.79,20.3867,169.4320,56.7228,0.5745,1.0e-04,,,3.5
12496,26.74,20.3296,162.5261,57.9538,0.5763,1.0e-04,,,3.5
12497,27.69,21.2393,167.0503,65.6901,0.5760,1.0e-04,,,3.5
12498,27.54,21.2109,186.5883,59.6068,0.5681,1.0e-04,,,3.5
12499,26.57,20.6147,199.7094,60.7092,0.5586,1.0e-04,,,3.5
12500,28.33,22.0762,164.6233,62.8625,0.5710,1.0e-04,27.15,0.38,3.5
12501,27.05,20.6680,178.0205,60.2578,0.5805,1.0e-04,,,3.5
12502,27.60,21.2759,169.8899,62.6797,0.5669,1.0e-04,,,3.5
12503,28.57,21.9365,159.1861,59.3250,0.5728,1.0e-04,,,3.5
12504,27.30,20.8022,189.8220,56.7734,0.5661,1.0e-04,,,3.5
12505,27.67,21.2783,170.2996,62.5833,0.5688,1.0e-04,,,3.5
12506,27.53,20.9302,192.5484,61.3880,0.5677,1.0e-04,,,3.5
12507,27.73,21.0977,172.8655,64.9766,0.5710,1.0e-04,,,3.5
12508,26.77,19.9766,164.5675,57.0788,0.5815,1.0e-04,,,3.5
12509,27.71,20.8823,169.1533,59.9531,0.5733,1.0e-04,,,3.5
12510,26.76,19.8638,178.7562,54.7745,0.5784,1.0e-04,28.14,0.55,3.5
12511,27.87,20.9536,159.0510,59.7865,0.5807,1.0e-04,,,3.5
12512,26.54,19.8223,156.4475,57.0462,0.5774,1.0e-04,,,3.5
12513,26.34,19.4443,166.2838,54.5788,0.5752,1.0e-04,,,3.5
12514,27.78,20.9043,164.5078,59.4557,0.5765,1.0e-04,,,3.5
12515,28.31,21.4463,171.1182,63.3475,0.5717,1.0e-04,,,3.5
12516,26.41,19.9365,182.4016,56.9918,0.5719,1.0e-04,,,3.5
12517,26.30,19.7393,161.4779,57.6984,0.5716,1.0e-04,,,3.5
12518,26.92,20.4136,185.8374,58.0755,0.5773,1.0e-04,,,3.5
12519,27.17,20.4194,177.9397,56.2266,0.5767,1.0e-04,,,3.5
12520,27.69,20.8809,152.2647,58.9375,0.5807,1.0e-04,28.33,0.51,3.5
12521,27.36,20.5737,164.2976,58.4062,0.5764,1.0e-04,,,3.5
12522,26.38,19.8535,183.6795,61.4592,0.5734,1.0e-04,,,3.5
12523,26.46,19.7676,179.9797,58.7772,0.5808,1.0e-04,,,3.5
12524,27.81,21.2627,177.5325,61.6589,0.5745,1.0e-04,,,3.5
12525,27.27,20.7578,158.4987,58.0208,0.5799,1.0e-04,,,3.5
12526,26.56,20.2173,154.1546,57.7962,0.5788,1.0e-04,,,3.5
12527,26.21,19.8159,171.1339,57.3179,0.5701,1.0e-04,,,3.5
12528,26.35,20.2617,166.4590,58.4266,0.5750,1.0e-04,,,3.5
12529,26.78,20.5488,164.1480,59.5951,0.5765,1.0e-04,,,3.5
12530,27.22,20.6440,154.3286,59.8568,0.5756,1.0e-04,27.79,0.52,3.5
12531,26.76,20.0532,173.5871,56.6168,0.5793,1.0e-04,,,3.5
12532,26.91,20.1162,180.5106,60.5547,0.5709,1.0e-04,,,3.5
12533,27.66,20.6743,153.7536,59.3359,0.5764,1.0e-04,,,3.5
12534,27.14,20.3594,175.4019,59.1068,0.5897,1.0e-04,,,3.5
12535,28.36,21.6289,177.8618,59.8425,0.5816,1.0e-04,,,3.5
12536,28.06,21.1914,161.4144,59.2300,0.5777,1.0e-04,,,3.5
12537,28.05,21.2656,167.7767,58.3450,0.5820,1.0e-04,,,3.5
12538,26.83,20.4009,165.6332,61.8723,0.5734,1.0e-04,,,3.5
12539,28.02,21.0835,174.7759,62.2050,0.5767,1.0e-04,,,3.5
12540,28.69,21.6860,155.6030,61.1575,0.5797,1.0e-04,27.85,0.55,3.5
12541,26.70,19.9697,156.8934,57.1603,0.5771,1.0e-04,,,3.5
12542,27.28,20.3301,166.4029,61.4089,0.5805,1.0e-04,,,3.5
12543,28.26,21.4126,167.8073,56.1400,0.5847,1.0e-04,,,3.5
12544,27.26,20.6768,156.6053,58.9323,0.5842,1.0e-04,,,3.5
12545,26.02,19.8237,168.0584,59.3587,0.5768,1.0e-04,,,3.5
12546,26.34,20.0269,181.3035,58.3777,0.5770,1.0e-04,,,3.5
12547,26.50,20.4062,194.0382,61.8723,0.5803,1.0e-04,,,3.5
12548,26.92,20.7295,173.7225,59.7717,0.5802,1.0e-04,,,3.5
12549,27.64,21.4141,167.8562,60.2682,0.5739,1.0e-04,,,3.5
12550,25.83,19.6221,167.4486,58.1989,0.5751,1.0e-04,27.85,0.44,3.5
12551,27.68,21.0625,185.0334,59.4375,0.5747,1.0e-04,,,3.5
12552,27.07,20.6763,190.7543,57.6432,0.5759,1.0e-04,,,3.5
12553,26.82,20.6069,184.2120,61.3179,0.5628,1.0e-04,,,3.5
12554,26.41,19.9771,177.3542,55.9266,0.5788,1.0e-04,,,3.5
12555,26.56,20.1934,174.7675,58.1304,0.5755,1.0e-04,,,3.5
12556,26.20,19.8579,159.3376,59.1467,0.5823,1.0e-04,,,3.5
12557,26.89,20.5298,181.4573,57.6198,0.5790,1.0e-04,,,3.5
12558,26.67,20.2954,176.5698,62.0652,0.5725,1.0e-04,,,3.5
12559,27.87,21.2764,168.3987,63.5208,0.5731,1.0e-04,,,3.5
12560,26.41,20.1924,171.7316,61.1413,0.5733,1.0e-04,27.81,0.38,3.5
12561,27.49,21.1973,161.6711,64.1380,0.5737,1.0e-04,,,3.5
12562,26.84,20.5200,182.2388,62.7255,0.5752,1.0e-04,,,3.5
12563,27.45,20.8555,191.5563,62.9818,0.5764,1.0e-04,,,3.5
12564,27.30,20.6826,190.6440,66.4661,0.5759,1.0e-04,,,3.5
12565,28.25,21.6665,193.1348,64.7975,0.5814,1.0e-04,,,3.5
12566,27.38,20.9966,175.6488,64.6354,0.5793,1.0e-04,,,3.5
12567,27.51,20.9556,217.3707,64.1589,0.5710,1.0e-04,,,3.5
12568,25.72,19.3110,168.9806,58.7443,0.5774,1.0e-04,,,3.4
12569,27.19,20.4575,178.2371,63.7396,0.5745,1.0e-04,,,3.5
12570,26.48,19.7676,174.9653,58.9348,0.5780,1.0e-04,27.97,0.53,3.5
12571,27.23,20.4824,180.6758,60.6432,0.5708,1.0e-04,,,3.5
12572,26.60,19.8501,187.5072,61.0326,0.5782,1.0e-04,,,3.5
12573,26.29,19.3730,165.7405,57.6549,0.5802,1.0e-04,,,3.5
12574,26.58,19.7217,197.1944,63.9728,0.5751,1.0e-04,,,3.5
12575,25.79,19.1748,187.0645,60.1932,0.5856,1.0e-04,,,3.5
12576,28.32,21.4419,179.1277,62.0525,0.5801,1.0e-04,,,3.5
12577,27.09,20.5830,175.2449,64.4766,0.5829,1.0e-04,,,3.5
12578,27.55,21.0581,235.5556,62.1979,0.5744,1.0e-04,,,3.5
12579,26.04,19.6982,179.9599,62.4701,0.5787,1.0e-04,,,3.5
12580,26.79,20.3325,184.9287,63.0761,0.5826,1.0e-04,27.51,0.44,3.5
12581,26.22,19.8433,179.0266,57.5815,0.5854,1.0e-04,,,3.5
12582,26.73,20.4058,190.8419,60.2663,0.5793,1.0e-04,,,3.5
12583,28.63,22.0381,182.6765,60.5200,0.5757,1.0e-04,,,3.5
12584,26.62,20.4150,202.4730,62.5516,0.5857,1.0e-04,,,3.5
12585,27.41,21.1543,196.7783,63.3646,0.5695,1.0e-04,,,3.5
12586,26.34,20.0679,202.8410,59.6087,0.5838,1.0e-04,,,3.5
12587,26.97,20.6206,182.2067,65.5417,0.5810,1.0e-04,,,3.5
12588,26.27,19.9009,182.5383,63.5109,0.5861,1.0e-04,,,3.5
12589,27.40,20.9043,191.3463,64.5677,0.5813,1.0e-04,,,3.5
12590,28.14,21.3013,182.6654,61.0450,0.5817,1.0e-04,28.25,0.53,3.5
12591,26.96,20.2417,208.2782,62.8021,0.5885,1.0e-04,,,3.5
12592,25.38,18.8809,205.8744,60.1705,0.5861,1.0e-04,,,3.5
12593,27.36,20.6377,189.7971,60.0469,0.5902,1.0e-04,,,3.5
12594,26.94,20.1460,181.9043,56.6432,0.5905,1.0e-04,,,3.5
12595,27.32,20.6108,168.6297,62.0547,0.5858,1.0e-04,,,3.5
12596,26.83,20.1865,168.9075,61.5543,0.5900,1.0e-04,,,3.5
12597,28.02,21.3638,174.7705,60.1550,0.5859,1.0e-04,,,3.5
12598,26.15,19.6958,183.7056,61.1712,0.5837,1.0e-04,,,3.5
12599,26.07,19.6479,192.7773,60.0353,0.5835,1.0e-04,,,3.5
12600,26.87,20.4580,171.4601,59.7473,0.5941,1.0e-04,27.61,0.41,3.5
12601,26.23,19.7886,176.0060,57.9484,0.5858,1.0e-04,,,3.5
12602,26.96,20.4131,171.8345,60.1016,0.5926,1.0e-04,,,3.5
12603,27.16,20.7476,196.2134,60.7266,0.5888,1.0e-04,,,3.5
12604,26.38,20.0776,173.4848,59.8478,0.5873,1.0e-04,,,3.5
12605,27.66,21.1846,186.7667,63.3177,0.5833,1.0e-04,,,3.5
12606,28.69,21.9531,168.4641,60.1350,0.5835,1.0e-04,,,3.5
12607,26.99,20.3984,172.3004,60.4115,0.5843,1.0e-04,,,3.5
12608,27.01,20.4136,166.8794,55.8151,0.5902,1.0e-04,,,3.5
12609,26.49,20.1763,186.5185,57.5353,0.5770,1.0e-04,,,3.5
12610,26.38,20.1646,190.1266,62.2147,0.5688,1.0e-04,28.37,0.45,3.5
12611,26.91,20.4155,156.9493,63.5312,0.5850,1.0e-04,,,3.5
12612,26.54,20.1689,161.9708,64.2011,0.5853,1.0e-04,,,3.5
12613,27.33,20.9385,180.6226,60.3021,0.5846,1.0e-04,,,3.5
12614,25.91,19.4297,146.5685,59.6957,0.5877,1.0e-04,,,3.5
12615,26.67,20.0566,174.4038,56.7500,0.5901,1.0e-04,,,3.5
12616,26.86,20.4595,172.5686,59.1172,0.5789,1.0e-04,,,3.5
12617,26.26,19.6973,191.6307,60.2527,0.5842,1.0e-04,,,3.5
12618,26.45,20.0742,154.4286,59.7283,0.5805,1.0e-04,,,3.5
12619,26.97,20.4375,168.0722,63.3516,0.5922,1.0e-04,,,3.5
12620,26.61,19.8203,197.5268,61.2120,0.5906,1.0e-04,28.67,0.51,3.5
12621,26.36,19.7593,181.1566,62.9674,0.5804,1.0e-04,,,3.5
12622,27.82,20.7935,167.8981,58.0130,0.5752,1.0e-04,,,3.5
12623,27.30,20.3306,164.8680,58.4714,0.5784,1.0e-04,,,3.5
12624,27.11,20.2832,154.8532,58.6953,0.5827,1.0e-04,,,3.5
12625,27.32,20.4429,177.8157,58.6068,0.5919,1.0e-04,,,3.5
12626,26.80,20.1289,173.8272,59.2391,0.5867,1.0e-04,,,3.8
12627,27.88,21.0122,166.3499,61.8450,0.5865,1.0e-04,,,3.5
12628,27.73,20.8159,174.8777,62.9870,0.5809,1.0e-04,,,3.5
12629,25.67,19.0532,178.4787,56.8977,0.5884,1.0e-04,,,3.5
12630,27.70,20.7705,167.7027,57.6094,0.5793,1.0e-04,27.28,0.60,3.5
12631,26.21,19.3228,169.1580,59.1359,0.5815,1.0e-04,,,3.5
12632,25.78,18.8848,168.5229,52.4886,0.5854,1.0e-04,,,3.5
12633,25.96,19.1509,143.4424,55.0870,0.5877,1.0e-04,,,3.5
12634,26.45,19.8486,168.0836,59.2582,0.5781,1.0e-04,,,3.5
12635,27.03,20.3691,169.9704,61.0417,0.5850,1.0e-04,,,3.5
12636,26.03,19.2715,183.3956,58.3668,0.5875,1.0e-04,,,3.5
12637,26.62,20.0356,169.4244,59.7283,0.5849,1.0e-04,,,3.5
12638,27.02,20.3232,174.5231,57.6458,0.5836,1.0e-04,,,3.5
12639,26.65,20.1865,186.8823,58.9674,0.5752,1.0e-04,,,3.5
12640,26.51,19.9507,174.9662,59.7554,0.5778,1.0e-04,28.12,0.52,3.5
12641,26.21,19.5405,163.2879,59.5870,0.5786,1.0e-04,,,3.5
12642,27.80,20.8198,174.7295,61.8906,0.5775,1.0e-04,,,3.5
12643,27.36,20.5151,180.9196,67.9635,0.5793,1.0e-04,,,3.5
12644,26.70,20.0952,183.7215,64.2962,0.5800,1.0e-04,,,3.5
12645,26.96,20.0630,194.1598,64.2760,0.5679,1.0e-04,,,3.5
12646,27.35,20.6270,188.9010,62.8828,0.5857,1.0e-04,,,3.5
12647,26.25,19.7485,180.1733,62.7908,0.5722,1.0e-04,,,3.5
12648,27.66,20.9946,192.4768,59.6979,0.5823,1.0e-04,,,3.5
12649,26.40,19.8232,178.9637,59.4592,0.5803,1.0e-04,,,3.5
12650,27.06,20.2427,178.8916,60.7448,0.5839,1.0e-04,28.13,0.49,3.5
12651,25.26,18.8276,155.1785,61.1364,0.5798,1.0e-04,,,3.5
12652,27.62,20.8535,156.6052,61.3307,0.5796,1.0e-04,,,3.5
12653,27.71,21.1924,171.0242,61.4505,0.5691,1.0e-04,,,3.5
12654,27.00,20.7920,187.4310,59.7240,0.5766,1.0e-04,,,3.5
12655,26.64,20.5156,155.4151,61.9293,0.5810,1.0e-04,,,3.5
12656,28.04,21.4033,160.1382,63.7625,0.5801,1.0e-04,,,3.5
12657,26.16,19.7505,175.3861,61.9402,0.5752,1.0e-04,,,3.5
12658,27.24,20.6353,167.5410,62.4036,0.5852,1.0e-04,,,3.5
12659,26.27,19.9658,190.4341,60.8668,0.5736,1.0e-04,,,3.5
12660,25.71,19.3018,173.7747,63.7017,0.5799,1.0e-04,28.31,0.48,3.5
12661,27.02,20.3467,202.3758,62.8359,0.5788,1.0e-04,,,3.5
12662,27.36,20.5420,161.1257,60.9323,0.5805,1.0e-04,,,3.5
12663,26.69,19.7769,192.6088,59.4212,0.5817,1.0e-04,,,3.5
12664,26.99,20.0801,173.8499,58.9323,0.5811,1.0e-04,,,3.5
12665,25.11,18.4443,179.9446,59.3665,0.5784,1.0e-04,,,3.5
12666,27.17,20.1851,149.1878,60.3984,0.5869,1.0e-04,,,3.5
12667,27.02,20.0459,168.1160,57.0391,0.5770,1.0e-04,,,3.5
12668,27.03,20.2661,173.7012,60.7995,0.5787,1.0e-04,,,4.2
12669,26.97,20.0757,159.5417,57.7604,0.5804,1.0e-04,,,3.5
12670,25.64,18.8853,173.0114,58.4176,0.5743,1.0e-04,28.39,0.51,3.5
12671,26.45,19.6514,155.1692,58.8587,0.5863,1.0e-04,,,3.5
12672,28.18,21.5234,153.7537,59.6225,0.5800,1.0e-04,,,3.5
12673,26.25,20.0312,169.5807,63.6685,0.5746,1.0e-04,,,3.5
12674,26.33,20.0757,182.6596,61.3098,0.5791,1.0e-04,,,3.5
12675,27.52,20.9922,202.0682,63.8906,0.5733,1.0e-04,,,3.5
12676,29.03,22.3340,189.7404,65.0865,0.5717,1.0e-04,,,3.5
12677,25.14,19.0815,180.7195,60.0028,0.5774,1.0e-04,,,3.4
12678,26.66,20.3271,184.0359,58.7174,0.5765,1.0e-04,,,3.5
12679,27.42,21.3047,183.3173,64.2188,0.5609,1.0e-04,,,3.5
12680,27.87,21.5688,162.6724,62.7474,0.5740,1.0e-04,27.70,0.38,3.5
12681,26.29,20.0903,189.0973,61.2473,0.5704,1.0e-04,,,3.5
12682,26.49,20.3481,189.4683,63.8533,0.5673,1.0e-04,,,3.5
12683,26.42,20.0405,178.2752,64.2120,0.5801,1.0e-04,,,3.5
12684,26.45,20.2178,164.7275,62.4348,0.5682,1.0e-04,,,3.5
12685,27.57,21.3799,173.0339,63.7135,0.5661,1.0e-04,,,3.5
12686,25.79,19.8208,199.7089,62.9205,0.5609,1.0e-04,,,3.5
12687,26.30,20.2510,196.7256,64.3777,0.5507,1.0e-04,,,3.5
12688,27.45,21.1265,181.6502,58.2396,0.5667,1.0e-04,,,3.5
12689,26.34,20.1050,196.3167,58.6033,0.5670,1.0e-04,,,3.5
12690,26.04,19.9756,174.8544,61.4103,0.5699,1.0e-04,27.29,0.35,3.5
12691,27.82,21.5396,167.7310,57.5938,0.5714,1.0e-04,,,3.5
12692,26.72,20.3838,179.9214,59.4484,0.5715,1.0e-04,,,3.5
12693,26.84,20.8379,211.5176,59.3913,0.5641,1.0e-04,,,3.5
12694,27.32,21.1094,186.0155,61.3698,0.5652,1.0e-04,,,3.5
12695,27.26,21.0464,183.4370,65.7943,0.5528,1.0e-04,,,3.5
12696,27.90,21.6968,201.3432,59.0312,0.5671,1.0e-04,,,3.5
12697,26.08,20.1895,192.0889,58.4348,0.5570,1.0e-04,,,3.5
12698,26.26,20.3481,199.7674,58.0082,0.5617,1.0e-04,,,3.5
12699,26.32,20.4326,191.2408,58.8207,0.5541,1.0e-04,,,3.5
12700,26.44,20.4946,205.4437,61.6766,0.5577,1.0e-04,27.07,0.37,3.5
12701,26.82,20.5483,193.2428,59.6875,0.5686,1.0e-04,,,3.5
12702,27.79,21.4736,191.0131,59.6380,0.5649,1.0e-04,,,3.5
12703,27.12,20.9785,193.4784,64.6172,0.5541,1.0e-04,,,3.5
12704,26.30,20.0317,208.7166,61.4701,0.5717,1.0e-04,,,3.5
12705,28.02,21.5039,188.9709,64.0500,0.5723,1.0e-04,,,3.5
12706,27.29,20.9731,190.9874,64.8880,0.5681,1.0e-04,,,3.5
12707,27.39,20.7847,195.4179,61.6719,0.5655,1.0e-04,,,3.5
12708,28.00,21.4233,187.0095,62.4400,0.5624,1.0e-04,,,3.5
12709,26.96,20.4180,165.3111,60.9297,0.5712,1.0e-04,,,3.5
12710,26.18,19.7217,168.3825,55.9348,0.5704,1.0e-04,27.38,0.47,3.5
12711,28.13,21.3823,150.9415,61.0600,0.5742,1.0e-04,,,3.5
12712,25.79,19.3755,185.1101,57.1136,0.5733,1.0e-04,,,3.4
12713,26.48,20.0190,179.7067,55.4321,0.5755,1.0e-04,,,3.5
12714,26.62,20.2944,192.2470,58.0870,0.5719,1.0e-04,,,3.5
12715,27.33,20.8184,188.0689,59.0651,0.5708,1.0e-04,,,3.5
12716,27.12,20.5889,210.4874,59.1042,0.5745,1.0e-04,,,3.5
12717,26.15,19.8667,167.4355,58.4837,0.5713,1.0e-04,,,3.5
12718,26.51,20.0181,187.3492,59.6630,0.5681,1.0e-04,,,3.5
12719,26.52,20.1777,155.7135,58.7935,0.5767,1.0e-04,,,3.5
12720,27.52,21.0444,179.1137,62.0599,0.5715,1.0e-04,27.65,0.47,3.5
12721,27.64,20.9702,172.0686,58.2031,0.5782,1.0e-04,,,3.5
12722,26.71,20.0942,182.1109,59.2283,0.5721,1.0e-04,,,3.5
12723,26.46,19.9502,167.5017,62.3125,0.5795,1.0e-04,,,4.4
12724,27.17,20.5415,195.4682,61.2266,0.5766,1.0e-04,,,3.5
12725,26.93,20.3271,191.7279,61.9635,0.5798,1.0e-04,,,3.5
12726,27.67,21.1670,189.9447,61.1771,0.5723,1.0e-04,,,3.5
12727,27.73,21.2446,168.6660,64.0625,0.5774,1.0e-04,,,3.5
12728,26.11,19.5503,190.2211,61.9620,0.5823,1.0e-04,,,3.5
12729,26.34,20.0542,175.9040,55.2446,0.5661,1.0e-04,,,3.5
12730,26.91,20.7510,188.9559,57.0599,0.5673,1.0e-04,27.03,0.34,3.5
12731,25.28,19.3320,164.8143,60.5426,0.5693,1.0e-04,,,3.5
12732,26.65,20.2939,172.0897,57.4429,0.5781,1.0e-04,,,3.5
12733,27.44,20.8267,173.7575,59.3594,0.5690,1.0e-04,,,3.5
12734,27.07,20.3325,165.9758,62.2448,0.5676,1.0e-04,,,4.2
12735,27.58,20.8647,180.7783,66.4349,0.5635,1.0e-04,,,3.5
12736,27.04,20.6016,196.2398,62.2839,0.5746,1.0e-04,,,3.5
12737,28.01,21.4644,180.2245,64.6825,0.5782,1.0e-04,,,3.5
12738,27.13,20.6094,162.6822,61.0573,0.5842,1.0e-04,,,3.5
12739,26.46,20.0093,187.9572,60.6576,0.5777,1.0e-04,,,3.5
12740,27.32,20.4956,169.6078,60.3359,0.5787,1.0e-04,28.36,0.50,3.5
12741,26.68,20.0283,158.1541,59.7364,0.5864,1.0e-04,,,3.5
12742,28.17,21.4858,168.3889,64.1850,0.5802,1.0e-04,,,3.5
12743,27.09,20.6406,176.4081,63.0938,0.5738,1.0e-04,,,3.5
12744,26.83,20.3511,187.4511,62.6087,0.5764,1.0e-04,,,3.5
12745,26.47,20.1343,208.7209,58.0842,0.5717,1.0e-04,,,3.5
12746,26.45,19.8687,169.0700,61.0679,0.5882,1.0e-04,,,3.5
12747,27.42,20.8145,213.7168,61.7604,0.5690,1.0e-04,,,3.5
12748,27.48,20.8892,209.8336,65.9297,0.5697,1.0e-04,,,3.5
12749,27.19,20.5366,196.8852,62.1146,0.5771,1.0e-04,,,3.5
12750,27.40,20.7910,174.9141,59.7422,0.5760,1.0e-04,28.01,0.43,4.1
12751,27.40,20.8564,173.6711,61.1536,0.5787,1.0e-04,,,3.5
12752,27.06,20.7456,193.1875,60.9792,0.5766,1.0e-04,,,3.5
12753,26.87,20.6030,181.3331,59.6641,0.5671,1.0e-04,,,3.5
12754,25.67,19.6245,186.2847,61.3011,0.5674,1.0e-04,,,3.5
12755,27.96,21.5049,156.0189,59.5325,0.5831,1.0e-04,,,3.5
12756,27.49,20.7837,182.4750,64.4245,0.5776,1.0e-04,,,3.5
12757,27.14,20.5098,181.7899,57.3411,0.5826,1.0e-04,,,3.5
12758,28.05,21.3320,166.4710,60.0925,0.5757,1.0e-04,,,3.5
12759,24.63,18.0762,185.3379,54.2857,0.5762,1.0e-04,,,3.5
12760,27.65,20.7422,158.3145,63.6432,0.5722,1.0e-04,28.26,0.47,3.5
12761,26.87,20.2881,173.3986,60.6114,0.5726,1.0e-04,,,3.5
12762,26.79,19.9966,177.9877,61.2283,0.5731,1.0e-04,,,3.5
12763,28.67,21.9653,163.5100,61.1950,0.5762,1.0e-04,,,3.5
12764,27.21,20.5591,175.3616,62.0339,0.5802,1.0e-04,,,3.5
12765,26.83,20.4517,184.9794,57.7853,0.5794,1.0e-04,,,3.5
12766,27.40,20.8682,181.1356,64.3047,0.5841,1.0e-04,,,3.5
12767,26.31,19.7598,183.4818,61.3234,0.5832,1.0e-04,,,3.5
12768,26.56,20.0171,175.8675,60.9022,0.5757,1.0e-04,,,3.5
12769,27.46,20.5186,183.3512,60.7448,0.5788,1.0e-04,,,3.5
12770,27.06,20.1665,170.4666,62.2135,0.5849,1.0e-04,28.94,0.51,3.5
12771,26.28,19.7212,181.0683,61.1196,0.5807,1.0e-04,,,3.5
12772,25.89,19.3530,186.8565,56.0085,0.5803,1.0e-04,,,3.5
12773,25.87,19.3120,176.8869,58.0682,0.5839,1.0e-04,,,3.5
12774,27.18,20.6406,163.8262,60.3568,0.5799,1.0e-04,,,3.5
12775,26.77,20.2139,195.2256,62.4185,0.5746,1.0e-04,,,3.5
12776,27.05,20.3057,179.8538,62.7578,0.5707,1.0e-04,,,3.5
12777,28.02,20.9482,171.5344,60.7325,0.5829,1.0e-04,,,3.5
12778,27.16,20.3813,181.8559,62.5964,0.5870,1.0e-04,,,3.5
12779,27.44,20.4624,164.7212,62.6953,0.5822,1.0e-04,,,3.5
12780,27.61,20.6782,196.5317,63.6693,0.5786,1.0e-04,28.34,0.49,3.5
12781,26.57,20.0420,167.1354,60.6603,0.5833,1.0e-04,,,3.5
12782,27.37,20.5928,159.7710,61.3047,0.5807,1.0e-04,,,3.5
12783,27.76,20.6841,163.5033,57.0495,0.5832,1.0e-04,,,3.5
12784,27.97,20.9502,172.8372,60.2800,0.5838,1.0e-04,,,3.5
12785,26.43,19.7114,180.5090,60.3234,0.5813,1.0e-04,,,3.5
12786,26.94,19.9761,174.5263,57.5130,0.5826,1.0e-04,,,3.5
12787,26.98,19.9126,168.3245,59.6693,0.5783,1.0e-04,,,3.5
12788,26.95,19.9072,190.8907,57.0130,0.5754,1.0e-04,,,3.5
12789,27.70,20.5996,168.0454,60.9922,0.5757,1.0e-04,,,3.5
12790,25.96,19.1357,188.3246,58.5082,0.5844,1.0e-04,28.38,0.60,3.5
12791,27.04,20.0771,161.6872,63.3516,0.5732,1.0e-04,,,3.5
12792,26.77,19.7368,164.0981,60.2609,0.5792,1.0e-04,,,3.5
12793,26.38,19.2744,176.4542,60.7663,0.5713,1.0e-04,,,3.5
12794,26.98,19.7539,162.8976,59.5365,0.5630,1.0e-04,,,3.5
12795,26.75,19.6460,157.9644,60.2364,0.5716,1.0e-04,,,3.5
12796,26.35,19.6055,167.7326,60.3179,0.5782,1.0e-04,,,3.5
12797,27.18,20.4209,166.1204,64.3464,0.5757,1.0e-04,,,3.5
12798,27.77,20.8872,170.8853,66.7422,0.5783,1.0e-04,,,3.5
12799,27.35,20.5830,162.5549,60.9557,0.5794,1.0e-04,,,3.5
12800,25.85,19.1826,173.3483,59.1648,0.5842,1.0e-04,27.97,0.61,3.5
12801,28.05,20.8975,166.7332,59.6575,0.5741,1.0e-04,,,3.5
12802,26.67,19.9336,158.9601,57.4158,0.5811,1.0e-04,,,3.5
12803,27.82,20.9028,151.5128,61.4297,0.5842,1.0e-04,,,3.5
12804,26.89,20.2271,188.7879,57.0870,0.5821,1.0e-04,,,3.5
12805,27.31,20.7920,155.0451,61.0599,0.5840,1.0e-04,,,3.5
12806,27.27,20.7827,150.0291,59.6120,0.5805,1.0e-04,,,3.5
12807,27.87,21.2603,161.9243,61.8594,0.5848,1.0e-04,,,3.5
12808,25.92,19.6436,174.6867,58.2880,0.5792,1.0e-04,,,3.5
12809,26.70,20.2207,174.2550,57.8696,0.5746,1.0e-04,,,3.5
12810,27.41,20.8979,174.7028,58.1719,0.5759,1.0e-04,27.35,0.36,3.5
12811,25.51,19.5303,185.9132,56.3239,0.5678,1.0e-04,,,3.5
12812,26.73,20.6143,166.0725,61.1495,0.5638,1.0e-04,,,3.5
12813,26.61,20.2783,175.6629,59.1658,0.5824,1.0e-04,,,3.5
12814,26.55,20.1890,197.7530,66.3777,0.5730,1.0e-04,,,3.5
12815,26.65,20.3525,175.8304,61.4674,0.5761,1.0e-04,,,3.5
12816,26.83,20.8335,188.7236,64.5190,0.5590,1.0e-04,,,3.5
12817,25.87,19.7803,198.7133,66.3608,0.5646,1.0e-04,,,3.5
12818,26.26,20.1450,204.6344,58.7717,0.5651,1.0e-04,,,3.5
12819,26.87,20.4341,208.3043,59.8886,0.5731,1.0e-04,,,3.5
12820,26.51,20.0776,196.2341,66.6658,0.5682,1.0e-04,27.94,0.42,3.5
12821,27.39,20.9399,178.9566,63.7266,0.5694,1.0e-04,,,3.5
12822,27.39,20.8569,188.9449,66.9766,0.5669,1.0e-04,,,3.5
12823,26.94,20.5127,187.3537,57.8490,0.5616,1.0e-04,,,3.5
12824,27.24,21.1021,167.1201,62.4948,0.5607,1.0e-04,,,3.5
12825,26.44,20.2739,194.3314,59.9918,0.5739,1.0e-04,,,3.5
12826,26.52,20.3047,185.9439,64.5326,0.5647,1.0e-04,,,3.5
12827,25.54,19.4365,185.1114,57.8551,0.5570,1.0e-04,,,3.5
12828,27.05,20.7705,184.3537,60.0755,0.5646,1.0e-04,,,3.5
12829,26.83,20.4561,211.9571,58.9918,0.5680,1.0e-04,,,3.5
12830,27.05,20.6445,195.3767,65.6068,0.5635,1.0e-04,27.88,0.47,3.5
12831,25.61,19.1895,167.5346,57.0568,0.5745,1.0e-04,,,3.5
12832,27.68,21.0151,192.0551,60.0156,0.5703,1.0e-04,,,3.5
12833,26.85,20.5166,183.1185,58.5272,0.5673,1.0e-04,,,3.5
12834,26.57,20.1670,175.4459,60.5598,0.5785,1.0e-04,,,3.5
12835,27.79,21.2681,150.9497,61.5729,0.5740,1.0e-04,,,3.5
12836,27.44,20.9189,189.7110,59.1979,0.5752,1.0e-04,,,3.5
12837,25.95,19.5107,164.4264,56.7989,0.5831,1.0e-04,,,3.5
12838,26.72,19.8901,163.2569,60.1522,0.5761,1.0e-04,,,3.5
12839,26.41,19.8774,179.3266,57.4266,0.5837,1.0e-04,,,3.5
12840,27.14,20.2129,171.0229,61.4531,0.5748,1.0e-04,28.26,0.53,3.5
12841,27.51,20.6812,197.4040,62.5234,0.5731,1.0e-04,,,3.5
12842,26.95,20.3237,164.4266,58.7005,0.5796,1.0e-04,,,3.5
12843,27.94,21.2319,176.5252,59.9950,0.5760,1.0e-04,,,3.5
12844,26.54,19.9585,200.9323,61.8478,0.5734,1.0e-04,,,3.5
12845,26.82,20.3701,184.9348,63.0571,0.5772,1.0e-04,,,3.5
12846,26.88,20.2368,161.1982,59.0651,0.5822,1.0e-04,,,4.1
12847,26.70,19.9395,187.2462,58.1440,0.5683,1.0e-04,,,3.5
12848,27.48,21.0269,153.7468,58.1771,0.5841,1.0e-04,,,3.5
12849,27.27,20.7476,179.5637,62.4844,0.5771,1.0e-04,,,3.5
12850,26.51,20.1650,185.1181,58.0707,0.5787,1.0e-04,28.63,0.43,3.5
12851,26.80,20.3877,149.0788,57.7364,0.5772,1.0e-04,,,3.5
12852,28.27,21.8579,160.2122,62.3800,0.5666,1.0e-04,,,3.5
12853,26.01,19.8872,182.3819,59.4049,0.5702,1.0e-04,,,3.5
12854,27.34,21.1016,177.5726,60.4271,0.5589,1.0e-04,,,3.5
12855,26.73,20.6392,194.2233,55.8940,0.5578,1.0e-04,,,3.5
12856,26.44,20.3633,183.7382,56.9674,0.5686,1.0e-04,,,3.5
12857,26.26,20.2285,183.8535,62.7745,0.5682,1.0e-04,,,3.5
12858,25.80,19.7329,165.1350,57.6790,0.5742,1.0e-04,,,3.5
12859,27.15,20.9756,183.7293,59.2760,0.5659,1.0e-04,,,3.5
12860,27.43,21.1318,194.3399,63.5495,0.5719,1.0e-04,28.36,0.44,3.5
12861,26.78,20.2886,192.1449,59.8967,0.5816,1.0e-04,,,3.5
12862,26.99,20.3604,186.6135,60.8333,0.5825,1.0e-04,,,3.5
12863,25.71,19.4277,211.0626,59.8381,0.5689,1.0e-04,,,3.5
12864,26.40,20.2070,166.4540,59.4810,0.5729,1.0e-04,,,3.5
12865,28.31,21.7603,175.4232,60.2750,0.5724,1.0e-04,,,3.5
12866,27.29,20.9756,174.9977,64.9818,0.5770,1.0e-04,,,3.5
12867,27.63,21.0342,206.2966,61.2891,0.5795,1.0e-04,,,3.5
12868,26.46,20.1777,193.7593,64.2500,0.5709,1.0e-04,,,3.5
12869,27.93,21.3584,192.1626,64.2325,0.5736,1.0e-04,,,3.5
12870,27.11,20.7627,189.6268,60.2344,0.5647,1.0e-04,28.09,0.44,3.5
12871,27.95,21.3633,181.6719,61.3075,0.5799,1.0e-04,,,3.5
12872,26.63,20.0366,209.5860,62.0380,0.5758,1.0e-04,,,3.5
12873,26.59,20.0737,171.1047,60.8886,0.5771,1.0e-04,,,3.5
12874,28.11,21.4336,207.4213,66.3550,0.5788,1.0e-04,,,3.5
12875,27.32,20.8174,179.6665,62.8828,0.5782,1.0e-04,,,3.5
12876,26.82,20.4321,184.3686,60.8098,0.5684,1.0e-04,,,3.5
12877,27.20,20.5840,201.1434,62.4531,0.5721,1.0e-04,,,3.5
12878,26.94,20.3369,183.5477,64.6146,0.5759,1.0e-04,,,3.5
12879,27.60,21.1221,172.5861,61.5547,0.5727,1.0e-04,,,3.5
12880,27.38,20.9062,188.8355,60.1536,0.5800,1.0e-04,28.19,0.44,3.5
12881,25.93,19.5366,213.4656,60.0598,0.5768,1.0e-04,,,3.5
12882,27.51,21.0459,173.6300,59.1823,0.5841,1.0e-04,,,3.5
12883,29.08,22.1807,165.9498,62.6899,0.5806,1.0e-04,,,3.5
12884,27.85,21.2207,157.5545,63.9427,0.5738,1.0e-04,,,3.5
12885,26.32,20.0029,182.5699,61.6658,0.5757,1.0e-04,,,3.5
12886,26.17,19.8828,174.3255,58.1902,0.5796,1.0e-04,,,3.5
12887,27.27,20.6646,169.0383,59.2865,0.5809,1.0e-04,,,3.5
12888,27.79,21.2129,168.8533,60.3672,0.5822,1.0e-04,,,3.5
12889,26.24,19.6958,179.5553,59.8397,0.5906,1.0e-04,,,3.5
12890,27.17,20.4653,169.5698,59.5807,0.5836,1.0e-04,28.17,0.51,3.5
12891,26.91,20.1938,181.5034,61.8776,0.5905,1.0e-04,,,3.5
12892,26.07,19.7070,190.8499,59.6223,0.5799,1.0e-04,,,3.5
12893,26.39,19.9087,171.4338,61.5027,0.5741,1.0e-04,,,3.5
12894,27.18,20.7227,162.9387,63.1979,0.5752,1.0e-04,,,3.5
12895,26.33,20.1104,179.0456,60.5190,0.5752,1.0e-04,,,3.5
12896,26.28,19.8765,192.6976,61.1875,0.5751,1.0e-04,,,3.5
12897,25.61,19.0854,193.0839,59.1193,0.5801,1.0e-04,,,3.5
12898,25.87,19.4360,199.4362,65.6278,0.5801,1.0e-04,,,3.5
12899,27.82,21.1074,188.7591,62.8620,0.5808,1.0e-04,,,3.5
12900,26.15,19.6870,193.4938,62.7772,0.5778,1.0e-04,28.08,0.44,3.5
12901,27.26,20.7661,188.3925,61.4141,0.5779,1.0e-04,,,3.5
12902,26.47,20.1621,181.1959,61.6630,0.5745,1.0e-04,,,3.5
12903,26.25,19.8940,201.3100,62.8614,0.5710,1.0e-04,,,3.5
12904,27.31,20.8970,199.9795,63.7682,0.5743,1.0e-04,,,3.5
12905,26.42,20.1118,173.0782,60.0380,0.5770,1.0e-04,,,3.5
12906,25.66,19.3286,196.0132,61.1705,0.5756,1.0e-04,,,3.5
12907,26.30,19.9619,183.1839,63.5136,0.5732,1.0e-04,,,3.5
12908,27.78,21.1167,172.0395,63.6068,0.5722,1.0e-04,,,3.5
12909,27.54,21.2808,191.0711,63.0885,0.5664,1.0e-04,,,3.5
12910,28.18,21.5864,208.2704,63.8000,0.5766,1.0e-04,27.67,0.44,3.5
12911,26.02,19.7441,216.0480,68.2337,0.5717,1.0e-04,,,3.4
12912,26.18,19.8091,195.7128,60.5082,0.5738,1.0e-04,,,3.4
12913,28.41,21.7085,206.4276,64.2150,0.5754,1.0e-04,,,3.5
12914,26.61,20.2671,199.8062,61.2826,0.5646,1.0e-04,,,3.5
12915,27.40,21.0493,178.6905,61.1797,0.5735,1.0e-04,,,3.5
12916,25.23,19.0679,201.4217,58.4744,0.5711,1.0e-04,,,3.5
12917,26.71,20.5449,205.3361,63.6087,0.5675,1.0e-04,,,3.5
12918,26.53,20.4673,203.8280,58.6848,0.5586,1.0e-04,,,3.5
12919,27.99,21.8184,188.6241,62.2475,0.5594,1.0e-04,,,3.5
12920,26.83,20.8115,191.8175,61.1141,0.5633,1.0e-04,25.25,0.29,3.5
12921,27.61,21.5088,182.4019,61.5104,0.5621,1.0e-04,,,3.5
12922,27.29,21.3008,197.2803,63.0026,0.5634,1.0e-04,,,3.5
12923,26.63,20.4175,170.8556,65.6984,0.5690,1.0e-04,,,3.5
12924,27.57,21.5601,186.0185,68.5417,0.5582,1.0e-04,,,3.5
12925,27.88,21.5791,190.1937,66.8250,0.5654,1.0e-04,,,3.5
12926,26.43,20.3906,209.9646,61.8832,0.5661,1.0e-04,,,3.5
12927,24.46,18.7651,218.0947,66.0744,0.5532,1.0e-04,,,3.4
12928,25.98,20.1040,217.7824,64.5734,0.5433,1.0e-04,,,3.5
12929,25.99,19.9121,175.3204,60.5462,0.5606,1.0e-04,,,3.5
12930,27.12,20.9302,203.5431,65.9531,0.5663,1.0e-04,25.24,0.27,3.5
12931,27.41,21.4888,207.9621,59.4896,0.5489,1.0e-04,,,3.5
12932,25.92,19.9180,210.4337,59.1196,0.5558,1.0e-04,,,3.5
12933,27.40,21.2671,191.2303,63.8984,0.5573,1.0e-04,,,3.5
12934,27.37,21.2002,198.3474,65.0885,0.5693,1.0e-04,,,3.5
12935,28.15,21.8223,196.0817,64.0750,0.5573,1.0e-04,,,3.5
12936,26.28,20.4580,215.9901,65.1386,0.5558,1.0e-04,,,3.5
12937,28.42,22.2119,205.8273,65.1425,0.5619,1.0e-04,,,3.5
12938,26.32,20.2944,206.3011,61.7228,0.5656,1.0e-04,,,3.5
12939,27.07,20.8252,204.9481,66.7135,0.5648,1.0e-04,,,3.5
12940,26.32,20.2095,203.0988,66.9076,0.5669,1.0e-04,26.59,0.33,3.5
12941,27.35,21.1899,193.4899,65.1667,0.5605,1.0e-04,,,3.5
12942,26.94,20.8218,200.5038,63.5208,0.5534,1.0e-04,,,3.5
12943,26.38,20.2290,212.6728,66.2935,0.5597,1.0e-04,,,3.4
12944,26.82,20.7671,217.0340,60.8777,0.5613,1.0e-04,,,3.4
12945,26.63,20.3179,206.4026,61.1549,0.5642,1.0e-04,,,3.5
12946,28.33,21.6133,194.9726,64.3125,0.5724,1.0e-04,,,3.5
12947,29.02,22.4844,178.1842,60.1442,0.5622,1.0e-04,,,3.5
12948,26.00,19.6606,177.5164,60.5082,0.5763,1.0e-04,,,3.5
12949,26.93,20.3730,222.1850,63.2663,0.5670,1.0e-04,,,3.5
12950,26.64,19.9434,177.5172,58.9810,0.5709,1.0e-04,28.10,0.53,3.5
12951,27.16,20.3896,183.5616,60.2865,0.5729,1.0e-04,,,3.5
12952,25.57,19.0337,194.0299,61.6278,0.5763,1.0e-04,,,3.5
12953,27.90,21.2383,177.0264,57.9479,0.5747,1.0e-04,,,3.5
12954,27.54,20.8354,179.7672,60.8568,0.5736,1.0e-04,,,3.5
12955,26.89,20.4072,171.0232,58.8750,0.5734,1.0e-04,,,3.5
12956,26.31,19.7783,168.1136,62.2935,0.5798,1.0e-04,,,3.5
12957,26.54,20.0195,181.8604,61.1196,0.5793,1.0e-04,,,3.5
12958,25.53,18.9570,204.3352,59.0398,0.5801,1.0e-04,,,3.5
12959,27.00,20.2256,177.7518,62.7578,0.5805,1.0e-04,,,3.5
12960,26.62,19.8394,199.8694,62.2337,0.5815,1.0e-04,27.58,0.45,3.5
12961,27.15,20.6426,203.4605,63.9167,0.5792,1.0e-04,,,3.5
12962,28.09,21.4141,185.8680,63.2375,0.5827,1.0e-04,,,3.5
12963,27.47,20.8223,183.5622,67.7734,0.5705,1.0e-04,,,3.5
12964,27.77,20.9775,198.7318,65.9583,0.5819,1.0e-04,,,3.5
12965,26.86,20.1084,201.3272,60.8098,0.5778,1.0e-04,,,3.5
12966,28.44,21.3262,195.6667,66.8125,0.5755,1.0e-04,,,3.5
12967,27.09,20.0596,179.8279,61.8646,0.5724,1.0e-04,,,3.5
12968,26.36,19.6284,211.6655,59.7935,0.5702,1.0e-04,,,3.5
12969,28.17,21.2534,201.7584,64.9550,0.5746,1.0e-04,,,3.5
12970,27.85,21.2095,196.3716,62.9896,0.5750,1.0e-04,28.12,0.54,3.5
12971,27.04,20.2686,173.3476,63.5521,0.5687,1.0e-04,,,3.5
12972,27.02,20.3501,183.0119,66.0625,0.5716,1.0e-04,,,3.5
12973,26.36,19.8584,206.9713,65.6957,0.5772,1.0e-04,,,3.5
12974,26.23,19.8750,204.7664,66.5082,0.5707,1.0e-04,,,3.5
12975,25.95,19.6118,206.3759,64.5489,0.5705,1.0e-04,,,3.5
12976,27.48,21.0757,221.3014,65.8620,0.5657,1.0e-04,,,3.5
12977,27.08,20.9424,196.9626,64.6120,0.5623,1.0e-04,,,3.5
12978,27.79,21.4517,210.7514,63.5573,0.5686,1.0e-04,,,3.5
12979,28.02,21.4722,180.6886,63.7350,0.5791,1.0e-04,,,3.5
12980,26.99,20.5479,205.1974,63.2760,0.5693,1.0e-04,27.98,0.41,3.5
12981,26.96,20.5571,171.2402,62.2943,0.5722,1.0e-04,,,3.5
12982,26.93,20.4565,191.4511,61.0677,0.5689,1.0e-04,,,3.4
12983,27.93,21.3872,182.6449,66.8050,0.5755,1.0e-04,,,3.5
12984,26.90,20.5322,190.0174,63.5543,0.5640,1.0e-04,,,3.5
12985,27.13,20.7603,186.4248,60.3880,0.5703,1.0e-04,,,3.5
12986,28.64,21.9961,177.0430,67.9500,0.5697,1.0e-04,,,3.5
12987,26.36,19.8228,184.4979,61.1304,0.5755,1.0e-04,,,3.5
12988,26.51,20.1685,200.2496,59.6386,0.5765,1.0e-04,,,3.5
12989,26.55,20.2192,177.5621,59.6929,0.5762,1.0e-04,,,3.5
12990,27.18,20.5776,210.8447,60.8984,0.5750,1.0e-04,27.74,0.39,3.5
12991,27.17,20.7876,209.4555,59.8333,0.5778,1.0e-04,,,3.5
12992,25.94,19.8101,198.0042,61.4348,0.5757,1.0e-04,,,3.5
12993,26.45,20.0967,199.3476,56.0380,0.5767,1.0e-04,,,3.5
12994,26.62,20.2012,183.5133,61.5516,0.5830,1.0e-04,,,3.5
12995,25.25,18.9165,182.7911,58.3295,0.5862,1.0e-04,,,3.5
12996,27.86,21.3188,178.1236,59.9036,0.5812,1.0e-04,,,3.5
12997,26.43,20.1411,195.5058,60.6386,0.5728,1.0e-04,,,3.5
12998,27.02,20.6899,197.4485,58.9661,0.5807,1.0e-04,,,3.5
12999,26.36,20.1626,160.6141,58.2391,0.5754,1.0e-04,,,3.4
13000,27.51,21.0571,178.9653,58.7005,0.5741,1.0e-04,27.29,0.32,3.5
13001,27.64,21.4351,170.1730,60.6458,0.5647,1.0e-04,,,3.5
13002,26.92,20.7764,178.2043,57.9349,0.5717,1.0e-04,,,3.5
13003,25.96,19.9570,182.6508,56.7228,0.5712,1.0e-04,,,3.5
13004,26.32,20.2485,178.8565,58.1902,0.5698,1.0e-04,,,3.5
13005,27.15,20.8828,184.7436,63.0391,0.5682,1.0e-04,,,3.5
13006,26.09,20.0771,186.2745,59.3723,0.5643,1.0e-04,,,3.4
13007,28.19,21.7285,166.9547,64.4475,0.5763,1.0e-04,,,3.5
13008,26.16,19.8452,182.4236,57.6250,0.5748,1.0e-04,,,3.4
13009,26.15,19.7925,167.0635,59.9538,0.5769,1.0e-04,,,3.4
13010,27.87,21.5928,172.0361,63.2396,0.5688,1.0e-04,27.21,0.29,3.4
13011,28.01,21.7607,174.7280,64.0550,0.5705,1.0e-04,,,3.5
13012,26.43,20.3848,180.4116,58.5299,0.5686,1.0e-04,,,3.4
13013,25.91,19.7661,182.8997,58.0435,0.5662,1.0e-04,,,3.4
13014,26.71,20.4863,177.5698,61.5217,0.5714,1.0e-04,,,3.4
13015,26.94,20.4116,169.3503,59.9010,0.5748,1.0e-04,,,3.4
13016,26.07,19.7100,170.9162,59.1984,0.5767,1.0e-04,,,3.4
13017,25.65,19.1729,173.0674,52.7472,0.5804,1.0e-04,,,3.4
13018,26.77,20.0947,161.3157,54.5870,0.5780,1.0e-04,,,3.4
13019,27.06,20.4199,150.9154,59.5859,0.5817,1.0e-04,,,3.4
13020,27.06,20.4312,162.2965,56.7578,0.5859,1.0e-04,28.08,0.57,3.4
13021,27.85,20.8037,155.7152,60.7526,0.5819,1.0e-04,,,3.4
13022,28.03,21.3271,178.7775,60.4900,0.5741,1.0e-04,,,3.5
13023,27.65,20.8525,162.2363,60.4427,0.5805,1.0e-04,,,3.4
13024,28.06,21.4487,180.3469,62.0375,0.5703,1.0e-04,,,3.5
13025,27.23,20.7627,170.6502,60.9661,0.5691,1.0e-04,,,3.4
13026,28.86,22.1270,172.9297,57.5850,0.5791,1.0e-04,,,3.5
13027,27.91,21.4541,168.3431,61.0573,0.5787,1.0e-04,,,3.5
13028,27.20,20.7637,161.2727,61.4583,0.5796,1.0e-04,,,3.4
13029,26.99,20.5005,181.5896,59.4583,0.5769,1.0e-04,,,3.4
13030,26.08,19.5269,176.3621,57.2636,0.5776,1.0e-04,27.63,0.39,3.4
13031,27.35,20.8687,181.9084,57.9740,0.5822,1.0e-04,,,3.4
13032,26.26,19.9697,172.2006,54.6658,0.5802,1.0e-04,,,3.4
13033,25.99,19.8330,166.7366,56.6658,0.5757,1.0e-04,,,3.4
13034,27.34,21.0098,194.3942,59.7578,0.5736,1.0e-04,,,3.4
13035,25.75,19.6670,183.5111,61.9119,0.5757,1.0e-04,,,3.4
13036,27.58,21.3462,174.8203,59.7057,0.5652,1.0e-04,,,3.4
13037,26.83,20.6382,177.1938,59.2283,0.5738,1.0e-04,,,3.4
13038,27.46,21.3003,166.5676,59.8385,0.5766,1.0e-04,,,3.4
13039,25.81,19.9009,177.3845,56.6733,0.5592,1.0e-04,,,3.4
13040,25.99,20.0190,181.7160,59.6821,0.5727,1.0e-04,27.50,0.33,3.4
13041,25.29,19.2764,167.2383,58.5000,0.5657,1.0e-04,,,3.4
13042,26.94,20.7646,194.0909,60.7865,0.5747,1.0e-04,,,3.4
13043,26.71,20.5542,185.1452,57.8342,0.5750,1.0e-04,,,3.4
13044,26.97,20.7324,195.0373,61.0677,0.5779,1.0e-04,,,3.4
13045,27.31,21.0332,196.1603,59.9844,0.5666,1.0e-04,,,3.4
13046,28.08,21.7627,168.1658,61.9700,0.5684,1.0e-04,,,3.5
13047,26.61,20.4312,168.7883,59.3342,0.5737,1.0e-04,,,3.4
13048,27.54,21.1606,187.0562,57.2917,0.5761,1.0e-04,,,3.4
13049,27.51,21.1802,175.6877,58.0052,0.5674,1.0e-04,,,3.4
13050,26.15,20.0547,173.1013,61.1332,0.5784,1.0e-04,27.71,0.39,3.5
13051,27.35,20.9258,183.2520,61.0260,0.5787,1.0e-04,,,3.5
13052,26.52,20.0757,174.3385,58.7364,0.5814,1.0e-04,,,3.5
13053,27.76,21.2192,169.5565,62.4141,0.5790,1.0e-04,,,3.5
13054,27.54,20.7427,162.4237,59.3958,0.5849,1.0e-04,,,3.5
13055,27.54,20.5674,164.7539,58.8438,0.5852,1.0e-04,,,3.5
13056,26.76,19.8120,181.0237,59.0625,0.5816,1.0e-04,,,3.5
13057,27.48,20.6118,162.0467,60.8672,0.5787,1.0e-04,,,3.5
13058,25.32,18.9038,180.8168,62.0142,0.5804,1.0e-04,,,3.5
13059,26.96,20.1909,177.1287,61.6510,0.5757,1.0e-04,,,3.5
13060,27.11,20.1802,178.9271,62.7109,0.5754,1.0e-04,27.53,0.56,3.5
13061,26.24,19.5332,170.4104,60.3668,0.5800,1.0e-04,,,3.5
13062,27.24,20.5024,186.4370,59.5182,0.5796,1.0e-04,,,3.5
13063,27.13,20.5439,177.9737,61.8151,0.5845,1.0e-04,,,3.5
13064,26.85,20.0000,161.6199,58.6984,0.5823,1.0e-04,,,3.5
13065,25.87,19.2319,165.0172,57.1875,0.5836,1.0e-04,,,3.5
13066,27.90,21.0762,176.7718,57.7344,0.5874,1.0e-04,,,3.5
13067,25.95,19.3530,164.5084,58.5951,0.5868,1.0e-04,,,3.5
13068,26.14,19.5537,184.5730,57.1712,0.5879,1.0e-04,,,3.5
13069,26.25,19.7119,167.9472,59.0027,0.5798,1.0e-04,,,3.5
13070,27.14,20.4038,163.6763,56.3802,0.5813,1.0e-04,28.11,0.45,3.5
13071,25.89,19.4761,166.3661,57.2120,0.5821,1.0e-04,,,3.5
13072,27.38,20.8804,165.9766,58.2995,0.5781,1.0e-04,,,3.5
13073,27.09,20.5864,174.1605,61.3854,0.5846,1.0e-04,,,3.5
13074,26.57,20.2651,174.7809,60.2418,0.5734,1.0e-04,,,3.5
13075,27.62,21.1230,187.8125,58.9453,0.5850,1.0e-04,,,3.5
13076,27.55,21.0327,164.4055,59.5104,0.5814,1.0e-04,,,3.5
13077,27.72,21.3682,168.9827,60.8672,0.5822,1.0e-04,,,3.5
13078,27.30,20.9233,169.3575,61.2057,0.5720,1.0e-04,,,3.5
13079,26.14,19.7808,176.1589,63.6087,0.5785,1.0e-04,,,3.5
13080,26.41,20.2246,187.3344,62.3995,0.5718,1.0e-04,28.18,0.44,3.5
13081,26.04,19.7710,191.5496,62.6223,0.5682,1.0e-04,,,3.5
13082,27.55,21.1113,173.0951,59.6406,0.5735,1.0e-04,,,3.5
13083,27.78,21.2993,177.8350,58.5182,0.5731,1.0e-04,,,3.5
13084,26.39,20.0010,176.3305,62.4674,0.5703,1.0e-04,,,3.5
13085,26.54,20.3828,191.0813,62.5598,0.5727,1.0e-04,,,3.5
13086,26.99,20.6274,192.9649,57.6771,0.5794,1.0e-04,,,3.5
13087,26.03,19.6841,170.5788,58.3125,0.5849,1.0e-04,,,3.5
13088,25.79,19.7788,173.3779,51.0426,0.5782,1.0e-04,,,3.5
13089,26.15,19.9380,158.3004,55.8560,0.5705,1.0e-04,,,3.5
13090,28.24,21.6182,154.9449,59.5975,0.5743,1.0e-04,28.39,0.51,3.5
13091,26.82,20.1235,161.5525,54.8315,0.5729,1.0e-04,,,3.5
13092,27.18,20.2246,184.7254,55.3750,0.5829,1.0e-04,,,3.5
13093,29.21,22.1001,145.6209,56.8654,0.5801,1.0e-04,,,3.5
13094,27.00,20.2983,142.2878,58.0365,0.5846,1.0e-04,,,3.5
13095,25.63,19.0420,148.2972,54.9261,0.5884,1.0e-04,,,3.5
13096,25.92,19.3906,150.6587,54.6739,0.5805,1.0e-04,,,3.5
13097,27.76,20.9658,152.6200,54.9896,0.5806,1.0e-04,,,3.5
13098,26.22,19.7041,159.6451,54.7989,0.5849,1.0e-04,,,3.5
13099,26.69,20.1807,168.0054,56.8207,0.5829,1.0e-04,,,3.5
13100,27.29,21.0649,160.9224,54.0833,0.5801,1.0e-04,26.75,0.31,3.5
13101,25.65,19.6973,157.1738,54.0114,0.5798,1.0e-04,,,3.5
13102,26.75,20.6416,152.6591,55.9891,0.5735,1.0e-04,,,3.5
13103,27.82,21.4009,153.0358,60.4922,0.5767,1.0e-04,,,3.5
13104,26.62,20.5547,179.0457,58.0842,0.5696,1.0e-04,,,3.5
13105,28.08,21.6885,163.8474,59.5250,0.5819,1.0e-04,,,3.5
13106,27.06,20.7065,157.9554,62.1094,0.5807,1.0e-04,,,3.5
13107,28.13,21.8164,173.2795,60.1725,0.5712,1.0e-04,,,3.5
13108,27.48,21.0195,178.6247,61.8203,0.5746,1.0e-04,,,3.5
13109,26.35,20.2324,202.5430,57.0408,0.5630,1.0e-04,,,3.5
13110,27.86,21.6641,188.3516,59.3984,0.5747,1.0e-04,27.24,0.42,3.5
13111,26.29,19.9424,170.4081,55.0842,0.5748,1.0e-04,,,3.5
13112,26.52,20.2080,156.5042,53.4837,0.5735,1.0e-04,,,3.5
13113,25.81,19.7158,175.5119,55.7131,0.5639,1.0e-04,,,3.5
13114,26.91,20.6846,165.7002,55.9427,0.5631,1.0e-04,,,3.5
13115,25.72,19.4863,173.2303,55.7273,0.5703,1.0e-04,,,3.5
13116,27.43,21.0322,164.8554,62.1016,0.5718,1.0e-04,,,3.5
13117,28.41,21.7451,167.7595,59.2050,0.5733,1.0e-04,,,3.5
13118,27.12,20.7461,170.4210,57.6797,0.5713,1.0e-04,,,3.5
13119,26.25,19.7822,167.8355,56.6848,0.5778,1.0e-04,,,3.5
13120,25.02,18.5728,170.2832,58.4602,0.5810,1.0e-04,27.70,0.45,3.5
13121,26.80,20.3179,174.1969,57.4511,0.5786,1.0e-04,,,3.5
13122,26.71,20.4546,165.2876,56.9728,0.5682,1.0e-04,,,3.5
13123,28.30,21.9141,148.0862,61.0250,0.5778,1.0e-04,,,3.5
13124,27.13,20.7109,159.2370,54.9271,0.5756,1.0e-04,,,3.5
13125,27.83,21.1572,180.5839,61.3880,0.5756,1.0e-04,,,3.5
13126,25.12,18.9385,169.8282,61.1562,0.5749,1.0e-04,,,3.5
13127,26.29,19.9258,177.8375,60.2391,0.5735,1.0e-04,,,3.5
13128,28.13,21.5229,168.8695,62.6200,0.5784,1.0e-04,,,3.5
13129,26.10,19.7007,167.6784,59.1005,0.5767,1.0e-04,,,3.5
13130,27.36,20.7729,171.4852,62.6615,0.5776,1.0e-04,28.13,0.43,3.5
13131,27.07,20.6255,172.0316,57.2083,0.5814,1.0e-04,,,3.5
13132,27.93,21.3438,162.9747,55.3700,0.5782,1.0e-04,,,3.5
13133,26.84,20.4990,168.0980,60.7228,0.5810,1.0e-04,,,3.5
13134,27.57,21.0781,194.4220,59.4583,0.5721,1.0e-04,,,3.5
13135,27.42,20.7627,164.5648,59.8385,0.5754,1.0e-04,,,3.5
13136,25.61,19.3433,164.0134,60.5824,0.5806,1.0e-04,,,3.5
13137,26.82,20.3774,185.1855,58.1467,0.5691,1.0e-04,,,3.5
13138,26.63,20.1211,173.5279,57.9212,0.5840,1.0e-04,,,3.5
13139,26.38,19.9453,167.9600,54.9647,0.5817,1.0e-04,,,3.5
13140,26.39,20.1084,168.2367,55.1250,0.5815,1.0e-04,27.83,0.43,3.5
13141,26.78,20.3682,193.2089,57.6304,0.5723,1.0e-04,,,3.5
13142,27.38,20.9731,166.8915,59.8932,0.5785,1.0e-04,,,3.5
13143,26.23,19.7837,180.9462,57.7908,0.5814,1.0e-04,,,3.4
13144,27.01,20.5898,178.6437,60.5391,0.5744,1.0e-04,,,3.5
13145,26.25,19.6162,193.1767,62.4620,0.5721,1.0e-04,,,3.4
13146,27.26,20.5186,182.3960,62.0573,0.5745,1.0e-04,,,3.5
13147,27.62,21.1992,182.2233,60.7891,0.5661,1.0e-04,,,3.5
13148,27.76,21.5454,167.7806,61.4844,0.5646,1.0e-04,,,3.5
13149,27.02,20.5698,188.1366,66.0781,0.5756,1.0e-04,,,3.5
13150,26.11,19.7861,179.6192,58.7446,0.5735,1.0e-04,28.33,0.47,3.5
13151,26.50,19.9629,197.0425,65.2582,0.5756,1.0e-04,,,3.4
13152,27.62,21.0908,187.2651,63.9688,0.5822,1.0e-04,,,3.4
13153,26.89,20.1343,182.8680,61.4857,0.5762,1.0e-04,,,3.4
13154,27.39,20.7959,181.6708,59.4271,0.5804,1.0e-04,,,3.5
13155,25.58,19.2178,209.2604,60.9347,0.5812,1.0e-04,,,3.4
13156,27.12,20.6611,186.5017,56.9766,0.5774,1.0e-04,,,3.4
13157,26.51,20.1919,204.8003,56.5788,0.5735,1.0e-04,,,3.4
13158,27.39,20.8130,155.9942,53.0964,0.5884,1.0e-04,,,3.6
13159,26.83,20.5610,173.8045,58.1223,0.5715,1.0e-04,,,3.5
13160,27.26,21.2036,169.2555,53.0938,0.5683,1.0e-04,27.24,0.34,3.5
13161,26.49,20.3926,172.2935,59.0462,0.5734,1.0e-04,,,3.5
13162,25.80,19.7017,183.0043,62.6932,0.5807,1.0e-04,,,3.5
13163,25.96,19.9546,181.8001,62.3478,0.5698,1.0e-04,,,3.5
13164,28.17,21.9624,171.2266,61.1800,0.5640,1.0e-04,,,3.5
13165,27.20,21.0869,203.2974,58.9818,0.5550,1.0e-04,,,3.4
13166,26.17,20.0762,175.9161,55.8886,0.5651,1.0e-04,,,3.4
13167,25.77,19.8940,179.1074,61.8580,0.5518,1.0e-04,,,3.4
13168,27.19,21.1528,179.7888,60.9115,0.5546,1.0e-04,,,3.4
13169,26.40,20.1450,181.9212,63.7011,0.5637,1.0e-04,,,3.4
13170,27.87,21.4902,195.5387,62.2370,0.5597,1.0e-04,27.64,0.35,3.4
13171,26.40,20.1133,180.3742,63.7310,0.5660,1.0e-04,,,3.5
13172,28.71,22.3276,190.7655,65.7175,0.5583,1.0e-04,,,3.5
13173,26.18,20.1494,192.0852,59.7799,0.5596,1.0e-04,,,3.5
13174,27.36,21.1348,196.3661,64.2578,0.5480,1.0e-04,,,3.5
13175,27.43,21.3145,184.0387,65.6406,0.5504,1.0e-04,,,3.5
13176,26.67,20.5454,189.1889,61.9755,0.5644,1.0e-04,,,3.5
13177,27.08,21.0664,176.6084,64.7005,0.5567,1.0e-04,,,3.5
13178,27.66,21.5190,180.3239,62.5156,0.5539,1.0e-04,,,3.5
13179,27.12,21.0972,201.3133,61.3698,0.5563,1.0e-04,,,3.5
13180,27.43,21.3442,171.4962,62.5312,0.5450,1.0e-04,26.78,0.30,3.5
13181,26.69,20.7271,176.0950,61.7717,0.5527,1.0e-04,,,3.5
13182,27.53,21.3677,191.9377,63.9453,0.5507,1.0e-04,,,3.5
13183,25.94,19.7705,174.6129,57.7745,0.5696,1.0e-04,,,3.5
13184,25.98,19.6421,175.0447,58.6060,0.5668,1.0e-04,,,3.5
13185,27.48,20.9648,196.4564,59.2292,0.5679,1.0e-04,,,3.5
13186,27.33,21.0029,201.7877,61.5234,0.5552,1.0e-04,,,3.5
13187,26.49,20.4570,186.9612,62.5109,0.5521,1.0e-04,,,3.5
13188,26.77,20.5562,196.0970,58.9511,0.5679,1.0e-04,,,3.5
13189,26.96,20.7246,171.9954,59.6042,0.5697,1.0e-04,,,3.5
13190,27.34,20.8848,184.1690,65.1953,0.5743,1.0e-04,27.60,0.38,3.5
13191,27.28,20.8823,182.3352,58.8125,0.5728,1.0e-04,,,3.5
13192,26.37,20.1558,191.3659,61.8614,0.5689,1.0e-04,,,3.5
13193,27.03,20.8916,207.2842,59.4635,0.5512,1.0e-04,,,3.5
13194,27.43,21.4268,194.4689,59.9245,0.5393,1.0e-04,,,3.5
13195,26.48,20.4053,181.2705,61.5707,0.5551,1.0e-04,,,3.5
13196,27.24,20.9097,175.6294,57.1120,0.5621,1.0e-04,,,3.5
13197,26.99,20.8242,176.1351,57.1042,0.5605,1.0e-04,,,3.5
13198,26.80,20.5283,154.5978,57.5924,0.5652,1.0e-04,,,3.5
13199,26.92,20.7822,177.3948,60.0182,0.5618,1.0e-04,,,3.5
13200,27.41,21.1567,165.4548,54.3151,0.5634,1.0e-04,27.40,0.41,3.5
13201,26.49,20.1572,191.8686,57.4728,0.5683,1.0e-04,,,3.5
13202,28.25,21.6001,193.4390,61.4000,0.5665,1.0e-04,,,3.5
13203,27.76,21.4648,172.5615,62.0000,0.5620,1.0e-04,,,3.5
13204,26.74,20.4917,180.3530,61.7880,0.5618,1.0e-04,,,3.5
13205,26.39,20.4678,198.3245,62.7826,0.5453,1.0e-04,,,3.5
13206,26.87,21.0547,170.7430,60.6929,0.5334,1.0e-04,,,3.5
13207,27.03,21.0098,206.6987,63.4219,0.5465,1.0e-04,,,3.5
13208,25.57,19.4902,203.6026,59.2131,0.5569,1.0e-04,,,3.5
13209,26.21,20.0869,191.7892,62.2935,0.5523,1.0e-04,,,3.5
13210,27.00,20.9858,185.9499,66.3411,0.5571,1.0e-04,26.98,0.35,3.5
13211,26.84,20.5903,171.8030,66.7989,0.5624,1.0e-04,,,3.5
13212,27.25,20.8760,181.6620,61.5052,0.5632,1.0e-04,,,3.5
13213,27.19,21.0693,203.5542,63.8021,0.5544,1.0e-04,,,3.5
13214,27.28,21.0737,202.1213,63.8906,0.5541,1.0e-04,,,3.5
13215,27.54,21.2749,166.4932,60.4323,0.5519,1.0e-04,,,3.5
13216,27.92,21.4951,202.8076,68.8450,0.5569,1.0e-04,,,3.5
13217,26.89,20.7593,197.0541,60.8370,0.5494,1.0e-04,,,3.5
13218,26.60,20.3555,167.0513,62.3016,0.5657,1.0e-04,,,3.5
13219,26.30,20.1572,220.5140,62.4239,0.5629,1.0e-04,,,3.5
13220,28.31,21.6416,183.3302,63.3600,0.5695,1.0e-04,27.37,0.39,3.5
13221,27.41,21.0317,207.5218,65.5833,0.5703,1.0e-04,,,3.5
13222,27.30,20.7969,176.4863,59.6823,0.5795,1.0e-04,,,3.5
13223,27.90,21.2964,171.8962,61.3828,0.5742,1.0e-04,,,3.5
13224,26.45,19.9097,169.7805,58.5761,0.5681,1.0e-04,,,3.5
13225,25.58,18.9185,197.7266,58.1250,0.5670,1.0e-04,,,3.5
13226,25.86,19.3438,184.4769,56.0204,0.5613,1.0e-04,,,3.5
13227,27.33,20.7852,166.3055,63.4141,0.5735,1.0e-04,,,3.5
13228,26.82,20.1479,185.8321,62.1984,0.5640,1.0e-04,,,3.5
13229,28.21,21.4438,174.5271,62.1975,0.5704,1.0e-04,,,3.5
13230,27.06,20.5352,189.3311,61.5391,0.5758,1.0e-04,27.84,0.45,3.5
13231,27.97,21.3633,189.1519,59.3400,0.5678,1.0e-04,,,3.5
13232,26.81,20.3184,182.9856,58.9022,0.5708,1.0e-04,,,3.5
13233,27.47,20.9541,174.0468,57.9948,0.5732,1.0e-04,,,3.5
13234,27.34,20.9141,178.0628,61.0391,0.5724,1.0e-04,,,3.5
13235,26.82,20.4390,163.5441,60.0707,0.5696,1.0e-04,,,3.5
13236,27.50,20.9863,173.7914,63.8854,0.5670,1.0e-04,,,3.5
13237,27.37,20.6504,171.2461,55.0469,0.5690,1.0e-04,,,3.5
13238,27.50,20.7856,176.4899,60.1641,0.5759,1.0e-04,,,3.5
13239,26.96,20.3462,191.2720,64.4115,0.5748,1.0e-04,,,3.5
13240,26.41,20.0210,188.4978,60.7745,0.5604,1.0e-04,27.76,0.44,3.5
13241,27.86,21.2754,167.0989,58.2630,0.5781,1.0e-04,,,3.5
13242,28.60,21.9019,175.1752,63.5250,0.5704,1.0e-04,,,3.5
13243,27.48,20.9980,193.0239,61.3464,0.5635,1.0e-04,,,3.4
13244,27.34,21.0371,169.4136,65.0599,0.5640,1.0e-04,,,3.4
13245,26.95,20.7651,189.8147,59.5391,0.5634,1.0e-04,,,3.4
13246,28.23,21.8047,172.4679,64.3025,0.5653,1.0e-04,,,3.5
13247,26.24,20.1089,178.7991,62.5353,0.5551,1.0e-04,,,3.4
13248,26.20,20.0850,169.2019,61.1848,0.5651,1.0e-04,,,3.4
13249,27.56,21.1675,165.6119,59.3672,0.5744,1.0e-04,,,3.4
13250,26.80,20.5210,195.4475,62.6549,0.5608,1.0e-04,26.99,0.37,3.4
13251,26.16,20.0181,186.1922,59.2582,0.5716,1.0e-04,,,3.5
13252,26.47,20.3164,184.0414,59.0109,0.5719,1.0e-04,,,3.5
13253,27.48,21.0952,191.1352,56.2865,0.5764,1.0e-04,,,3.5
13254,27.32,20.7920,173.9230,59.6510,0.5750,1.0e-04,,,3.5
13255,27.49,21.0566,168.6292,61.5286,0.5741,1.0e-04,,,3.5
13256,26.60,20.0186,190.8565,62.1060,0.5700,1.0e-04,,,3.5
13257,27.50,20.8521,152.0184,59.6250,0.5751,1.0e-04,,,3.5
13258,25.95,19.4746,187.1003,60.6685,0.5756,1.0e-04,,,3.5
13259,28.09,21.4478,158.1860,62.2775,0.5776,1.0e-04,,,3.5
13260,27.48,20.8105,182.1560,61.6198,0.5809,1.0e-04,28.09,0.49,3.5
13261,27.59,20.8950,170.3010,63.5417,0.5835,1.0e-04,,,3.5
13262,26.96,20.3955,179.1268,59.7031,0.5862,1.0e-04,,,3.5
13263,25.89,19.3730,182.5216,60.5114,0.5788,1.0e-04,,,3.5
13264,27.84,20.8975,172.1728,61.0443,0.5797,1.0e-04,,,3.5
13265,25.14,18.6909,164.0190,55.0483,0.5807,1.0e-04,,,3.5
13266,27.08,20.3867,179.4390,60.1120,0.5818,1.0e-04,,,3.5
13267,27.12,20.6504,184.4361,61.2344,0.5883,1.0e-04,,,3.5
13268,27.58,21.1392,167.1804,58.9531,0.5766,1.0e-04,,,3.5
13269,27.39,20.9712,189.3349,58.3828,0.5752,1.0e-04,,,3.5
13270,27.31,21.0127,161.7253,60.8516,0.5698,1.0e-04,27.22,0.36,3.5
13271,27.83,21.5474,171.0421,59.8333,0.5767,1.0e-04,,,3.5
13272,27.76,21.1440,170.7893,64.4479,0.5800,1.0e-04,,,3.5
13273,26.94,20.5977,187.9900,63.9974,0.5754,1.0e-04,,,3.5
13274,26.27,20.0503,184.2804,61.5543,0.5698,1.0e-04,,,3.5
13275,27.43,21.2256,194.6294,63.4115,0.5665,1.0e-04,,,3.5
13276,25.03,19.1050,195.6533,60.0426,0.5679,1.0e-04,,,3.5
13277,26.11,19.9326,218.6083,59.8505,0.5643,1.0e-04,,,3.5
13278,27.14,20.9346,187.5058,60.1953,0.5684,1.0e-04,,,3.5
13279,26.94,20.5059,184.9424,61.7161,0.5735,1.0e-04,,,3.5
13280,26.96,20.6221,178.7467,60.0469,0.5691,1.0e-04,27.78,0.42,3.5
13281,26.82,20.4761,174.0428,64.7500,0.5683,1.0e-04,,,3.5
13282,28.26,21.7690,182.6185,63.8700,0.5636,1.0e-04,,,3.5
13283,27.22,20.6274,186.7061,61.6172,0.5683,1.0e-04,,,3.5
13284,27.44,20.9004,173.4198,62.2292,0.5664,1.0e-04,,,3.5
13285,27.79,21.1836,196.9153,63.5130,0.5694,1.0e-04,,,3.5
13286,27.75,21.2856,201.0252,63.8333,0.5669,1.0e-04,,,3.5
13287,27.59,21.0640,194.9915,64.5677,0.5669,1.0e-04,,,3.5
13288,26.56,20.0142,177.3149,62.0679,0.5671,1.0e-04,,,3.5
13289,26.25,19.5742,166.0476,59.4130,0.5733,1.0e-04,,,3.5
13290,26.73,20.1953,217.8809,61.7473,0.5717,1.0e-04,27.89,0.50,3.4
13291,25.56,19.0557,198.4394,61.6818,0.5712,1.0e-04,,,3.5
13292,27.91,21.4019,197.1512,62.2750,0.5629,1.0e-04,,,3.5
13293,27.46,20.9731,190.8015,61.9479,0.5684,1.0e-04,,,3.5
13294,26.32,19.6860,207.7637,62.4457,0.5743,1.0e-04,,,3.5
13295,26.33,19.8125,174.5551,57.6005,0.5719,1.0e-04,,,3.5
13296,25.52,19.2026,168.7168,57.5881,0.5763,1.0e-04,,,3.4
13297,26.01,19.6826,198.8140,58.7826,0.5688,1.0e-04,,,3.5
13298,27.92,21.4746,172.5813,61.7525,0.5709,1.0e-04,,,3.5
13299,27.36,20.9878,199.2584,62.2656,0.5680,1.0e-04,,,3.5
13300,26.45,20.3965,199.9610,65.7283,0.5563,1.0e-04,27.56,0.36,3.5
13301,27.46,21.1235,177.4157,59.0521,0.5612,1.0e-04,,,3.5
13302,27.86,21.7051,203.5059,62.9427,0.5551,1.0e-04,,,3.5
13303,26.51,20.4985,177.3897,58.3995,0.5572,1.0e-04,,,3.5
13304,26.05,20.0571,180.8121,59.4511,0.5579,1.0e-04,,,3.5
13305,27.51,21.3057,199.8552,62.7604,0.5571,1.0e-04,,,3.5
13306,26.30,20.1279,195.6223,63.1739,0.5659,1.0e-04,,,3.4
13307,26.97,20.7803,193.0657,59.5312,0.5539,1.0e-04,,,3.5
13308,28.12,21.8540,166.1493,61.3500,0.5631,1.0e-04,,,3.5
13309,27.48,21.0239,188.5290,63.6276,0.5649,1.0e-04,,,3.5
13310,26.53,20.2803,192.5579,59.8288,0.5574,1.0e-04,27.40,0.34,3.5
13311,27.00,20.8140,198.2099,57.7969,0.5608,1.0e-04,,,3.5
13312,28.95,22.5112,175.7470,64.8510,0.5628,1.0e-04,,,3.5
13313,26.71,20.6997,183.5408,59.4701,0.5597,1.0e-04,,,3.5
13314,26.94,20.6646,184.1150,61.5078,0.5577,1.0e-04,,,3.5
13315,27.68,21.3013,201.6771,60.6146,0.5615,1.0e-04,,,3.5
13316,27.42,20.9116,170.4819,59.5312,0.5622,1.0e-04,,,3.5
13317,27.05,20.8315,197.4899,60.0052,0.5587,1.0e-04,,,3.5
13318,26.50,20.2808,182.6994,60.2853,0.5628,1.0e-04,,,3.5
13319,26.99,20.6680,189.9528,61.6979,0.5597,1.0e-04,,,3.5
13320,24.81,18.7354,179.1895,63.9018,0.5741,1.0e-04,28.00,0.44,3.5
13321,26.21,19.7759,192.1912,60.8913,0.5683,1.0e-04,,,3.5
13322,25.79,19.6069,184.1178,60.1534,0.5629,1.0e-04,,,3.5
13323,26.09,19.7729,186.2992,63.1332,0.5742,1.0e-04,,,3.5
13324,26.98,20.5645,174.3404,63.1745,0.5613,1.0e-04,,,3.5
13325,25.58,19.5039,219.7801,64.8665,0.5663,1.0e-04,,,3.4
13326,27.40,20.9585,190.9815,65.5026,0.5713,1.0e-04,,,3.5
13327,26.67,20.3496,187.4135,62.4891,0.5757,1.0e-04,,,3.4
13328,25.84,19.4448,194.6116,60.6080,0.5768,1.0e-04,,,3.4
13329,27.00,20.3306,174.7125,63.1276,0.5737,1.0e-04,,,3.5
13330,27.65,21.1465,195.1022,60.8542,0.5611,1.0e-04,26.90,0.36,3.5
13331,25.62,19.5674,190.9496,63.5852,0.5713,1.0e-04,,,3.5
13332,26.40,20.2026,201.0929,60.8179,0.5666,1.0e-04,,,3.5
13333,25.94,19.8560,201.0856,61.3152,0.5630,1.0e-04,,,3.5
13334,25.83,19.5293,168.1474,59.6534,0.5805,1.0e-04,,,3.5
13335,26.79,20.0894,195.5678,56.9375,0.5739,1.0e-04,,,3.4
13336,26.49,19.8169,184.6694,61.8397,0.5787,1.0e-04,,,3.5
13337,27.37,20.5200,180.8318,62.0859,0.5745,1.0e-04,,,3.5
13338,26.05,19.2363,180.7516,55.8234,0.5789,1.0e-04,,,3.5
13339,26.03,19.0718,170.6834,56.5136,0.5775,1.0e-04,,,3.5
13340,27.80,20.6406,177.0488,58.6693,0.5781,1.0e-04,28.10,0.55,3.5
13341,26.55,19.7808,159.6521,57.5761,0.5813,1.0e-04,,,3.4
13342,26.29,19.6934,163.4267,57.1712,0.5794,1.0e-04,,,3.5
13343,26.02,19.7183,169.0903,58.9565,0.5778,1.0e-04,,,3.5
13344,26.67,20.2080,172.4557,58.9185,0.5772,1.0e-04,,,3.5
13345,26.50,20.1099,188.6960,62.6005,0.5740,1.0e-04,,,3.4
13346,25.85,19.4873,176.8471,61.5455,0.5716,1.0e-04,,,3.5
13347,27.60,21.0298,169.0066,62.9635,0.5706,1.0e-04,,,3.5
13348,28.30,21.6265,177.3946,57.7325,0.5721,1.0e-04,,,3.5
13349,27.36,20.9287,192.3244,61.9688,0.5619,1.0e-04,,,3.5
13350,25.77,19.4067,174.4700,58.9460,0.5780,1.0e-04,27.57,0.48,3.5
13351,27.51,20.9077,166.0399,60.8151,0.5759,1.0e-04,,,3.5
13352,27.83,21.0317,185.5241,58.7578,0.5723,1.0e-04,,,3.5
13353,27.73,20.8257,182.7595,58.8281,0.5759,1.0e-04,,,3.5
13354,27.34,20.6211,169.8333,62.6849,0.5766,1.0e-04,,,3.5
13355,27.13,20.6914,185.0569,60.9479,0.5771,1.0e-04,,,3.5
13356,25.91,19.7373,185.1415,58.5082,0.5669,1.0e-04,,,3.5
13357,27.36,20.7739,169.8472,59.3776,0.5791,1.0e-04,,,3.5
13358,26.38,19.8457,173.8640,58.8370,0.5746,1.0e-04,,,3.5
13359,27.90,21.2593,152.6834,58.6172,0.5658,1.0e-04,,,3.5
13360,26.38,19.9648,167.2702,59.5598,0.5694,1.0e-04,27.86,0.41,3.5
13361,28.35,21.8613,188.1559,62.4075,0.5666,1.0e-04,,,3.5
13362,26.62,20.2510,183.8648,59.7255,0.5703,1.0e-04,,,3.5
13363,27.22,20.8677,169.6910,61.2682,0.5717,1.0e-04,,,3.5
13364,26.44,20.1362,197.2117,59.6685,0.5691,1.0e-04,,,3.5
13365,26.77,20.3120,185.1418,62.1250,0.5653,1.0e-04,,,3.5
13366,26.90,20.5425,186.3030,60.1094,0.5736,1.0e-04,,,3.5
13367,25.40,19.1543,187.5995,60.8324,0.5706,1.0e-04,,,3.5
13368,27.16,20.7256,185.6466,67.5677,0.5656,1.0e-04,,,3.5
13369,26.32,19.8892,187.4025,59.4049,0.5703,1.0e-04,,,3.5
13370,26.51,20.3389,168.9577,55.7473,0.5694,1.0e-04,27.30,0.36,3.5
13371,26.55,20.4004,175.6717,58.5380,0.5607,1.0e-04,,,3.5
13372,25.65,19.5161,205.9765,62.8153,0.5651,1.0e-04,,,3.5
13373,25.07,19.0747,209.7701,64.1562,0.5719,1.0e-04,,,3.5
13374,26.20,19.8359,185.5526,63.7527,0.5728,1.0e-04,,,3.5
13375,27.61,21.0449,185.0503,64.3490,0.5690,1.0e-04,,,3.5
13376,25.79,19.4692,213.9735,60.6477,0.5698,1.0e-04,,,3.5
13377,25.58,19.1099,209.9412,61.5312,0.5739,1.0e-04,,,3.5
13378,27.41,20.7261,173.2776,60.8385,0.5806,1.0e-04,,,3.5
13379,27.01,20.1929,184.6100,60.2578,0.5777,1.0e-04,,,3.5
13380,27.49,20.5596,168.1592,59.5260,0.5808,1.0e-04,28.22,0.55,3.5
13381,26.93,20.0532,191.1938,62.4349,0.5754,1.0e-04,,,3.5
13382,26.14,19.5610,197.6614,59.0489,0.5805,1.0e-04,,,3.5
13383,27.30,20.6606,162.9560,60.1068,0.5766,1.0e-04,,,3.5
13384,25.74,19.3501,166.9285,56.3381,0.5777,1.0e-04,,,3.5
13385,27.79,21.1855,175.9243,62.2865,0.5707,1.0e-04,,,3.5
13386,27.38,20.9902,188.7481,64.0573,0.5680,1.0e-04,,,3.5
13387,27.17,20.6167,195.0327,64.2266,0.5689,1.0e-04,,,3.5
13388,27.22,20.6372,174.1422,61.4583,0.5755,1.0e-04,,,3.5
13389,26.52,20.2593,203.7720,62.1875,0.5631,1.0e-04,,,3.5
13390,26.96,20.7695,199.7130,67.0547,0.5598,1.0e-04,27.04,0.37,3.5
13391,27.04,20.7397,200.8178,61.3203,0.5643,1.0e-04,,,3.5
13392,28.21,21.4897,187.5965,63.6050,0.5678,1.0e-04,,,3.5
13393,27.66,21.1206,194.3969,62.1302,0.5660,1.0e-04,,,3.5
13394,27.21,20.8818,192.2846,62.3021,0.5660,1.0e-04,,,3.5
13395,26.37,20.0488,183.1543,58.2418,0.5791,1.0e-04,,,3.5
13396,26.96,20.4082,186.7001,61.0859,0.5687,1.0e-04,,,3.5
13397,27.12,20.8730,187.8397,64.0911,0.5731,1.0e-04,,,3.5
13398,27.22,20.9233,171.2879,59.5182,0.5742,1.0e-04,,,3.5
13399,26.93,20.7183,181.8923,57.2891,0.5647,1.0e-04,,,3.5
13400,26.88,20.5537,183.3062,63.0729,0.5737,1.0e-04,27.19,0.36,3.5
13401,27.04,20.7695,198.6094,60.0417,0.5787,1.0e-04,,,3.5
13402,26.33,20.2285,191.9256,59.5353,0.5578,1.0e-04,,,3.5
13403,27.01,20.7607,189.8750,63.4062,0.5659,1.0e-04,,,3.5
13404,26.95,20.8291,204.3425,60.7188,0.5577,1.0e-04,,,3.5
13405,25.55,19.7524,194.8410,57.0455,0.5539,1.0e-04,,,3.5
13406,27.60,21.4053,206.3903,66.6120,0.5599,1.0e-04,,,3.5
13407,27.32,21.1841,184.2202,61.8177,0.5670,1.0e-04,,,3.5
13408,27.35,21.3076,173.1715,67.6198,0.5557,1.0e-04,,,3.5
13409,27.77,21.8784,192.3256,66.6875,0.5453,1.0e-04,,,3.5
13410,27.15,21.1938,210.6736,61.5182,0.5445,1.0e-04,26.72,0.29,3.5
13411,26.53,20.5728,228.4377,62.1630,0.5493,1.0e-04,,,3.5
13412,26.92,20.8599,189.3410,58.1732,0.5557,1.0e-04,,,3.5
13413,27.51,21.4287,183.9134,61.6510,0.5582,1.0e-04,,,3.5
13414,27.48,21.3457,196.2048,66.8672,0.5544,1.0e-04,,,3.5
13415,26.90,20.6699,206.3531,65.6328,0.5573,1.0e-04,,,3.5
13416,27.02,20.8335,187.6952,66.8359,0.5559,1.0e-04,,,3.5
13417,26.42,20.2212,188.1494,61.4701,0.5601,1.0e-04,,,3.5
13418,26.47,20.2773,211.5094,63.9484,0.5632,1.0e-04,,,3.5
13419,27.11,20.7617,189.4339,63.3021,0.5667,1.0e-04,,,3.5
13420,27.58,21.1787,201.2756,61.8464,0.5765,1.0e-04,27.40,0.37,3.5
13421,27.53,21.1562,195.8847,61.9036,0.5673,1.0e-04,,,3.5
13422,27.23,20.9067,198.3251,63.0859,0.5692,1.0e-04,,,3.5
13423,27.21,20.7065,208.5600,65.1901,0.5670,1.0e-04,,,3.5
13424,26.52,20.2725,209.9142,59.5870,0.5677,1.0e-04,,,3.5
13425,27.90,21.2534,198.9596,63.9531,0.5721,1.0e-04,,,3.5
13426,26.90,20.3555,180.8026,60.4647,0.5694,1.0e-04,,,3.5
13427,26.98,20.4038,184.1077,63.6901,0.5687,1.0e-04,,,3.5
13428,26.49,20.0195,194.9439,63.6060,0.5685,1.0e-04,,,3.5
13429,28.17,21.5767,197.1999,66.8575,0.5620,1.0e-04,,,3.5
13430,26.59,20.1763,207.9137,60.9076,0.5674,1.0e-04,28.03,0.46,3.5
13431,27.58,21.0303,178.9160,59.5677,0.5707,1.0e-04,,,3.5
13432,27.58,21.0669,170.8036,58.3828,0.5708,1.0e-04,,,3.5
13433,26.76,20.4883,178.7358,60.0163,0.5665,1.0e-04,,,3.5
13434,26.93,20.5957,158.2634,58.4219,0.5683,1.0e-04,,,3.5
13435,27.25,20.6992,176.3478,52.9323,0.5746,1.0e-04,,,3.5
13436,26.93,20.3066,170.7661,53.1849,0.5722,1.0e-04,,,3.5
13437,29.58,22.7769,160.9526,61.5048,0.5712,1.0e-04,,,3.5
13438,27.46,21.0225,171.5996,60.1484,0.5733,1.0e-04,,,3.5
13439,27.77,21.1841,167.8887,59.7214,0.5738,1.0e-04,,,3.5
13440,27.59,20.9033,157.9463,57.5417,0.5769,1.0e-04,28.05,0.48,3.5
13441,26.33,19.8804,185.7284,61.6793,0.5756,1.0e-04,,,3.5
13442,26.97,20.4419,167.9599,58.5365,0.5751,1.0e-04,,,3.5
13443,26.85,20.3408,183.5070,58.9266,0.5797,1.0e-04,,,3.5
13444,26.70,20.3193,194.8751,55.5462,0.5781,1.0e-04,,,3.5
13445,27.67,21.0190,186.0349,62.3724,0.5896,1.0e-04,,,3.5
13446,27.29,20.6992,159.2243,64.9661,0.5818,1.0e-04,,,3.5
13447,27.69,21.2109,170.8999,64.2578,0.5775,1.0e-04,,,3.5
13448,27.79,21.4380,210.2607,62.2422,0.5746,1.0e-04,,,3.5
13449,25.90,19.9287,198.1877,59.3913,0.5646,1.0e-04,,,3.4
13450,25.79,19.8174,185.4453,57.9773,0.5613,1.0e-04,27.15,0.37,3.4
13451,28.12,21.6987,196.5148,63.1325,0.5732,1.0e-04,,,3.5
13452,26.73,20.3223,156.1375,60.0136,0.5814,1.0e-04,,,3.5
13453,26.75,20.4810,170.9232,60.8179,0.5691,1.0e-04,,,3.4
13454,27.23,21.0044,184.9244,60.8281,0.5573,1.0e-04,,,3.5
13455,27.21,21.1294,168.3203,61.3359,0.5644,1.0e-04,,,3.5
13456,27.17,21.0781,182.3256,60.8490,0.5484,1.0e-04,,,3.5
13457,27.15,21.0273,182.9832,61.0260,0.5544,1.0e-04,,,3.5
13458,27.16,21.0288,181.4902,61.0677,0.5551,1.0e-04,,,3.5
13459,27.75,21.3423,178.3846,60.5573,0.5743,1.0e-04,,,3.5
13460,26.55,20.2495,176.7562,60.9728,0.5654,1.0e-04,27.34,0.33,3.4
13461,27.62,21.3726,192.8810,61.8516,0.5634,1.0e-04,,,3.8
13462,27.43,21.1392,188.2282,55.7734,0.5738,1.0e-04,,,3.5
13463,26.36,20.2676,169.9693,61.0543,0.5708,1.0e-04,,,3.4
13464,26.92,20.7314,180.2542,64.5547,0.5671,1.0e-04,,,3.5
13465,26.93,20.9800,197.4002,61.1589,0.5556,1.0e-04,,,3.5
13466,26.52,20.6494,174.8616,62.3967,0.5436,1.0e-04,,,3.5
13467,26.25,20.5132,188.7562,58.1087,0.5448,1.0e-04,,,3.5
13468,26.21,20.3135,190.4986,58.5380,0.5521,1.0e-04,,,3.5
13469,27.23,21.0967,183.4431,61.4688,0.5492,1.0e-04,,,3.5
13470,27.26,21.0698,181.7910,61.3724,0.5570,1.0e-04,27.42,0.34,3.5
13471,27.56,21.3623,188.1879,61.4661,0.5535,1.0e-04,,,3.5
13472,25.76,19.5459,202.7696,56.5227,0.5589,1.0e-04,,,3.4
13473,26.51,20.5059,178.0135,62.3505,0.5626,1.0e-04,,,3.4
13474,26.19,20.2666,187.1411,61.3152,0.5536,1.0e-04,,,3.5
13475,26.36,20.4243,184.4178,60.0163,0.5459,1.0e-04,,,3.5
13476,26.29,20.2803,188.7962,59.6359,0.5538,1.0e-04,,,3.4
13477,26.80,20.5864,175.3047,60.9538,0.5604,1.0e-04,,,3.5
13478,25.58,19.5068,183.5049,59.4176,0.5556,1.0e-04,,,3.5
13479,25.49,19.4395,181.0808,58.4176,0.5606,1.0e-04,,,3.5
13480,27.71,21.3286,169.6530,56.8203,0.5561,1.0e-04,27.64,0.39,3.5
13481,26.86,20.7056,194.3249,64.4239,0.5487,1.0e-04,,,3.5
13482,26.67,20.3730,195.1254,63.0380,0.5497,1.0e-04,,,3.5
13483,27.18,20.7134,184.6753,59.8880,0.5512,1.0e-04,,,3.5
13484,27.09,20.7539,186.2429,61.8646,0.5561,1.0e-04,,,3.5
13485,27.72,21.1509,177.9900,62.0469,0.5614,1.0e-04,,,3.5
13486,27.01,20.7607,173.2359,61.6589,0.5555,1.0e-04,,,3.5
13487,27.49,21.1157,172.9080,62.9036,0.5574,1.0e-04,,,3.5
13488,27.12,20.9844,210.0068,60.3854,0.5500,1.0e-04,,,3.5
13489,25.94,20.0996,204.2212,56.7147,0.5439,1.0e-04,,,3.5
13490,27.22,20.8970,190.0478,59.0703,0.5506,1.0e-04,27.53,0.40,3.5
13491,26.48,20.2437,170.8563,59.1576,0.5592,1.0e-04,,,3.5
13492,27.79,21.4805,195.4137,59.2318,0.5518,1.0e-04,,,3.5
13493,27.48,21.2939,172.7483,60.9635,0.5558,1.0e-04,,,3.5
13494,26.26,20.1587,172.4783,60.7636,0.5584,1.0e-04,,,3.5
13495,27.21,20.8574,185.8200,59.3880,0.5614,1.0e-04,,,3.5
13496,26.60,20.0093,192.3846,57.7473,0.5678,1.0e-04,,,3.5
13497,27.51,21.1001,182.5293,63.8099,0.5564,1.0e-04,,,3.5
13498,27.30,20.8501,167.8147,58.4505,0.5575,1.0e-04,,,3.5
13499,28.30,21.7451,182.0583,62.1350,0.5646,1.0e-04,,,3.5
13500,27.06,20.7563,210.6272,66.9661,0.5579,1.0e-04,27.35,0.35,3.5
13501,27.28,20.9878,182.5657,58.4609,0.5597,1.0e-04,,,3.5
13502,27.86,21.6353,182.2043,57.5521,0.5597,1.0e-04,,,3.5
13503,27.40,21.2231,186.5465,61.8385,0.5600,1.0e-04,,,3.5
13504,27.05,20.8945,172.1369,56.5026,0.5656,1.0e-04,,,3.5
13505,27.49,21.3154,156.4181,61.3906,0.5666,1.0e-04,,,3.5
13506,26.48,20.3701,183.8594,63.5652,0.5613,1.0e-04,,,3.5
13507,27.77,21.3740,179.0813,60.2865,0.5647,1.0e-04,,,3.5
13508,25.25,19.1689,166.3247,57.9347,0.5634,1.0e-04,,,3.5
13509,27.29,20.9072,183.5533,61.3828,0.5675,1.0e-04,,,3.5
13510,26.93,20.6509,173.6158,57.6060,0.5681,1.0e-04,27.66,0.39,3.5
13511,27.28,20.9507,176.6768,65.7318,0.5675,1.0e-04,,,3.5
13512,27.72,21.1680,168.2115,60.0469,0.5749,1.0e-04,,,3.5
13513,28.56,21.9917,181.4277,62.0950,0.5691,1.0e-04,,,3.5
13514,27.67,21.3877,190.3941,61.0495,0.5638,1.0e-04,,,3.5
13515,26.94,20.6753,171.6952,63.2552,0.5571,1.0e-04,,,3.5
13516,28.33,22.0059,161.5746,61.7500,0.5579,1.0e-04,,,3.5
13517,24.94,19.1172,182.7037,61.0483,0.5583,1.0e-04,,,3.5
13518,26.55,20.5864,165.0601,63.2826,0.5627,1.0e-04,,,3.5
13519,26.07,20.2505,197.0135,58.9538,0.5337,1.0e-04,,,3.5
13520,26.62,20.8691,183.1644,57.9076,0.5324,1.0e-04,25.92,0.29,3.5
13521,26.59,20.6572,188.9013,62.7446,0.5440,1.0e-04,,,3.5
13522,26.50,20.5684,207.5390,63.3424,0.5416,1.0e-04,,,3.5
13523,26.99,21.0332,195.0001,58.2448,0.5487,1.0e-04,,,3.5
13524,25.51,19.6309,184.9210,54.2358,0.5571,1.0e-04,,,3.5
13525,26.97,21.0996,166.2054,54.2552,0.5482,1.0e-04,,,3.5
13526,25.40,19.6689,183.4720,58.0938,0.5424,1.0e-04,,,3.4
13527,27.55,21.6279,164.2005,57.0833,0.5468,1.0e-04,,,3.5
13528,27.43,21.2949,171.1694,61.7969,0.5546,1.0e-04,,,3.5
13529,26.34,20.5962,165.0735,60.0109,0.5456,1.0e-04,,,3.5
13530,26.57,20.6538,190.9179,58.9511,0.5517,1.0e-04,27.33,0.38,3.5
13531,26.70,20.4165,154.9057,57.0109,0.5567,1.0e-04,,,3.5
13532,27.93,21.6099,162.2017,60.5525,0.5602,1.0e-04,,,3.5
13533,26.75,20.3818,166.9551,58.8451,0.5602,1.0e-04,,,3.5
13534,27.13,20.6094,171.0442,62.1875,0.5650,1.0e-04,,,3.5
13535,26.80,20.3262,180.3406,59.2038,0.5615,1.0e-04,,,3.5
13536,27.80,21.1284,166.4391,59.0781,0.5698,1.0e-04,,,3.5
13537,26.73,20.2930,167.0867,54.2962,0.5588,1.0e-04,,,3.4
13538,27.25,20.6538,177.2309,56.4531,0.5656,1.0e-04,,,3.5
13539,27.17,20.7104,163.2943,57.7760,0.5689,1.0e-04,,,3.5
13540,26.73,20.2539,179.9540,62.3315,0.5633,1.0e-04,27.96,0.46,3.5
13541,27.16,20.6299,186.3581,59.7604,0.5592,1.0e-04,,,3.5
13542,26.76,20.0811,181.2662,60.8940,0.5573,1.0e-04,,,3.5
13543,27.12,20.4067,181.1540,59.6667,0.5621,1.0e-04,,,3.5
13544,27.92,21.0474,165.4433,61.1000,0.5679,1.0e-04,,,3.5
13545,27.09,20.3989,153.8224,61.3932,0.5733,1.0e-04,,,3.5
13546,28.81,22.1064,183.3059,62.5850,0.5695,1.0e-04,,,3.5
13547,28.50,21.9941,189.9834,62.9775,0.5613,1.0e-04,,,3.5
13548,27.99,21.3672,176.8620,60.3750,0.5673,1.0e-04,,,3.5
13549,27.41,20.9170,182.5000,63.0677,0.5627,1.0e-04,,,3.5
13550,27.98,21.5552,187.1259,63.0400,0.5596,1.0e-04,27.53,0.36,3.5
13551,26.25,20.1035,190.3283,60.8342,0.5539,1.0e-04,,,3.5
13552,26.22,20.1660,178.6075,58.4429,0.5630,1.0e-04,,,3.5
13553,26.59,20.6719,195.9164,61.5190,0.5419,1.0e-04,,,3.5
13554,25.75,19.7666,172.6943,55.3125,0.5643,1.0e-04,,,3.4
13555,26.41,20.3242,173.1795,58.7120,0.5616,1.0e-04,,,3.4
13556,27.43,21.2852,167.0030,58.7448,0.5541,1.0e-04,,,3.5
13557,27.35,21.3340,162.8482,57.1641,0.5546,1.0e-04,,,3.5
13558,26.12,20.2495,188.3735,58.9620,0.5289,1.0e-04,,,3.5
13559,26.85,20.7612,169.4428,58.4728,0.5496,1.0e-04,,,3.5
13560,26.94,20.6880,170.3708,56.3984,0.5549,1.0e-04,27.11,0.38,3.5
13561,26.58,20.4336,157.5306,57.5190,0.5501,1.0e-04,,,3.4
13562,26.44,20.1816,163.1997,56.8261,0.5690,1.0e-04,,,3.4
13563,27.35,21.1572,158.8192,56.9479,0.5611,1.0e-04,,,3.5
13564,26.65,20.4312,161.7619,57.8261,0.5516,1.0e-04,,,3.4
13565,28.99,22.2173,161.4380,58.9519,0.5650,1.0e-04,,,3.5
13566,28.41,21.5820,170.7255,60.7750,0.5580,1.0e-04,,,3.5
13567,26.71,20.0366,170.0372,58.2527,0.5645,1.0e-04,,,3.5
13568,28.74,21.9834,162.3566,59.0825,0.5641,1.0e-04,,,3.5
13569,26.77,20.0850,169.1319,57.8016,0.5652,1.0e-04,,,3.5
13570,27.47,20.7061,169.9191,55.1042,0.5653,1.0e-04,28.31,0.52,3.5
13571,27.52,20.6426,157.9675,58.4688,0.5708,1.0e-04,,,3.5
13572,27.53,20.7505,174.0767,59.4688,0.5639,1.0e-04,,,3.5
13573,26.64,20.0688,162.3831,58.9321,0.5637,1.0e-04,,,3.5
13574,26.70,20.0161,164.7817,55.4918,0.5631,1.0e-04,,,3.5
13575,28.79,22.0620,171.0434,57.3800,0.5600,1.0e-04,,,3.5
13576,27.09,20.5933,154.0979,60.0911,0.5643,1.0e-04,,,3.5
13577,26.46,20.0840,185.8615,54.0217,0.5594,1.0e-04,,,3.5
13578,27.92,21.2896,169.3433,57.0400,0.5611,1.0e-04,,,3.5
13579,26.99,20.4722,157.2975,61.6562,0.5615,1.0e-04,,,3.5
13580,26.62,20.4141,153.4066,58.0136,0.5686,1.0e-04,27.57,0.42,3.5
13581,25.90,19.7109,187.8841,60.1848,0.5628,1.0e-04,,,3.5
13582,27.25,20.7739,174.2217,59.0156,0.5608,1.0e-04,,,3.5
13583,29.46,22.5649,175.4090,59.4712,0.5637,1.0e-04,,,3.5
13584,27.25,20.6968,181.1252,57.2370,0.5627,1.0e-04,,,3.5
13585,27.12,20.8398,174.3120,61.6224,0.5592,1.0e-04,,,3.5
13586,27.73,21.1772,180.9420,62.8255,0.5535,1.0e-04,,,3.5
13587,27.44,20.9121,196.1251,64.2682,0.5586,1.0e-04,,,3.5
13588,27.72,20.9316,179.0331,67.6901,0.5615,1.0e-04,,,3.5
13589,27.08,20.4639,176.4575,62.9531,0.5667,1.0e-04,,,3.5
13590,28.13,21.3286,207.1133,63.2450,0.5626,1.0e-04,28.18,0.48,3.5
13591,27.55,20.8735,210.9347,63.1927,0.5642,1.0e-04,,,3.5
13592,28.79,21.9644,183.8210,65.7875,0.5601,1.0e-04,,,3.5
13593,27.67,20.9106,194.9346,63.5599,0.5603,1.0e-04,,,3.5
13594,26.81,20.2119,190.9976,60.8397,0.5658,1.0e-04,,,3.5
13595,25.93,19.4448,188.2173,63.9402,0.5582,1.0e-04,,,3.5
13596,26.56,19.9395,183.5702,57.3505,0.5631,1.0e-04,,,3.5
13597,27.05,20.3110,171.6344,61.3385,0.5639,1.0e-04,,,3.5
13598,26.90,20.0693,172.0781,58.4401,0.5723,1.0e-04,,,3.5
13599,27.19,20.6855,177.1155,56.5938,0.5584,1.0e-04,,,3.5
13600,27.32,20.7856,186.9922,60.9974,0.5685,1.0e-04,27.94,0.44,3.5
13601,25.93,19.5752,185.0078,58.3397,0.5630,1.0e-04,,,3.5
13602,28.01,21.4800,185.6560,62.8100,0.5584,1.0e-04,,,3.5
13603,27.06,20.6211,184.5971,66.2474,0.5645,1.0e-04,,,3.5
13604,27.14,20.6001,197.7480,65.5000,0.5599,1.0e-04,,,3.5
13605,27.64,21.1504,205.4317,64.4792,0.5555,1.0e-04,,,3.5
13606,26.52,20.0083,216.2422,59.9158,0.5656,1.0e-04,,,3.5
13607,27.85,20.8481,199.1522,60.8177,0.5618,1.0e-04,,,3.5
13608,27.54,20.4863,218.6403,59.9557,0.5595,1.0e-04,,,3.5
13609,27.61,20.6836,166.8995,64.6250,0.5556,1.0e-04,,,3.5
13610,27.79,20.9385,187.3919,63.1875,0.5654,1.0e-04,28.36,0.55,3.5
13611,26.99,20.1558,208.0602,67.3021,0.5620,1.0e-04,,,3.5
13612,25.35,18.6055,176.2357,58.9318,0.5672,1.0e-04,,,3.5
13613,26.49,19.6978,189.5687,60.3370,0.5673,1.0e-04,,,3.5
13614,27.13,20.2754,161.7081,57.5781,0.5735,1.0e-04,,,3.5
13615,27.53,20.6758,154.5953,56.7474,0.5706,1.0e-04,,,3.5
13616,27.36,20.3843,153.4000,59.3333,0.5719,1.0e-04,,,3.5
13617,27.20,20.4033,174.0803,59.7865,0.5682,1.0e-04,,,3.5
13618,26.14,19.7788,185.1781,65.5815,0.5554,1.0e-04,,,3.5
13619,27.22,20.8145,181.8467,62.7083,0.5646,1.0e-04,,,3.5
13620,28.57,22.0127,174.5280,62.9500,0.5570,1.0e-04,27.96,0.44,3.5
13621,26.73,20.3218,166.6673,60.0951,0.5623,1.0e-04,,,3.4
13622,28.15,21.4014,160.0958,63.0350,0.5609,1.0e-04,,,3.5
13623,26.60,19.9429,162.5106,60.6875,0.5747,1.0e-04,,,3.4
13624,26.63,19.8179,183.0187,62.3261,0.5702,1.0e-04,,,3.4
13625,26.57,19.8203,190.5284,59.1005,0.5640,1.0e-04,,,3.4
13626,27.24,20.4087,180.2802,59.8776,0.5760,1.0e-04,,,3.5
13627,27.62,20.8848,173.4058,60.5260,0.5796,1.0e-04,,,3.5
13628,28.23,21.5894,186.0610,61.7950,0.5674,1.0e-04,,,3.5
13629,26.75,20.2417,174.9365,61.7391,0.5739,1.0e-04,,,3.5
13630,27.22,20.7192,172.7557,59.3984,0.5666,1.0e-04,28.25,0.45,3.5
13631,27.35,20.7573,164.6143,64.6849,0.5715,1.0e-04,,,3.5
13632,28.21,21.4639,186.4367,60.9250,0.5720,1.0e-04,,,3.5
13633,28.00,21.2031,167.8904,61.6150,0.5728,1.0e-04,,,3.5
13634,26.07,19.5156,177.6165,57.7147,0.5715,1.0e-04,,,3.4
13635,27.34,20.6323,196.6551,60.9948,0.5728,1.0e-04,,,3.5
13636,27.06,20.3350,176.8237,65.7396,0.5742,1.0e-04,,,3.5
13637,27.16,20.4761,175.1011,59.9609,0.5771,1.0e-04,,,3.5
13638,27.10,20.5801,166.1279,60.8021,0.5696,1.0e-04,,,3.5
13639,26.58,20.1587,169.4037,60.1196,0.5705,1.0e-04,,,3.5
13640,26.57,20.0762,192.1702,59.7554,0.5672,1.0e-04,27.95,0.40,3.5
13641,26.81,20.4829,178.0511,59.2989,0.5650,1.0e-04,,,3.5
13642,26.96,20.7300,177.2050,59.0573,0.5583,1.0e-04,,,3.5
13643,26.68,20.4551,201.9059,63.9728,0.5623,1.0e-04,,,3.5
13644,26.54,19.9990,189.7743,59.8614,0.5743,1.0e-04,,,3.5
13645,26.72,20.2319,163.4667,62.3043,0.5716,1.0e-04,,,3.5
13646,27.48,20.7637,168.7353,60.6589,0.5818,1.0e-04,,,3.5
13647,26.61,20.0117,171.9550,60.0217,0.5779,1.0e-04,,,3.5
13648,26.65,20.2642,172.9339,57.5734,0.5764,1.0e-04,,,3.5
13649,28.41,21.9990,182.2455,54.9850,0.5700,1.0e-04,,,3.5
13650,27.28,20.6548,172.9969,63.4740,0.5791,1.0e-04,27.93,0.45,3.5
13651,27.41,20.9175,176.0359,61.8698,0.5719,1.0e-04,,,3.5
13652,27.14,20.4082,182.4100,57.8984,0.5847,1.0e-04,,,3.5
13653,27.92,21.3647,186.0381,65.0050,0.5660,1.0e-04,,,3.5
13654,26.41,19.9575,188.3346,59.3207,0.5748,1.0e-04,,,3.5
13655,27.41,20.7837,168.6792,61.9505,0.5741,1.0e-04,,,4.5
13656,27.20,20.6416,174.1397,60.4688,0.5669,1.0e-04,,,3.9
13657,27.57,20.9146,177.9468,57.6536,0.5705,1.0e-04,,,3.5
13658,26.63,20.2627,162.2871,58.8451,0.5685,1.0e-04,,,3.5
13659,26.17,19.7803,169.0852,64.8614,0.5708,1.0e-04,,,3.5
13660,25.96,19.5576,165.6370,58.7120,0.5713,1.0e-04,27.59,0.41,3.5
13661,27.83,21.4263,179.8482,62.1901,0.5695,1.0e-04,,,3.5
13662,27.18,20.9341,192.8488,67.3542,0.5677,1.0e-04,,,3.5
13663,26.87,20.6040,200.0752,64.3832,0.5587,1.0e-04,,,3.5
13664,27.47,21.2754,188.0875,64.6276,0.5624,1.0e-04,,,3.5
13665,26.04,20.0747,193.5205,59.8424,0.5537,1.0e-04,,,3.5
13666,26.37,20.3433,206.0179,59.5054,0.5603,1.0e-04,,,3.5
13667,24.31,18.5820,205.0205,58.9911,0.5575,1.0e-04,,,3.5
13668,28.02,21.9849,187.1617,61.0550,0.5462,1.0e-04,,,3.5
13669,26.50,20.6611,181.6512,57.0027,0.5550,1.0e-04,,,3.5
13670,26.57,20.6548,171.8027,57.4864,0.5422,1.0e-04,26.38,0.32,3.5
13671,26.10,20.1562,185.2695,54.8777,0.5584,1.0e-04,,,3.5
13672,26.15,20.0366,166.5717,53.5245,0.5608,1.0e-04,,,3.5
13673,26.58,20.3691,165.0422,58.9538,0.5704,1.0e-04,,,3.5
13674,27.02,20.8716,189.2381,59.5156,0.5601,1.0e-04,,,3.5
13675,26.59,20.3706,182.0246,58.7962,0.5671,1.0e-04,,,3.5
13676,27.51,21.1318,181.9400,61.3776,0.5686,1.0e-04,,,3.5
13677,27.46,21.0205,167.1679,61.4922,0.5724,1.0e-04,,,3.5
13678,27.13,21.0005,182.5128,60.5365,0.5524,1.0e-04,,,3.5
13679,27.16,20.9810,195.5728,61.6354,0.5466,1.0e-04,,,3.5
13680,27.76,21.5269,170.4900,65.5599,0.5495,1.0e-04,26.04,0.28,3.5
13681,26.85,20.9717,177.3646,62.2962,0.5440,1.0e-04,,,3.5
13682,28.12,22.0454,197.5862,61.7300,0.5470,1.0e-04,,,3.5
13683,28.19,21.8457,179.8770,62.3850,0.5639,1.0e-04,,,3.5
13684,27.62,21.5356,192.7448,60.1875,0.5498,1.0e-04,,,3.5
13685,26.94,20.8618,197.1980,61.7943,0.5520,1.0e-04,,,3.5
13686,26.53,20.7231,202.5921,61.9511,0.5403,1.0e-04,,,3.5
13687,25.81,19.8799,207.5690,61.9631,0.5374,1.0e-04,,,3.5
13688,26.67,20.4688,217.6229,62.9837,0.5509,1.0e-04,,,3.5
13689,27.81,21.4692,196.4288,63.3906,0.5494,1.0e-04,,,3.5
13690,26.48,20.2979,192.9125,64.9647,0.5572,1.0e-04,27.20,0.36,3.5
13691,27.23,20.9839,209.3755,64.8333,0.5498,1.0e-04,,,3.5
13692,28.79,22.5220,216.9560,65.4050,0.5447,1.0e-04,,,3.5
13693,27.82,21.5122,209.4807,60.2031,0.5532,1.0e-04,,,3.5
13694,28.15,21.7778,182.8354,64.3000,0.5571,1.0e-04,,,3.5
13695,25.35,19.3657,207.8430,64.1960,0.5513,1.0e-04,,,3.5
13696,27.15,21.0156,182.0560,61.6068,0.5492,1.0e-04,,,3.7
13697,25.67,19.4551,193.1737,60.4830,0.5571,1.0e-04,,,3.5
13698,27.16,20.6167,186.7712,61.7917,0.5574,1.0e-04,,,3.5
13699,27.16,20.7183,185.7342,63.8359,0.5565,1.0e-04,,,3.5
13700,27.27,20.8340,192.0403,61.8099,0.5524,1.0e-04,27.38,0.43,3.5
13701,27.58,21.0752,190.7759,65.8021,0.5580,1.0e-04,,,3.5
13702,27.24,20.7549,206.7769,65.2578,0.5505,1.0e-04,,,3.5
13703,27.82,21.2788,179.7616,68.6615,0.5520,1.0e-04,,,3.5
13704,26.60,20.2520,214.9100,61.8342,0.5603,1.0e-04,,,3.5
13705,26.93,20.5908,181.1942,65.1536,0.5546,1.0e-04,,,3.5
13706,28.09,21.5811,198.2825,65.2200,0.5571,1.0e-04,,,3.5
13707,26.11,19.7256,230.9359,66.9973,0.5548,1.0e-04,,,3.5
13708,27.51,20.8926,185.4834,62.8490,0.5605,1.0e-04,,,3.5
13709,26.98,20.7368,214.1835,63.5286,0.5549,1.0e-04,,,3.5
13710,27.30,20.8394,191.1443,65.3984,0.5553,1.0e-04,27.11,0.36,3.5
13711,27.94,21.6362,201.0644,65.4225,0.5602,1.0e-04,,,3.5
13712,27.84,21.1997,209.4059,64.4219,0.5577,1.0e-04,,,3.5
13713,26.70,20.4824,205.4860,65.5897,0.5565,1.0e-04,,,3.5
13714,27.31,20.7812,212.6266,68.6641,0.5548,1.0e-04,,,3.7
13715,27.10,20.7861,188.4849,65.6510,0.5650,1.0e-04,,,3.5
13716,26.57,20.3862,180.7800,63.2255,0.5585,1.0e-04,,,3.5
13717,25.45,19.3438,198.3886,62.8778,0.5566,1.0e-04,,,3.5
13718,26.38,20.1392,202.2054,65.1739,0.5592,1.0e-04,,,3.5
13719,27.88,21.4727,204.1450,62.1250,0.5546,1.0e-04,,,3.5
13720,27.24,20.9248,180.4228,57.5026,0.5588,1.0e-04,27.58,0.39,3.5
13721,27.23,20.9146,190.0990,64.1641,0.5636,1.0e-04,,,3.5
13722,27.61,21.1143,207.8139,64.7865,0.5679,1.0e-04,,,3.5
13723,26.99,20.6587,171.0942,62.3568,0.5609,1.0e-04,,,3.5
13724,25.99,19.6880,179.7153,56.3913,0.5584,1.0e-04,,,3.5
13725,28.17,21.5752,178.3384,60.9900,0.5703,1.0e-04,,,3.5
13726,27.25,20.7280,198.1712,61.7760,0.5628,1.0e-04,,,3.5
13727,28.58,21.8848,175.9024,56.2700,0.5689,1.0e-04,,,3.5
13728,27.84,21.2056,203.3047,63.0755,0.5672,1.0e-04,,,3.5
13729,27.22,20.7393,178.8901,64.1146,0.5707,1.0e-04,,,3.5
13730,25.88,19.5977,184.6247,57.9148,0.5723,1.0e-04,27.27,0.42,3.5
13731,28.05,21.5640,177.1339,66.7450,0.5634,1.0e-04,,,3.5
13732,27.86,21.2173,188.6621,63.2786,0.5723,1.0e-04,,,3.5
13733,26.53,20.0918,208.5689,60.2011,0.5663,1.0e-04,,,3.5
13734,26.56,20.2207,182.8419,63.2826,0.5663,1.0e-04,,,3.5
13735,26.48,20.0186,170.9095,64.4837,0.5691,1.0e-04,,,3.5
13736,27.45,20.7905,186.5040,60.2500,0.5743,1.0e-04,,,3.5
13737,27.30,20.6929,227.4083,66.0833,0.5672,1.0e-04,,,3.5
13738,26.92,20.2085,187.9302,58.6302,0.5728,1.0e-04,,,3.5
13739,26.21,19.4790,173.2940,57.3614,0.5703,1.0e-04,,,3.5
13740,26.58,20.0234,176.0632,61.8125,0.5624,1.0e-04,27.50,0.52,3.5
13741,26.91,20.2227,181.9331,64.3542,0.5662,1.0e-04,,,3.5
13742,26.96,20.3999,169.8518,57.3880,0.5649,1.0e-04,,,3.5
13743,27.36,20.6792,197.3764,60.5964,0.5569,1.0e-04,,,3.5
13744,27.00,20.4243,169.2877,62.3411,0.5701,1.0e-04,,,3.5
13745,26.16,19.6172,199.7348,60.7853,0.5712,1.0e-04,,,3.5
13746,28.22,21.8008,191.8273,59.7250,0.5555,1.0e-04,,,3.5
13747,27.05,20.6904,166.0727,60.3255,0.5654,1.0e-04,,,3.5
13748,27.17,20.9346,188.7198,61.1276,0.5613,1.0e-04,,,3.5
13749,26.44,20.3394,175.1616,63.9375,0.5530,1.0e-04,,,3.5
13750,27.40,21.1875,151.4735,62.9427,0.5523,1.0e-04,27.71,0.40,3.5
13751,27.29,20.8208,184.6109,61.0339,0.5654,1.0e-04,,,3.6
13752,26.45,20.2471,182.0646,58.8995,0.5635,1.0e-04,,,3.5
13753,26.22,20.1030,181.6542,61.2364,0.5571,1.0e-04,,,3.5
13754,26.51,20.2192,175.5487,56.5543,0.5611,1.0e-04,,,3.5
13755,26.64,20.4185,157.2744,57.9783,0.5643,1.0e-04,,,3.5
13756,27.40,21.0039,169.3352,61.9245,0.5732,1.0e-04,,,3.5
13757,26.59,20.4185,153.6009,61.8043,0.5672,1.0e-04,,,3.5
13758,26.89,20.7002,181.3735,63.5571,0.5631,1.0e-04,,,3.5
13759,27.27,20.7305,199.1547,62.5651,0.5579,1.0e-04,,,3.5
13760,26.66,20.3950,180.6844,61.8397,0.5560,1.0e-04,27.39,0.39,3.5
13761,27.54,21.1558,191.2425,61.3307,0.5597,1.0e-04,,,3.5
13762,27.02,20.7778,172.1906,60.7786,0.5595,1.0e-04,,,3.5
13763,27.28,21.1167,183.5371,68.2604,0.5554,1.0e-04,,,3.5
13764,26.45,20.4282,203.5944,61.5516,0.5443,1.0e-04,,,3.5
13765,27.65,21.3979,200.3511,67.2292,0.5569,1.0e-04,,,3.5
13766,27.80,21.3779,195.2507,62.3021,0.5528,1.0e-04,,,3.5
13767,27.15,20.8647,189.7360,64.4505,0.5446,1.0e-04,,,3.5
13768,26.60,20.3203,199.5608,64.4402,0.5562,1.0e-04,,,3.5
13769,28.56,21.9370,193.2572,66.1200,0.5577,1.0e-04,,,3.5
13770,26.89,20.4438,193.2985,56.6250,0.5574,1.0e-04,27.70,0.43,3.5
13771,28.12,21.5337,178.0616,65.9800,0.5604,1.0e-04,,,3.5
13772,25.79,19.7056,195.1697,61.6903,0.5586,1.0e-04,,,3.5
13773,27.36,21.0430,186.1558,62.8151,0.5577,1.0e-04,,,3.5
13774,26.96,20.5200,181.2025,67.7266,0.5654,1.0e-04,,,3.5
13775,27.21,20.8262,191.0914,63.4870,0.5609,1.0e-04,,,3.5
13776,26.80,20.4243,203.4251,65.7092,0.5581,1.0e-04,,,3.5
13777,27.34,20.7178,205.8965,65.6120,0.5676,1.0e-04,,,3.5
13778,26.57,20.2188,188.1099,56.3179,0.5670,1.0e-04,,,3.5
13779,27.36,21.0425,174.0382,60.1016,0.5599,1.0e-04,,,3.5
13780,28.12,21.5649,164.9676,60.4000,0.5604,1.0e-04,27.19,0.41,3.5
13781,28.55,22.0000,193.9640,62.4050,0.5610,1.0e-04,,,3.5
13782,26.79,20.4653,199.6611,60.6630,0.5612,1.0e-04,,,3.5
13783,26.91,20.6704,213.1343,63.2292,0.5614,1.0e-04,,,3.5
13784,27.34,20.8691,196.4847,63.6771,0.5614,1.0e-04,,,3.5
13785,25.67,19.6445,176.9216,59.0710,0.5640,1.0e-04,,,3.5
13786,27.16,20.6729,173.3703,58.7161,0.5631,1.0e-04,,,3.5
13787,27.65,21.2642,179.1408,62.9922,0.5611,1.0e-04,,,3.5
13788,26.97,20.6621,197.8297,63.3776,0.5559,1.0e-04,,,3.5
13789,26.51,20.3740,185.9893,60.7880,0.5442,1.0e-04,,,3.5
13790,28.39,21.7378,180.7435,64.6450,0.5604,1.0e-04,27.69,0.45,3.5
13791,26.64,20.1343,186.6980,60.8098,0.5514,1.0e-04,,,3.5
13792,27.77,21.1650,187.2419,66.2005,0.5546,1.0e-04,,,3.9
13793,26.65,20.4009,182.8093,62.1549,0.5523,1.0e-04,,,3.5
13794,26.99,20.5254,214.1300,62.7448,0.5657,1.0e-04,,,3.5
13795,27.77,21.1416,175.7385,57.9115,0.5576,1.0e-04,,,3.5
13796,27.62,21.0547,191.1745,60.4010,0.5643,1.0e-04,,,3.5
13797,28.19,21.6802,170.3232,61.3325,0.5570,1.0e-04,,,3.5
13798,26.38,20.1611,203.9127,61.0082,0.5489,1.0e-04,,,3.5
13799,28.97,22.3721,182.5513,63.6418,0.5568,1.0e-04,,,3.5
13800,26.44,20.0259,200.4835,59.1712,0.5561,1.0e-04,27.66,0.47,3.5
13801,27.21,20.5234,173.2708,59.3464,0.5639,1.0e-04,,,3.5
13802,27.58,20.9209,193.5883,62.0807,0.5562,1.0e-04,,,3.5
13803,27.66,20.8599,188.1277,63.5260,0.5650,1.0e-04,,,3.5
13804,26.94,20.5322,175.5266,59.3672,0.5636,1.0e-04,,,3.5
13805,27.50,20.7388,188.5522,64.0000,0.5601,1.0e-04,,,3.5
13806,26.23,19.6538,182.1278,59.9239,0.5646,1.0e-04,,,3.5
13807,27.88,21.1528,167.4754,61.3300,0.5652,1.0e-04,,,3.6
13808,27.65,20.8164,197.2007,65.3229,0.5596,1.0e-04,,,3.5
13809,26.59,19.9404,195.5254,61.8777,0.5540,1.0e-04,,,3.5
13810,26.73,19.9370,194.2405,63.3261,0.5649,1.0e-04,27.86,0.53,3.5
13811,25.95,19.3311,206.1424,63.6304,0.5685,1.0e-04,,,3.5
13812,26.94,20.2310,171.3954,60.0755,0.5708,1.0e-04,,,3.5
13813,27.16,20.6079,194.8480,62.8333,0.5624,1.0e-04,,,3.5
13814,27.41,20.8662,193.6875,60.2865,0.5608,1.0e-04,,,3.5
13815,27.55,21.1870,187.2243,64.7995,0.5622,1.0e-04,,,3.5
13816,27.09,20.8208,189.2475,63.3099,0.5559,1.0e-04,,,3.5
13817,27.98,21.6143,200.0038,64.7475,0.5566,1.0e-04,,,3.5
13818,26.76,20.6904,210.4299,65.9592,0.5500,1.0e-04,,,3.5
13819,27.68,21.2998,209.0004,66.2812,0.5568,1.0e-04,,,3.5
13820,27.49,21.2095,208.5031,65.6146,0.5503,1.0e-04,27.12,0.36,3.5
13821,26.39,20.2573,186.5246,65.2908,0.5509,1.0e-04,,,3.5
13822,27.13,20.8169,208.0813,70.9844,0.5583,1.0e-04,,,3.5
13823,26.12,20.0112,216.3674,67.4076,0.5450,1.0e-04,,,3.5
13824,26.59,20.5205,222.2351,64.2582,0.5461,1.0e-04,,,3.5
13825,26.73,20.7744,203.2677,61.5299,0.5410,1.0e-04,,,3.5
13826,26.61,20.5728,203.2717,65.7908,0.5429,1.0e-04,,,3.5
13827,25.67,19.7168,189.5996,64.4943,0.5479,1.0e-04,,,3.5
13828,27.05,20.9131,189.9336,60.4375,0.5502,1.0e-04,,,3.5
13829,26.84,20.6113,178.2566,63.5543,0.5559,1.0e-04,,,3.5
13830,27.30,20.8384,216.8035,62.9349,0.5548,1.0e-04,28.04,0.43,3.5
13831,27.95,21.4639,215.4153,67.8300,0.5508,1.0e-04,,,3.5
13832,27.40,21.1514,196.5633,61.1432,0.5508,1.0e-04,,,3.5
13833,28.07,21.7896,208.9626,66.7450,0.5414,1.0e-04,,,3.5
13834,28.06,21.9331,207.2463,66.8650,0.5399,1.0e-04,,,3.5
13835,26.15,20.3960,228.2507,62.7310,0.5375,1.0e-04,,,3.5
13836,26.02,20.3789,234.3691,62.3913,0.5249,1.0e-04,,,3.5
13837,27.79,21.8750,213.1158,68.7682,0.5381,1.0e-04,,,3.5
13838,26.42,20.4341,215.9298,59.6087,0.5479,1.0e-04,,,3.5
13839,28.83,22.5498,195.1834,62.2800,0.5563,1.0e-04,,,3.5
13840,27.59,21.2866,212.3675,62.3880,0.5579,1.0e-04,26.96,0.35,3.5
13841,26.54,20.3975,206.6950,62.2935,0.5531,1.0e-04,,,3.5
13842,27.95,21.6426,186.9766,61.9525,0.5678,1.0e-04,,,3.5
13843,26.37,20.1050,200.1579,61.9375,0.5636,1.0e-04,,,3.5
13844,28.25,21.8843,173.1457,62.6650,0.5657,1.0e-04,,,3.5
13845,27.24,20.9956,211.4216,67.2474,0.5553,1.0e-04,,,3.5
13846,27.22,21.0757,205.9876,61.8411,0.5562,1.0e-04,,,3.5
13847,26.55,20.2827,200.0900,62.3940,0.5561,1.0e-04,,,3.5
13848,28.04,21.5225,184.8671,66.2575,0.5572,1.0e-04,,,3.5
13849,28.13,21.1592,187.7859,60.3250,0.5639,1.0e-04,,,3.5
13850,26.17,19.5664,174.5389,60.3370,0.5620,1.0e-04,27.28,0.53,3.5
13851,25.89,19.2451,195.3974,60.9497,0.5652,1.0e-04,,,3.5
13852,28.39,21.6167,196.0151,67.5950,0.5603,1.0e-04,,,3.5
13853,28.01,21.5811,184.4536,65.1475,0.5571,1.0e-04,,,3.5
13854,26.87,20.5830,170.7198,68.2554,0.5557,1.0e-04,,,3.5
13855,27.22,20.8374,208.4678,63.8776,0.5547,1.0e-04,,,3.5
13856,26.86,20.1675,194.8924,60.2826,0.5688,1.0e-04,,,3.5
13857,28.53,21.8677,187.3809,65.7325,0.5624,1.0e-04,,,3.5
13858,26.64,20.2300,199.7909,60.3478,0.5665,1.0e-04,,,3.5
13859,26.97,20.4292,184.4525,64.2344,0.5710,1.0e-04,,,3.5
13860,27.21,20.7964,182.6653,59.0990,0.5722,1.0e-04,27.62,0.45,3.5
13861,26.71,20.2969,202.5065,60.0951,0.5674,1.0e-04,,,3.5
13862,26.64,20.3408,211.7888,62.5136,0.5651,1.0e-04,,,3.5
13863,26.67,20.3965,184.7602,61.6386,0.5697,1.0e-04,,,3.5
13864,26.34,20.2266,188.7633,62.4103,0.5564,1.0e-04,,,3.5
13865,26.42,20.1855,209.4874,64.9565,0.5560,1.0e-04,,,3.5
13866,26.37,20.3315,198.6531,62.7364,0.5477,1.0e-04,,,3.5
13867,26.32,20.2886,203.8077,62.0000,0.5522,1.0e-04,,,3.5
13868,26.68,20.5425,173.5954,60.9076,0.5569,1.0e-04,,,3.5
13869,26.51,20.2983,189.5270,60.1250,0.5486,1.0e-04,,,3.5
13870,28.18,21.6353,171.9678,60.3850,0.5594,1.0e-04,27.20,0.40,3.5
13871,27.09,20.7334,184.9051,60.8464,0.5576,1.0e-04,,,3.5
13872,27.06,20.9272,185.3192,58.2057,0.5545,1.0e-04,,,3.5
13873,27.10,20.8701,188.3165,61.3750,0.5512,1.0e-04,,,3.5
13874,27.40,21.2500,178.2910,60.7370,0.5519,1.0e-04,,,3.5
13875,26.76,20.5244,196.6857,64.5299,0.5528,1.0e-04,,,3.5
13876,26.34,19.9663,203.8200,60.8505,0.5576,1.0e-04,,,3.5
13877,27.06,20.2812,189.7574,61.4740,0.5677,1.0e-04,,,3.5
13878,27.32,20.8076,178.8373,62.5990,0.5565,1.0e-04,,,3.5
13879,27.18,20.9180,197.8037,62.0781,0.5611,1.0e-04,,,3.5
13880,26.28,20.2446,181.4387,61.4212,0.5481,1.0e-04,26.83,0.31,3.5
13881,26.92,20.8423,172.0326,61.4427,0.5558,1.0e-04,,,3.5
13882,28.16,21.9375,208.9988,65.1900,0.5451,1.0e-04,,,3.5
13883,27.63,21.3247,183.4639,67.2969,0.5464,1.0e-04,,,3.5
13884,26.54,20.4321,193.9299,62.4185,0.5457,1.0e-04,,,3.5
13885,28.10,21.9492,201.5284,59.6675,0.5385,1.0e-04,,,3.5
13886,27.23,21.2515,166.7152,59.4635,0.5426,1.0e-04,,,3.5
13887,26.81,20.6523,176.8175,63.5924,0.5618,1.0e-04,,,3.5
13888,27.77,21.5601,170.6160,57.9792,0.5610,1.0e-04,,,3.5
13889,27.11,21.0483,193.1993,66.7682,0.5485,1.0e-04,,,3.5
13890,26.68,20.4390,183.0660,58.0272,0.5603,1.0e-04,27.42,0.37,3.5
13891,29.13,22.5874,187.5515,64.9303,0.5593,1.0e-04,,,3.5
13892,26.37,19.9346,207.3187,62.7446,0.5601,1.0e-04,,,3.5
13893,28.20,21.6343,151.4734,61.5025,0.5644,1.0e-04,,,3.5
13894,28.53,21.9712,186.7989,65.9025,0.5566,1.0e-04,,,3.5
13895,27.07,20.4751,166.5247,59.3854,0.5679,1.0e-04,,,3.5
13896,27.88,20.9419,174.1749,60.7891,0.5716,1.0e-04,,,3.5
13897,26.49,19.9360,198.5042,59.0761,0.5671,1.0e-04,,,3.5
13898,28.03,21.4878,167.6145,65.6500,0.5659,1.0e-04,,,3.5
13899,29.02,22.3789,169.1563,68.4255,0.5665,1.0e-04,,,3.5
13900,27.40,20.9858,184.5756,65.0911,0.5672,1.0e-04,27.94,0.44,3.5
13901,27.67,21.0693,201.1240,60.7865,0.5663,1.0e-04,,,3.5
13902,27.69,21.2183,211.7603,67.5885,0.5518,1.0e-04,,,3.5
13903,26.90,20.5645,179.3440,64.7760,0.5561,1.0e-04,,,3.5
13904,27.84,21.1460,207.5703,65.6328,0.5558,1.0e-04,,,3.5
13905,27.72,21.2388,178.6730,59.5443,0.5630,1.0e-04,,,3.5
13906,25.22,19.2061,199.8213,57.3040,0.5524,1.0e-04,,,3.5
13907,27.83,21.5303,190.7079,64.5703,0.5571,1.0e-04,,,3.5
13908,25.93,19.9683,200.7854,63.4429,0.5520,1.0e-04,,,3.5
13909,27.86,21.4565,217.9214,67.9766,0.5517,1.0e-04,,,3.5
13910,26.94,20.6938,211.1982,66.4609,0.5575,1.0e-04,27.82,0.41,3.5
13911,27.45,20.9458,209.9040,61.9948,0.5573,1.0e-04,,,3.5
13912,26.74,20.0332,207.4175,63.4457,0.5599,1.0e-04,,,3.5
13913,27.22,20.5566,201.7455,65.8906,0.5581,1.0e-04,,,3.5
13914,27.13,20.5664,220.8842,63.9323,0.5636,1.0e-04,,,3.5
13915,27.54,20.8716,212.0411,62.7396,0.5561,1.0e-04,,,3.5
13916,26.88,20.2808,180.4715,66.5543,0.5604,1.0e-04,,,3.5
13917,27.18,20.5503,209.7848,65.9062,0.5582,1.0e-04,,,3.5
13918,27.82,21.0361,209.1427,62.1615,0.5679,1.0e-04,,,3.5
13919,25.77,19.4043,206.3581,65.3494,0.5688,1.0e-04,,,3.5
13920,27.48,20.8213,201.5323,67.9557,0.5626,1.0e-04,28.07,0.47,3.5
13921,27.70,21.0186,200.8797,65.5859,0.5635,1.0e-04,,,3.5
13922,26.56,20.1729,198.5997,68.1957,0.5518,1.0e-04,,,3.5
13923,28.38,21.5244,168.3219,63.1550,0.5657,1.0e-04,,,3.5
13924,26.55,20.1016,209.1325,63.3886,0.5702,1.0e-04,,,3.5
13925,27.08,20.4639,204.4455,66.4323,0.5622,1.0e-04,,,3.5
13926,27.35,20.4233,206.1824,66.1120,0.5664,1.0e-04,,,3.5
13927,26.67,19.7959,218.8164,66.0299,0.5636,1.0e-04,,,3.5
13928,28.09,21.0073,177.6630,63.3775,0.5722,1.0e-04,,,3.5
13929,27.66,20.4829,192.5304,62.0625,0.5664,1.0e-04,,,3.5
13930,26.89,20.0156,215.6734,62.3958,0.5634,1.0e-04,27.86,0.58,3.5
13931,27.63,20.5156,188.3893,65.0026,0.5649,1.0e-04,,,3.5
13932,27.15,20.1045,202.5069,59.7031,0.5681,1.0e-04,,,3.5
13933,27.04,19.9536,181.0845,65.4010,0.5651,1.0e-04,,,3.5
13934,27.45,20.2505,181.1946,68.1771,0.5589,1.0e-04,,,3.5
13935,25.99,19.1143,195.9057,62.8668,0.5711,1.0e-04,,,3.5
13936,27.21,20.3223,181.4880,59.3646,0.5661,1.0e-04,,,3.5
13937,27.04,20.0308,195.7067,64.3203,0.5649,1.0e-04,,,3.5
13938,27.13,20.2217,184.5398,59.7526,0.5738,1.0e-04,,,3.5
13939,26.58,19.7671,184.9072,62.0462,0.5771,1.0e-04,,,3.5
13940,27.27,20.5361,172.9346,58.7266,0.5753,1.0e-04,27.96,0.52,3.5
13941,27.12,20.4282,182.4258,59.4479,0.5738,1.0e-04,,,3.5
13942,27.74,21.0415,179.0947,58.8177,0.5774,1.0e-04,,,3.5
13943,27.40,20.7373,169.2464,63.0729,0.5728,1.0e-04,,,3.5
13944,27.77,21.0684,205.8316,60.3359,0.5754,1.0e-04,,,3.5
13945,25.51,19.0723,162.8563,58.9858,0.5665,1.0e-04,,,3.5
13946,26.29,19.6265,191.8725,55.6685,0.5819,1.0e-04,,,3.5
13947,27.99,21.3975,162.1817,64.0925,0.5737,1.0e-04,,,3.5
13948,26.90,20.3647,177.2159,66.0208,0.5764,1.0e-04,,,3.5
13949,27.68,21.2202,169.3513,65.6536,0.5717,1.0e-04,,,3.5
13950,26.64,20.2783,188.5804,64.8152,0.5719,1.0e-04,27.81,0.45,3.5
13951,27.12,20.6855,172.9445,64.7370,0.5752,1.0e-04,,,3.5
13952,29.17,22.5708,195.5602,66.7620,0.5700,1.0e-04,,,3.5
13953,27.44,20.8501,181.5920,64.3203,0.5702,1.0e-04,,,3.5
13954,26.94,20.4502,197.4829,59.7812,0.5681,1.0e-04,,,3.5
13955,25.84,19.4146,201.3197,63.6364,0.5707,1.0e-04,,,3.5
13956,27.12,20.5674,210.7551,63.5938,0.5662,1.0e-04,,,3.5
13957,28.22,21.6543,176.8654,63.3325,0.5715,1.0e-04,,,3.5
13958,26.42,20.0942,204.3366,60.4620,0.5709,1.0e-04,,,3.5
13959,26.22,20.0303,211.0620,60.5924,0.5632,1.0e-04,,,3.5
13960,26.19,20.0024,184.6562,58.7554,0.5562,1.0e-04,28.30,0.40,3.5
13961,27.50,21.0542,180.0182,62.0729,0.5657,1.0e-04,,,3.5
13962,28.15,21.6055,166.0519,64.1350,0.5690,1.0e-04,,,3.5
13963,27.54,21.1372,168.0111,60.1042,0.5704,1.0e-04,,,3.5
13964,26.38,20.1763,170.5331,65.2011,0.5667,1.0e-04,,,3.5
13965,27.34,21.2305,181.0068,63.1068,0.5529,1.0e-04,,,3.5
13966,27.56,21.3960,188.0659,61.9036,0.5635,1.0e-04,,,3.5
13967,27.69,21.4497,188.9882,63.0052,0.5560,1.0e-04,,,3.5
13968,25.25,19.2373,188.0926,58.6023,0.5655,1.0e-04,,,3.5
13969,26.30,20.3408,186.5432,58.7745,0.5563,1.0e-04,,,3.5
13970,26.62,20.5415,176.5575,57.7228,0.5619,1.0e-04,27.61,0.37,3.5
13971,27.75,21.4961,178.8548,63.0703,0.5615,1.0e-04,,,3.5
13972,26.68,20.5347,188.9962,61.6359,0.5676,1.0e-04,,,3.5
13973,26.96,20.6147,183.7970,63.9349,0.5627,1.0e-04,,,3.5
13974,27.69,21.4316,184.9832,63.3490,0.5608,1.0e-04,,,3.5
13975,25.49,19.4204,187.5586,59.8636,0.5646,1.0e-04,,,3.5
13976,27.72,21.1846,179.0264,60.9714,0.5652,1.0e-04,,,3.5
13977,27.38,20.6885,182.0564,60.8620,0.5808,1.0e-04,,,3.5
13978,27.41,20.7974,180.1247,62.1120,0.5750,1.0e-04,,,3.5
13979,28.95,22.1860,205.1928,65.9856,0.5671,1.0e-04,,,3.5
13980,25.78,19.2915,196.3051,60.8523,0.5709,1.0e-04,27.67,0.42,3.5
13981,26.74,20.3481,181.2805,62.6440,0.5662,1.0e-04,,,3.5
13982,27.49,21.1318,195.0256,66.2135,0.5702,1.0e-04,,,3.5
13983,28.43,21.9292,185.7943,68.4750,0.5694,1.0e-04,,,3.5
13984,26.86,20.4854,184.7655,60.6359,0.5731,1.0e-04,,,3.5
13985,26.43,20.2671,176.1655,62.1957,0.5620,1.0e-04,,,3.5
13986,27.81,21.3887,194.2804,62.1094,0.5694,1.0e-04,,,3.5
13987,27.02,20.8584,195.7713,63.1068,0.5684,1.0e-04,,,3.5
13988,24.62,18.5947,202.2023,62.0030,0.5670,1.0e-04,,,3.5
13989,27.75,21.3740,206.2846,64.9297,0.5680,1.0e-04,,,3.5
13990,26.32,19.8647,206.1099,62.0761,0.5733,1.0e-04,27.51,0.46,3.5
13991,27.59,20.9766,184.2631,62.4740,0.5763,1.0e-04,,,3.5
13992,26.31,19.9019,179.0183,62.6848,0.5709,1.0e-04,,,3.5
13993,26.71,20.1812,201.1667,62.6739,0.5737,1.0e-04,,,3.5
13994,26.51,19.9663,171.8166,57.5082,0.5770,1.0e-04,,,3.5
13995,28.38,21.6128,187.6792,64.3400,0.5768,1.0e-04,,,3.5
13996,25.92,19.2949,179.6756,57.2201,0.5738,1.0e-04,,,3.5
13997,26.16,19.8096,200.7796,64.5897,0.5714,1.0e-04,,,3.5
13998,27.97,21.2778,166.8181,62.4400,0.5763,1.0e-04,,,3.5
13999,27.79,21.0991,181.5077,65.6562,0.5787,1.0e-04,,,3.5
14000,27.11,20.5557,183.3695,62.3594,0.5704,1.0e-04,27.74,0.41,3.5
14001,26.52,20.1670,197.4994,62.9212,0.5660,1.0e-04,,,3.5
14002,28.17,21.8560,171.7220,63.5175,0.5642,1.0e-04,,,3.5
14003,26.57,20.4653,202.5102,61.3397,0.5589,1.0e-04,,,3.5
14004,27.61,21.3638,177.6199,63.3464,0.5608,1.0e-04,,,3.5
14005,26.24,19.9214,187.2025,61.8750,0.5699,1.0e-04,,,3.5
14006,25.83,19.6470,202.3259,62.1420,0.5672,1.0e-04,,,3.5
14007,26.02,19.7119,179.7982,59.3098,0.5642,1.0e-04,,,3.5
14008,25.92,19.8945,163.4369,61.7908,0.5616,1.0e-04,,,3.5
14009,27.12,20.8589,177.9312,60.6641,0.5673,1.0e-04,,,3.5
14010,27.02,20.6768,193.0302,58.0078,0.5665,1.0e-04,27.34,0.38,3.5
14011,27.63,21.1831,185.2119,58.7161,0.5642,1.0e-04,,,3.5
14012,27.41,20.8906,190.0659,66.2448,0.5707,1.0e-04,,,3.5
14013,27.26,20.7573,206.4058,62.6094,0.5624,1.0e-04,,,3.5
14014,26.95,20.4116,173.9459,60.6823,0.5687,1.0e-04,,,3.5
14015,26.74,20.2983,200.0880,59.2799,0.5674,1.0e-04,,,3.5
14016,26.38,19.9609,208.2908,59.7880,0.5689,1.0e-04,,,3.5
14017,25.69,19.3311,172.4020,61.0312,0.5687,1.0e-04,,,3.5
14018,27.00,20.4253,180.8435,63.2318,0.5708,1.0e-04,,,3.5
14019,28.64,21.9360,199.8623,63.4550,0.5629,1.0e-04,,,3.5
14020,27.69,20.9937,186.9127,64.9453,0.5735,1.0e-04,27.91,0.45,3.5
14021,27.91,21.3140,187.5009,66.5875,0.5656,1.0e-04,,,3.5
14022,27.14,20.4863,215.8360,66.3411,0.5712,1.0e-04,,,3.5
14023,28.22,21.4204,214.6683,63.7475,0.5736,1.0e-04,,,3.5
14024,26.08,19.6621,213.9515,65.2147,0.5802,1.0e-04,,,3.5
14025,27.39,20.5527,181.0502,65.9349,0.5779,1.0e-04,,,3.5
14026,26.01,19.4385,204.7082,62.6005,0.5773,1.0e-04,,,3.5
14027,26.32,19.6899,198.0180,65.8832,0.5761,1.0e-04,,,3.5
14028,27.82,20.8809,187.2431,63.3594,0.5758,1.0e-04,,,3.5
14029,26.80,20.1987,206.8279,62.4484,0.5738,1.0e-04,,,3.5
14030,26.81,20.2256,200.0375,62.1005,0.5789,1.0e-04,27.79,0.48,3.5
14031,27.30,20.6929,179.7718,63.5651,0.5810,1.0e-04,,,3.5
14032,27.00,20.3682,186.7945,54.6849,0.5753,1.0e-04,,,3.5
14033,26.47,20.0327,199.2989,63.7609,0.5776,1.0e-04,,,3.5
14034,27.54,21.0991,180.5423,60.3099,0.5825,1.0e-04,,,3.5
14035,27.54,20.9272,191.3583,61.3594,0.5736,1.0e-04,,,3.5
14036,26.35,19.9590,199.6832,65.4701,0.5755,1.0e-04,,,3.5
14037,26.25,19.8687,193.7680,63.4402,0.5791,1.0e-04,,,3.5
14038,27.52,21.1333,179.4562,62.0781,0.5764,1.0e-04,,,3.5
14039,28.04,21.6030,207.8827,64.5750,0.5740,1.0e-04,,,3.5
14040,26.99,20.7729,194.4103,67.0755,0.5689,1.0e-04,27.72,0.40,3.5
14041,27.61,21.1987,212.8017,67.8255,0.5634,1.0e-04,,,3.5
14042,27.81,21.4014,189.6865,63.4010,0.5695,1.0e-04,,,3.5
14043,27.16,20.8809,203.0629,60.0495,0.5600,1.0e-04,,,3.5
14044,27.00,20.6182,200.2354,60.5521,0.5731,1.0e-04,,,3.5
14045,26.62,20.0952,177.2557,60.8560,0.5731,1.0e-04,,,3.5
14046,26.42,19.9912,184.3502,64.3288,0.5713,1.0e-04,,,3.5
14047,28.60,22.1343,188.9386,60.4050,0.5727,1.0e-04,,,3.5
14048,27.40,21.1694,190.1700,67.9349,0.5708,1.0e-04,,,3.5
14049,26.25,20.0400,207.2866,60.5082,0.5678,1.0e-04,,,3.5
14050,25.27,19.0371,186.8859,57.5455,0.5672,1.0e-04,27.43,0.40,3.5
14051,25.79,19.6416,177.9015,61.2273,0.5753,1.0e-04,,,3.5
14052,25.91,19.5962,203.6523,58.9565,0.5714,1.0e-04,,,3.5
14053,28.07,21.6011,176.7362,61.0075,0.5734,1.0e-04,,,3.5
14054,25.98,19.7153,193.4747,58.4130,0.5740,1.0e-04,,,3.5
14055,26.39,20.1147,184.2221,60.3043,0.5685,1.0e-04,,,3.5
14056,26.16,19.9980,199.6821,65.4783,0.5802,1.0e-04,,,3.5
14057,27.03,20.5938,176.2564,61.3854,0.5747,1.0e-04,,,3.5
14058,27.23,20.6401,198.8727,65.1771,0.5664,1.0e-04,,,3.5
14059,26.63,20.1294,201.0143,61.5734,0.5723,1.0e-04,,,3.5
14060,26.91,20.3438,197.5468,58.1302,0.5765,1.0e-04,27.98,0.43,3.5
14061,27.47,20.9458,170.3667,67.3854,0.5692,1.0e-04,,,3.5
14062,28.30,21.4795,216.7646,63.2825,0.5668,1.0e-04,,,3.5
14063,27.83,21.2681,197.4192,61.3906,0.5680,1.0e-04,,,3.5
14064,27.30,20.7842,191.6406,61.4245,0.5713,1.0e-04,,,3.5
14065,26.88,20.5654,183.9851,57.9402,0.5744,1.0e-04,,,3.5
14066,26.52,20.3628,158.5169,55.9457,0.5675,1.0e-04,,,3.5
14067,27.66,21.4175,174.8013,59.2370,0.5735,1.0e-04,,,3.5
14068,25.89,19.5898,164.2072,54.6818,0.5758,1.0e-04,,,3.5
14069,27.53,21.0010,165.3433,59.4036,0.5683,1.0e-04,,,3.5
14070,28.17,21.6772,164.6177,60.4250,0.5620,1.0e-04,26.79,0.34,3.5
14071,26.95,20.6953,171.9568,58.2057,0.5726,1.0e-04,,,3.5
14072,27.12,21.0581,157.5124,60.7578,0.5609,1.0e-04,,,3.5
14073,27.42,21.3120,179.5542,64.6979,0.5591,1.0e-04,,,3.5
14074,28.02,21.7124,198.6852,65.2150,0.5528,1.0e-04,,,3.5
14075,27.07,21.1602,199.5903,62.9922,0.5408,1.0e-04,,,3.5
14076,27.25,21.4414,218.4346,64.2031,0.5335,1.0e-04,,,3.5
14077,25.86,20.1797,216.1323,60.2273,0.5312,1.0e-04,,,3.5
14078,24.83,19.1743,211.9054,58.6637,0.5342,1.0e-04,,,3.5
14079,26.55,20.6440,180.9893,64.0924,0.5505,1.0e-04,,,3.5
14080,25.73,19.8286,217.3487,61.3892,0.5431,1.0e-04,27.06,0.37,3.5
14081,27.63,21.3501,216.5361,64.9792,0.5533,1.0e-04,,,3.5
14082,27.66,21.4761,226.8866,64.4714,0.5547,1.0e-04,,,3.5
14083,26.49,20.2002,190.5188,59.0625,0.5616,1.0e-04,,,3.5
14084,25.93,19.7759,217.9855,62.7500,0.5627,1.0e-04,,,3.5
14085,26.43,20.0146,186.3691,58.6766,0.5615,1.0e-04,,,3.5
14086,28.29,21.8301,193.0304,62.7325,0.5608,1.0e-04,,,3.5
14087,27.49,21.1450,176.4421,59.6146,0.5603,1.0e-04,,,3.5
14088,28.05,21.6890,192.7184,59.8225,0.5559,1.0e-04,,,3.5
14089,26.01,19.8857,180.1552,60.7255,0.5524,1.0e-04,,,3.5
14090,27.18,20.9233,189.1899,61.6849,0.5549,1.0e-04,27.69,0.37,3.5
14091,27.08,20.8232,173.5562,60.5938,0.5646,1.0e-04,,,3.5
14092,27.93,21.5234,177.1220,62.9050,0.5597,1.0e-04,,,3.5
14093,28.38,21.8594,186.7489,65.4425,0.5569,1.0e-04,,,3.5
14094,29.16,22.5449,193.6775,64.8029,0.5561,1.0e-04,,,3.5
14095,27.58,21.3511,190.6769,63.3750,0.5559,1.0e-04,,,3.5
14096,27.11,21.0718,187.6312,66.2526,0.5468,1.0e-04,,,3.5
14097,27.21,21.1113,203.8627,61.0625,0.5649,1.0e-04,,,3.5
14098,26.63,20.1709,219.4255,63.9701,0.5628,1.0e-04,,,3.5
14099,28.08,21.4771,187.8912,62.4625,0.5657,1.0e-04,,,3.5
14100,27.86,21.5991,182.1241,61.5625,0.5547,1.0e-04,27.09,0.35,3.5
14101,25.67,19.6865,186.2779,62.4006,0.5605,1.0e-04,,,3.5
14102,26.94,20.8618,218.6961,60.6615,0.5498,1.0e-04,,,3.5
14103,26.56,20.5923,219.5452,64.1033,0.5430,1.0e-04,,,39.3
14104,26.30,20.4688,227.8294,60.1739,0.5472,1.0e-04,,,6.2
14105,27.35,21.1416,173.5458,60.7995,0.5593,1.0e-04,,,6.1
14106,26.75,20.6963,212.4608,62.3804,0.5397,1.0e-04,,,6.1
14107,27.89,21.7275,209.6563,61.8047,0.5472,1.0e-04,,,6.1
14108,27.38,21.2300,213.0121,62.5052,0.5434,1.0e-04,,,5.3
14109,26.49,20.5259,209.0306,60.7228,0.5408,1.0e-04,,,5.2
14110,26.42,20.5181,189.8632,61.3397,0.5368,1.0e-04,27.08,0.33,5.2
14111,26.54,20.3975,195.9375,61.4402,0.5442,1.0e-04,,,5.2
14112,29.04,22.6768,181.5513,65.7837,0.5477,1.0e-04,,,5.3
14113,26.87,20.6475,206.3790,65.2391,0.5440,1.0e-04,,,3.5
14114,27.34,21.0249,197.1442,63.2474,0.5463,1.0e-04,,,6.2
14115,27.43,20.8579,221.1245,61.9922,0.5666,1.0e-04,,,5.4
14116,25.27,19.1455,192.9147,60.5085,0.5572,1.0e-04,,,6.1
14117,26.75,20.2808,189.0330,56.9674,0.5655,1.0e-04,,,6.2
14118,26.85,20.4561,184.1718,62.9158,0.5606,1.0e-04,,,6.1
14119,28.00,21.3267,186.6750,62.2425,0.5683,1.0e-04,,,6.2
14120,27.19,20.7056,191.8908,61.5312,0.5694,1.0e-04,27.67,0.48,6.1
14121,27.69,21.0015,171.2528,64.3438,0.5611,1.0e-04,,,6.2
14122,26.75,20.3521,166.1447,60.0652,0.5597,1.0e-04,,,6.2
14123,27.02,20.5161,197.3050,63.2214,0.5613,1.0e-04,,,5.3
14124,26.60,20.1558,184.9640,62.9266,0.5608,1.0e-04,,,6.1
14125,25.85,19.7285,210.2883,60.7727,0.5663,1.0e-04,,,6.1
14126,28.62,21.9502,204.1300,65.4400,0.5569,1.0e-04,,,5.3
14127,27.33,20.9170,191.1195,67.1875,0.5603,1.0e-04,,,6.2
14128,27.12,20.7622,192.7833,63.5677,0.5596,1.0e-04,,,6.1
14129,26.59,20.0869,198.0677,67.0815,0.5659,1.0e-04,,,6.2
14130,26.66,20.4370,220.1808,66.3098,0.5522,1.0e-04,27.12,0.32,6.1
14131,27.83,21.6650,214.6759,65.8698,0.5552,1.0e-04,,,6.1
14132,26.55,20.4409,212.6048,62.2391,0.5647,1.0e-04,,,5.2
14133,27.14,20.8774,174.7924,60.3464,0.5677,1.0e-04,,,6.2
14134,27.08,20.6387,198.3825,62.8750,0.5629,1.0e-04,,,6.2
14135,28.64,22.1792,218.3626,68.6600,0.5581,1.0e-04,,,6.2
14136,26.80,20.5962,224.0865,66.1033,0.5573,1.0e-04,,,6.1
14137,28.38,22.0273,194.6090,67.3825,0.5629,1.0e-04,,,3.6
14138,26.77,20.4048,195.2494,65.5951,0.5676,1.0e-04,,,6.2
14139,26.21,19.7061,228.7815,68.2065,0.5653,1.0e-04,,,6.1
14140,27.55,21.1304,219.4853,66.0182,0.5658,1.0e-04,28.00,0.44,5.2
14141,28.82,22.1187,193.3092,65.7600,0.5603,1.0e-04,,,3.6
14142,27.48,20.8613,190.6240,69.2839,0.5615,1.0e-04,,,5.3
14143,25.37,18.8223,213.2832,61.1761,0.5596,1.0e-04,,,3.5
14144,26.86,20.0898,192.9851,61.7092,0.5691,1.0e-04,,,6.2
14145,27.55,20.8120,184.4053,68.8906,0.5541,1.0e-04,,,5.3
14146,25.73,19.0464,198.5043,64.0142,0.5674,1.0e-04,,,6.1
14147,27.51,20.6880,191.0909,64.4635,0.5674,1.0e-04,,,5.2
14148,26.85,20.4395,209.5709,65.9484,0.5599,1.0e-04,,,3.5
14149,26.12,19.8491,202.7210,68.6984,0.5596,1.0e-04,,,6.2
14150,27.36,20.9624,218.0410,64.6094,0.5691,1.0e-04,27.81,0.43,6.2
14151,27.53,21.0625,202.2361,64.5573,0.5692,1.0e-04,,,5.3
14152,27.27,20.9165,197.9335,67.0729,0.5618,1.0e-04,,,6.2
14153,27.21,20.6870,233.8077,66.6250,0.5562,1.0e-04,,,6.1
14154,27.13,20.8916,213.3810,67.8177,0.5586,1.0e-04,,,6.1
14155,26.24,19.8994,205.9511,62.5299,0.5696,1.0e-04,,,6.1
14156,26.71,20.4780,217.6298,60.9239,0.5700,1.0e-04,,,6.1
14157,27.88,21.4526,210.4711,70.8385,0.5702,1.0e-04,,,6.2
14158,27.04,20.4966,197.2937,64.2370,0.5734,1.0e-04,,,5.3
14159,26.41,20.1333,194.0833,65.3913,0.5680,1.0e-04,,,5.3
14160,27.56,21.2271,218.6408,66.3333,0.5676,1.0e-04,26.67,0.32,5.3
14161,27.95,21.8208,217.5686,66.4175,0.5600,1.0e-04,,,6.4
14162,27.58,21.4014,205.1711,65.7448,0.5536,1.0e-04,,,5.3
14163,26.30,20.2612,228.0513,63.3424,0.5601,1.0e-04,,,6.1
14164,26.94,20.6772,217.2990,62.2474,0.5555,1.0e-04,,,5.3
14165,27.17,20.9243,207.2171,64.6589,0.5647,1.0e-04,,,3.6
14166,28.40,22.0850,208.9760,64.4600,0.5589,1.0e-04,,,5.3
14167,27.11,20.7500,218.8138,64.4688,0.5566,1.0e-04,,,6.2
14168,26.30,19.8521,206.0398,61.9185,0.5661,1.0e-04,,,6.1
14169,26.81,20.0181,208.1568,61.3641,0.5693,1.0e-04,,,6.1
14170,26.21,19.5405,172.6584,59.6114,0.5752,1.0e-04,28.04,0.53,6.2
14171,27.01,20.1909,166.4452,60.4922,0.5758,1.0e-04,,,5.2
14172,25.69,19.0684,203.4018,57.0483,0.5738,1.0e-04,,,6.1
14173,26.34,19.9795,182.3407,62.2364,0.5681,1.0e-04,,,6.1
14174,27.75,20.8691,174.1679,60.8385,0.5763,1.0e-04,,,6.2
14175,27.09,20.4097,183.8978,62.3880,0.5729,1.0e-04,,,6.1
14176,26.44,19.8604,184.5667,62.0136,0.5700,1.0e-04,,,5.2
14177,27.83,21.2158,183.8200,62.6979,0.5754,1.0e-04,,,6.1
14178,25.14,18.9165,168.1468,63.0000,0.5790,1.0e-04,,,6.1
14179,25.93,19.4717,172.2404,62.1685,0.5756,1.0e-04,,,5.2
14180,27.06,20.6230,186.5674,63.4818,0.5747,1.0e-04,27.64,0.44,5.3
14181,26.38,20.0479,218.5267,62.7500,0.5721,1.0e-04,,,5.2
14182,28.41,21.6030,175.7747,65.6950,0.5652,1.0e-04,,,5.2
14183,26.22,19.9736,191.4723,61.6277,0.5701,1.0e-04,,,6.1
14184,27.73,21.0420,188.8098,62.0807,0.5701,1.0e-04,,,6.1
14185,26.13,19.7690,202.3073,62.9864,0.5620,1.0e-04,,,6.1
14186,26.30,19.8740,183.0289,62.7011,0.5673,1.0e-04,,,6.1
14187,27.42,20.9941,175.5701,61.7292,0.5630,1.0e-04,,,5.2
14188,26.66,20.5532,201.1509,63.2880,0.5478,1.0e-04,,,6.1
14189,28.32,22.0889,182.0194,62.8900,0.5456,1.0e-04,,,6.2
14190,26.64,20.3501,210.3827,62.6168,0.5619,1.0e-04,27.48,0.35,6.1
14191,27.82,21.5371,181.3857,65.2188,0.5460,1.0e-04,,,6.1
14192,27.59,21.0835,199.2170,63.4349,0.5586,1.0e-04,,,3.5
14193,26.77,20.6318,211.8514,60.8886,0.5592,1.0e-04,,,6.1
14194,27.82,21.4497,185.3844,61.8073,0.5674,1.0e-04,,,6.1
14195,28.30,21.7222,181.5731,61.1225,0.5652,1.0e-04,,,3.5
14196,25.97,19.8271,196.2910,62.8179,0.5523,1.0e-04,,,3.5
14197,26.67,20.6274,185.1729,60.7554,0.5484,1.0e-04,,,6.1
14198,28.48,22.2285,195.5840,63.7375,0.5468,1.0e-04,,,3.5
14199,27.93,21.8140,205.0981,64.2318,0.5438,1.0e-04,,,3.5
14200,27.06,21.0615,218.6579,63.3385,0.5353,1.0e-04,27.44,0.37,6.1
14201,27.51,21.2959,182.3447,64.7292,0.5458,1.0e-04,,,5.2
14202,26.78,20.6470,184.1848,59.3424,0.5559,1.0e-04,,,6.1
14203,25.77,19.8291,209.2930,61.1136,0.5564,1.0e-04,,,3.5
14204,26.08,19.7368,214.7087,60.5870,0.5648,1.0e-04,,,6.1
14205,27.23,20.5942,190.4191,63.5938,0.5623,1.0e-04,,,3.5
14206,26.35,19.8877,207.9122,61.9728,0.5681,1.0e-04,,,5.2
14207,27.42,20.7900,163.9922,60.4010,0.5698,1.0e-04,,,5.3
14208,28.69,22.0493,181.2428,66.0825,0.5711,1.0e-04,,,6.2
14209,27.33,20.9673,166.1366,64.6068,0.5725,1.0e-04,,,5.3
14210,27.55,20.9761,183.7162,67.5130,0.5662,1.0e-04,27.46,0.40,3.5
14211,28.04,21.5854,215.9523,64.5625,0.5728,1.0e-04,,,5.2
14212,26.50,20.2676,206.3065,59.7038,0.5733,1.0e-04,,,3.5
14213,28.12,21.4917,184.8169,57.5150,0.5729,1.0e-04,,,3.6
14214,26.05,19.9438,186.8141,58.9429,0.5574,1.0e-04,,,6.1
14215,26.49,20.3330,190.6739,62.5516,0.5644,1.0e-04,,,5.2
14216,27.00,20.9277,183.2196,62.8255,0.5559,1.0e-04,,,5.2
14217,26.84,20.7573,188.8928,63.3207,0.5487,1.0e-04,,,6.1
14218,26.35,20.0352,180.4621,61.6766,0.5684,1.0e-04,,,6.1
14219,28.13,21.5908,188.6903,65.7875,0.5649,1.0e-04,,,3.6
14220,27.52,20.9502,171.8371,61.8750,0.5828,1.0e-04,27.68,0.41,3.6
14221,26.79,20.3667,186.0178,61.8804,0.5768,1.0e-04,,,6.1
14222,27.47,20.8560,195.4485,63.7891,0.5750,1.0e-04,,,5.3
14223,26.75,20.3110,189.6997,63.9918,0.5712,1.0e-04,,,6.1
14224,25.92,19.5674,225.6853,64.5598,0.5727,1.0e-04,,,5.2
14225,27.54,20.8657,179.9727,65.7604,0.5749,1.0e-04,,,5.2
14226,27.41,20.9150,177.3102,63.2292,0.5750,1.0e-04,,,5.2
14227,28.10,21.4565,203.7829,69.0700,0.5658,1.0e-04,,,6.2
14228,25.49,19.3843,190.5027,60.4574,0.5596,1.0e-04,,,5.2
14229,27.19,20.7271,189.4929,65.6094,0.5645,1.0e-04,,,6.1
14230,26.48,20.0068,199.0702,58.3777,0.5713,1.0e-04,28.27,0.40,5.2
14231,26.88,20.4321,201.9810,61.0978,0.5713,1.0e-04,,,6.1
14232,27.57,21.2017,177.9339,64.2995,0.5609,1.0e-04,,,3.6
14233,27.16,20.7798,192.4920,64.1901,0.5683,1.0e-04,,,6.1
14234,26.76,20.5845,172.4659,63.0082,0.5633,1.0e-04,,,6.1
14235,26.75,20.4087,186.4416,57.8342,0.5735,1.0e-04,,,6.1
14236,28.29,21.6685,189.4663,59.7775,0.5648,1.0e-04,,,6.2
14237,25.98,19.9253,191.5802,58.0652,0.5645,1.0e-04,,,5.2
14238,28.23,21.8086,157.7265,56.3750,0.5755,1.0e-04,,,6.1
14239,27.66,21.2920,158.8710,63.7240,0.5731,1.0e-04,,,6.1
14240,29.36,22.8120,176.3978,61.8990,0.5672,1.0e-04,27.60,0.33,6.2
14241,27.08,20.9561,179.0327,60.8880,0.5635,1.0e-04,,,6.1
14242,27.18,21.1006,195.7500,65.0130,0.5651,1.0e-04,,,6.1
14243,26.53,20.5312,187.3507,63.6060,0.5675,1.0e-04,,,5.2
14244,27.11,20.8945,185.4516,59.6536,0.5628,1.0e-04,,,6.1
14245,26.99,20.7065,205.8820,59.4844,0.5701,1.0e-04,,,5.3
14246,26.43,20.1465,159.8305,60.1739,0.5774,1.0e-04,,,5.2
14247,28.45,21.8604,183.5325,64.3950,0.5775,1.0e-04,,,5.2
14248,26.74,20.1860,173.3836,59.6549,0.5772,1.0e-04,,,6.1
14249,26.37,19.9390,211.7305,60.9837,0.5748,1.0e-04,,,5.2
14250,24.82,18.6060,180.6354,57.1310,0.5755,1.0e-04,27.33,0.46,6.1
14251,26.39,19.9717,173.4656,57.9158,0.5781,1.0e-04,,,5.2
14252,27.40,20.8906,177.5419,62.6641,0.5727,1.0e-04,,,3.5
14253,26.44,20.0103,179.0871,57.4946,0.5659,1.0e-04,,,3.5
14254,26.12,19.8623,165.5129,58.3315,0.5728,1.0e-04,,,6.1
14255,26.91,20.4590,167.0452,59.4531,0.5671,1.0e-04,,,5.2
14256,27.70,21.2339,160.0821,59.1719,0.5706,1.0e-04,,,6.1
14257,27.36,20.7920,182.6254,59.3802,0.5799,1.0e-04,,,3.6
14258,26.87,20.4019,164.3975,61.4810,0.5757,1.0e-04,,,6.1
14259,26.34,20.0239,188.5235,59.1440,0.5760,1.0e-04,,,3.5
14260,26.44,20.2271,188.9565,58.0272,0.5679,1.0e-04,28.12,0.39,5.2
14261,27.24,20.8813,169.1923,62.0208,0.5692,1.0e-04,,,6.1
14262,27.24,21.0278,181.4348,59.4349,0.5661,1.0e-04,,,6.1
14263,27.13,20.6763,172.1329,60.3281,0.5656,1.0e-04,,,6.1
14264,27.24,21.0049,188.6841,62.3594,0.5665,1.0e-04,,,6.1
14265,26.19,19.7798,190.7291,63.4375,0.5741,1.0e-04,,,6.1
14266,26.83,20.4165,202.7238,64.3342,0.5734,1.0e-04,,,6.1
14267,26.92,20.4961,189.5527,62.1766,0.5609,1.0e-04,,,6.1
14268,26.00,19.8032,159.5873,57.6495,0.5664,1.0e-04,,,3.5
14269,26.89,20.8696,183.6506,60.4557,0.5551,1.0e-04,,,6.1
14270,26.29,20.1704,188.2891,59.0408,0.5641,1.0e-04,26.89,0.37,3.5
14271,25.87,19.8047,194.2570,56.2065,0.5607,1.0e-04,,,6.1
14272,26.52,20.2051,174.6243,59.5897,0.5639,1.0e-04,,,5.2
14273,28.04,21.3594,151.4900,58.7725,0.5720,1.0e-04,,,5.3
14274,27.23,20.9272,179.9682,59.5078,0.5598,1.0e-04,,,6.1
14275,27.26,20.8501,177.2616,61.5078,0.5563,1.0e-04,,,3.6
14276,27.36,21.2158,159.2293,58.6927,0.5560,1.0e-04,,,6.1
14277,27.06,20.8140,168.3037,59.4193,0.5553,1.0e-04,,,5.2
14278,26.87,20.8721,185.5976,62.1957,0.5404,1.0e-04,,,6.1
14279,26.65,20.4702,185.1078,61.6685,0.5600,1.0e-04,,,6.1
14280,26.48,20.4868,182.5280,57.9429,0.5539,1.0e-04,27.36,0.32,5.2
14281,28.17,21.9209,184.2895,64.4900,0.5561,1.0e-04,,,6.1
14282,27.43,21.3882,180.8609,60.3177,0.5515,1.0e-04,,,5.2
14283,26.98,20.9531,183.7950,60.5807,0.5474,1.0e-04,,,6.3
14284,26.38,20.2769,216.0047,58.6603,0.5523,1.0e-04,,,3.5
14285,26.60,20.7803,194.3610,62.5217,0.5287,1.0e-04,,,6.1
14286,26.00,20.0288,200.9395,59.3424,0.5389,1.0e-04,,,5.2
14287,27.60,21.4175,166.3063,58.1328,0.5532,1.0e-04,,,3.6
14288,26.88,20.5586,183.7137,61.2391,0.5530,1.0e-04,,,6.1
14289,27.26,20.9712,211.6914,65.1901,0.5597,1.0e-04,,,3.6
14290,27.36,21.0088,202.6458,60.2188,0.5490,1.0e-04,27.68,0.45,3.6
14291,26.38,19.9502,175.6536,57.5679,0.5638,1.0e-04,,,5.2
14292,26.26,20.0386,175.7644,61.5652,0.5479,1.0e-04,,,3.5
14293,27.61,21.0454,196.7865,62.7865,0.5679,1.0e-04,,,6.1
14294,27.41,20.9043,176.4496,64.6458,0.5718,1.0e-04,,,3.6
14295,26.83,20.2266,183.2496,60.6739,0.5624,1.0e-04,,,6.1
14296,27.29,20.9443,204.0244,64.4818,0.5558,1.0e-04,,,6.1
14297,26.46,20.1919,187.5475,62.9293,0.5580,1.0e-04,,,5.2
14298,25.57,19.5557,209.6820,63.0540,0.5550,1.0e-04,,,3.5
14299,26.83,20.5488,195.7837,61.4402,0.5615,1.0e-04,,,6.1
14300,28.03,21.4653,182.4320,63.0000,0.5677,1.0e-04,27.48,0.38,5.2
14301,27.39,21.0752,189.6666,58.3411,0.5594,1.0e-04,,,3.6
14302,26.69,20.2188,190.5341,57.6848,0.5660,1.0e-04,,,6.1
14303,25.79,19.6230,174.5506,60.8580,0.5630,1.0e-04,,,3.5
14304,26.22,19.8169,173.3784,56.3859,0.5736,1.0e-04,,,3.5
14305,25.64,19.5469,171.5576,60.0483,0.5713,1.0e-04,,,6.1
14306,27.29,21.1807,169.7751,59.3594,0.5624,1.0e-04,,,6.1
14307,26.71,20.4849,166.8204,58.9864,0.5625,1.0e-04,,,6.1
14308,26.64,20.0815,208.4197,59.8451,0.5602,1.0e-04,,,6.1
14309,27.43,20.8169,171.5977,60.8307,0.5595,1.0e-04,,,5.2
14310,27.88,21.1958,186.1715,58.5156,0.5674,1.0e-04,28.05,0.49,3.5
14311,27.25,20.7495,163.5918,61.9922,0.5610,1.0e-04,,,6.1
14312,26.30,19.7300,190.4507,60.1685,0.5653,1.0e-04,,,3.5
14313,26.90,20.3032,177.5438,61.0339,0.5705,1.0e-04,,,5.2
14314,26.18,20.0073,185.2289,62.8940,0.5637,1.0e-04,,,6.1
14315,25.86,19.6753,175.4548,58.7244,0.5665,1.0e-04,,,6.1
14316,26.91,20.5933,196.0578,59.2663,0.5639,1.0e-04,,,3.5
14317,26.37,19.8647,176.6698,58.1630,0.5665,1.0e-04,,,3.5
14318,26.21,19.7378,169.1799,58.1467,0.5750,1.0e-04,,,6.1
14319,28.67,21.8955,166.5385,61.0350,0.5702,1.0e-04,,,3.6
14320,26.37,20.1191,179.5696,57.1440,0.5674,1.0e-04,27.34,0.40,3.5
14321,27.36,21.0068,185.5800,60.6510,0.5633,1.0e-04,,,3.6
14322,27.50,20.9355,169.6084,61.6380,0.5729,1.0e-04,,,5.2
14323,27.24,20.9458,174.7171,65.3359,0.5560,1.0e-04,,,6.1
14324,27.95,21.4849,182.6150,61.6650,0.5733,1.0e-04,,,3.6
14325,26.77,20.3853,180.2595,57.3859,0.5709,1.0e-04,,,6.3
14326,27.46,20.8730,161.6752,61.0990,0.5730,1.0e-04,,,3.6
14327,29.09,22.5269,164.8751,65.1154,0.5759,1.0e-04,,,6.2
14328,26.81,20.7554,189.3320,65.8533,0.5527,1.0e-04,,,6.1
14329,27.23,20.9907,163.9065,58.3776,0.5765,1.0e-04,,,6.1
14330,27.18,20.7578,189.5465,62.7240,0.5664,1.0e-04,27.49,0.39,3.6
14331,27.06,20.6880,188.8874,58.8958,0.5627,1.0e-04,,,5.3
14332,27.14,20.6440,185.8418,58.0938,0.5751,1.0e-04,,,6.1
14333,28.18,21.5337,172.1775,63.3350,0.5766,1.0e-04,,,3.6
14334,27.50,20.9028,197.7617,59.5391,0.5699,1.0e-04,,,5.2
14335,26.05,19.5366,171.1614,59.9511,0.5682,1.0e-04,,,6.1
14336,26.75,19.8052,169.1639,59.9647,0.5674,1.0e-04,,,6.1
14337,27.11,20.3027,176.3361,58.5547,0.5650,1.0e-04,,,6.1
14338,26.54,20.1187,165.9638,58.6223,0.5692,1.0e-04,,,5.2
14339,27.66,21.0718,188.3181,61.8516,0.5693,1.0e-04,,,6.1
14340,26.73,20.3086,193.5147,54.1467,0.5704,1.0e-04,28.43,0.43,6.1
14341,27.17,20.6924,165.8501,60.3828,0.5653,1.0e-04,,,6.1
14342,27.87,21.4058,160.8665,59.2474,0.5687,1.0e-04,,,6.1
14343,26.12,19.7495,178.3376,55.2690,0.5685,1.0e-04,,,3.5
14344,26.34,19.9727,167.0361,58.5870,0.5670,1.0e-04,,,6.1
14345,27.95,21.6099,173.0822,58.8425,0.5608,1.0e-04,,,5.3
14346,26.56,20.5708,165.9974,58.9457,0.5644,1.0e-04,,,6.1
14347,28.62,22.0918,174.2459,60.1575,0.5617,1.0e-04,,,5.3
14348,27.42,21.0078,163.7423,60.3542,0.5667,1.0e-04,,,5.2
14349,26.29,20.0000,191.1737,60.0408,0.5664,1.0e-04,,,3.5
14350,27.66,21.2700,152.0129,64.4271,0.5666,1.0e-04,27.50,0.41,3.6
14351,26.57,20.2144,176.4413,63.7690,0.5653,1.0e-04,,,5.2
14352,26.62,20.2939,179.8158,64.6848,0.5655,1.0e-04,,,6.1
14353,27.39,20.8848,199.2152,65.8594,0.5643,1.0e-04,,,3.6
14354,26.92,20.5811,193.3249,61.0911,0.5605,1.0e-04,,,6.1
14355,27.45,20.9897,176.0894,63.9115,0.5758,1.0e-04,,,5.2
14356,27.05,20.6294,215.9606,62.0182,0.5682,1.0e-04,,,5.2
14357,25.76,19.7183,177.7591,61.3835,0.5632,1.0e-04,,,3.5
14358,27.44,20.9468,204.6599,61.8724,0.5655,1.0e-04,,,3.5
14359,26.94,20.6890,190.6563,63.8568,0.5611,1.0e-04,,,6.1
14360,27.04,20.5166,164.8638,57.9062,0.5756,1.0e-04,27.91,0.50,3.5
14361,27.95,21.1680,183.2130,61.3225,0.5659,1.0e-04,,,6.4
14362,26.88,20.2681,194.6255,65.2305,0.5751,1.0e-04,,,3.6
14363,27.81,21.0049,193.5535,62.6484,0.5707,1.0e-04,,,3.5
14364,27.75,21.2534,175.5070,62.9245,0.5668,1.0e-04,,,3.5
14365,28.74,22.0093,193.0816,64.4350,0.5689,1.0e-04,,,3.6
14366,26.45,20.0664,179.8054,59.7473,0.5708,1.0e-04,,,3.5
14367,27.16,20.7593,188.5779,60.5000,0.5668,1.0e-04,,,6.1
14368,26.57,20.4771,214.0678,65.3424,0.5453,1.0e-04,,,3.5
14369,27.59,21.0283,220.4915,65.3672,0.5670,1.0e-04,,,5.2
14370,28.32,21.7568,198.7084,64.5500,0.5549,1.0e-04,27.48,0.35,6.2
14371,27.52,21.2788,185.3927,61.1302,0.5458,1.0e-04,,,5.3
14372,27.51,21.3481,191.8651,61.8151,0.5436,1.0e-04,,,3.6
14373,26.83,20.7983,217.0492,59.4049,0.5405,1.0e-04,,,3.5
14374,27.28,21.0859,182.2602,57.0130,0.5522,1.0e-04,,,3.6
14375,27.20,21.1787,199.9161,66.0729,0.5442,1.0e-04,,,3.5
14376,27.70,21.4985,166.1609,60.9557,0.5461,1.0e-04,,,3.6
14377,27.31,21.2271,198.5986,61.2422,0.5467,1.0e-04,,,6.1
14378,27.17,21.0498,192.3448,57.8672,0.5461,1.0e-04,,,6.1
14379,27.29,20.9487,167.0610,58.4505,0.5556,1.0e-04,,,3.5
14380,25.01,18.7368,189.0206,57.2244,0.5616,1.0e-04,28.31,0.50,5.2
14381,27.81,21.0737,192.4044,61.3099,0.5567,1.0e-04,,,6.1
14382,27.33,20.5200,195.9996,60.9609,0.5564,1.0e-04,,,6.1
14383,26.54,19.9648,188.7768,60.0272,0.5674,1.0e-04,,,3.5
14384,26.87,20.4106,175.0588,61.5842,0.5668,1.0e-04,,,3.5
14385,26.89,20.5908,180.4756,59.1495,0.5628,1.0e-04,,,6.1
14386,27.99,21.6484,175.3819,61.7650,0.5480,1.0e-04,,,3.5
14387,28.21,21.8789,188.5840,65.9000,0.5514,1.0e-04,,,6.2
14388,26.10,20.2759,198.5397,61.4266,0.5507,1.0e-04,,,3.5
14389,27.78,21.5508,202.4230,62.3698,0.5455,1.0e-04,,,6.1
14390,27.50,21.4053,183.0243,65.2917,0.5446,1.0e-04,26.73,0.34,5.2
14391,27.62,21.3271,184.2238,64.9453,0.5591,1.0e-04,,,6.1
14392,26.69,20.6060,208.1914,63.5897,0.5458,1.0e-04,,,3.5
14393,26.15,20.1621,182.6569,59.2989,0.5505,1.0e-04,,,6.1
14394,27.43,21.1670,189.5772,59.5938,0.5566,1.0e-04,,,3.6
14395,26.92,20.7271,173.2527,65.0299,0.5551,1.0e-04,,,3.5
14396,27.13,20.7061,191.2730,59.7031,0.5555,1.0e-04,,,3.6
14397,27.94,21.6099,170.9136,60.7275,0.5620,1.0e-04,,,6.3
14398,27.68,21.1079,182.4850,60.6042,0.5630,1.0e-04,,,3.5
14399,25.95,19.7910,192.7482,56.6467,0.5502,1.0e-04,,,5.2
14400,27.01,20.8188,183.3039,64.0286,0.5492,1.0e-04,26.77,0.31,5.2
14401,27.39,21.2964,200.5358,63.9401,0.5558,1.0e-04,,,5.2
14402,26.87,20.8262,208.0274,60.0136,0.5539,1.0e-04,,,6.1
14403,26.18,20.1245,198.7969,61.3261,0.5423,1.0e-04,,,3.5
14404,28.17,21.7378,192.2053,61.8625,0.5559,1.0e-04,,,6.1
14405,27.09,20.7788,187.3007,61.7240,0.5493,1.0e-04,,,6.1
14406,26.71,20.2983,171.2837,63.6304,0.5554,1.0e-04,,,6.1
14407,26.69,20.4565,182.5659,62.4701,0.5417,1.0e-04,,,6.1
14408,28.74,21.9565,186.7699,66.2550,0.5570,1.0e-04,,,6.1
14409,26.66,20.1787,190.8778,59.7446,0.5542,1.0e-04,,,3.5
14410,27.54,21.1152,186.1245,65.6641,0.5583,1.0e-04,27.05,0.38,5.2
14411,24.98,18.9844,190.9055,58.9176,0.5576,1.0e-04,,,6.3
14412,26.41,20.0742,185.2707,57.7554,0.5668,1.0e-04,,,3.5
14413,27.00,20.3472,202.3452,59.1797,0.5678,1.0e-04,,,6.3
14414,26.72,20.2334,182.4187,57.3478,0.5722,1.0e-04,,,6.1
14415,27.73,21.1992,174.6408,64.6380,0.5629,1.0e-04,,,6.1
14416,27.38,20.7939,176.5101,60.0339,0.5705,1.0e-04,,,3.6
14417,27.79,21.2383,200.7788,64.4505,0.5652,1.0e-04,,,3.5
14418,27.32,20.8481,182.9675,60.0990,0.5632,1.0e-04,,,3.5
14419,28.08,21.5098,189.4971,65.0225,0.5653,1.0e-04,,,3.5
14420,27.00,20.6050,203.9100,64.5260,0.5644,1.0e-04,28.19,0.48,5.2
14421,27.19,20.5396,185.4989,58.7083,0.5695,1.0e-04,,,6.1
14422,27.01,20.5796,188.3478,61.5260,0.5611,1.0e-04,,,5.2
14423,26.60,19.9946,167.2623,60.9239,0.5685,1.0e-04,,,3.5
14424,27.02,20.6470,176.8422,64.0495,0.5583,1.0e-04,,,3.6
14425,26.73,20.3164,184.3604,58.8859,0.5564,1.0e-04,,,3.5
14426,26.29,20.0415,182.8515,62.1413,0.5496,1.0e-04,,,3.5
14427,27.44,20.9087,193.2425,57.9661,0.5595,1.0e-04,,,3.5
14428,27.10,20.5454,163.3425,58.0885,0.5564,1.0e-04,,,3.5
14429,28.63,21.9067,176.2644,60.2475,0.5558,1.0e-04,,,6.1
14430,26.48,20.0835,188.1129,56.2283,0.5530,1.0e-04,28.10,0.48,5.2
14431,28.25,21.5269,155.0201,58.9850,0.5547,1.0e-04,,,6.1
14432,28.06,21.5967,165.1606,63.2575,0.5641,1.0e-04,,,3.6
14433,26.62,20.2109,176.2492,63.3913,0.5593,1.0e-04,,,6.1
14434,27.48,20.9941,174.3813,61.3828,0.5624,1.0e-04,,,5.3
14435,27.62,21.1406,173.5804,63.9531,0.5598,1.0e-04,,,3.6
14436,27.98,21.5190,176.5348,62.0100,0.5542,1.0e-04,,,6.3
14437,27.19,20.7280,186.1588,56.8359,0.5623,1.0e-04,,,3.6
14438,27.35,20.7437,188.2600,61.5182,0.5703,1.0e-04,,,3.6
14439,26.55,20.3540,180.6189,59.7500,0.5660,1.0e-04,,,3.5
14440,27.15,20.8364,208.5365,60.9844,0.5538,1.0e-04,28.21,0.42,6.1
14441,27.04,20.6362,168.5096,59.5469,0.5607,1.0e-04,,,3.6
14442,27.81,21.6382,168.2502,62.7031,0.5602,1.0e-04,,,3.6
14443,26.74,20.6118,175.7146,61.3179,0.5511,1.0e-04,,,6.1
14444,26.45,20.4102,186.1336,59.3560,0.5568,1.0e-04,,,5.2
14445,27.70,21.4639,182.3407,58.6354,0.5616,1.0e-04,,,6.1
14446,26.25,20.0249,184.9589,58.7255,0.5618,1.0e-04,,,6.1
14447,26.96,20.6060,171.1781,59.6667,0.5617,1.0e-04,,,3.6
14448,26.98,20.5361,154.3017,58.5990,0.5668,1.0e-04,,,5.4
14449,26.35,20.0166,171.9994,61.2772,0.5641,1.0e-04,,,6.1
14450,26.72,20.4463,165.5860,58.2717,0.5541,1.0e-04,27.64,0.45,3.5
14451,28.06,21.3394,153.0005,57.8825,0.5706,1.0e-04,,,3.5
14452,27.41,21.0371,183.0139,58.9427,0.5621,1.0e-04,,,5.2
14453,26.71,20.4595,170.3659,56.9565,0.5652,1.0e-04,,,3.5
14454,26.57,20.4951,180.7361,58.3098,0.5442,1.0e-04,,,3.5
14455,26.71,20.4785,176.6626,57.9783,0.5601,1.0e-04,,,6.1
14456,26.71,20.5479,165.3312,60.2554,0.5573,1.0e-04,,,3.5
14457,26.79,20.3633,184.8241,60.6033,0.5574,1.0e-04,,,3.5
14458,28.26,21.4116,167.4945,59.8425,0.5691,1.0e-04,,,3.6
14459,27.05,20.4893,160.0437,61.5807,0.5702,1.0e-04,,,5.2
14460,26.66,20.0894,174.2358,55.9783,0.5725,1.0e-04,27.70,0.48,3.5
14461,27.86,21.2339,153.1247,60.0885,0.5745,1.0e-04,,,3.6
14462,26.77,20.3115,188.1201,59.4674,0.5674,1.0e-04,,,6.1
14463,26.64,20.1816,167.6278,56.6087,0.5669,1.0e-04,,,3.5
14464,26.22,19.8447,176.4423,62.7880,0.5683,1.0e-04,,,6.1
14465,26.36,20.1812,182.0480,58.6277,0.5676,1.0e-04,,,5.2
14466,27.55,21.0283,168.8003,61.1276,0.5642,1.0e-04,,,5.2
14467,26.22,19.9590,163.4981,61.8668,0.5654,1.0e-04,,,3.5
14468,27.47,20.9111,162.0036,59.4062,0.5704,1.0e-04,,,3.5
14469,27.04,20.6050,161.2423,59.5312,0.5742,1.0e-04,,,5.2
14470,27.29,20.7734,167.4573,62.6458,0.5695,1.0e-04,27.83,0.48,3.6
14471,27.34,20.7559,172.3664,59.8516,0.5725,1.0e-04,,,5.2
14472,26.55,20.1123,177.1281,60.3696,0.5735,1.0e-04,,,3.5
14473,27.68,20.9570,173.3169,63.4922,0.5653,1.0e-04,,,3.6
14474,27.01,20.6455,190.7948,66.1042,0.5717,1.0e-04,,,5.2
14475,26.75,20.3721,190.8740,61.4022,0.5560,1.0e-04,,,6.1
14476,27.43,21.1299,191.5416,64.7214,0.5608,1.0e-04,,,5.2
14477,27.19,21.0322,194.4965,68.2031,0.5581,1.0e-04,,,3.6
14478,26.88,20.5952,184.0348,60.1979,0.5595,1.0e-04,,,3.6
14479,27.05,20.7827,182.4056,61.6406,0.5651,1.0e-04,,,5.2
14480,25.54,19.3267,186.2319,61.1506,0.5601,1.0e-04,28.20,0.43,3.5
14481,28.06,21.4634,158.4593,63.5200,0.5733,1.0e-04,,,3.5
14482,27.20,20.6094,175.5012,60.0312,0.5714,1.0e-04,,,3.6
14483,27.82,21.3794,189.4525,62.9583,0.5590,1.0e-04,,,6.1
14484,26.95,20.6255,200.6656,64.6016,0.5657,1.0e-04,,,5.2
14485,26.27,19.8350,188.6238,61.2147,0.5714,1.0e-04,,,3.5
14486,27.52,20.8608,174.2746,59.1771,0.5796,1.0e-04,,,3.6
14487,26.42,19.7095,172.3744,58.8696,0.5759,1.0e-04,,,5.2
14488,26.95,20.0708,184.2084,61.2474,0.5723,1.0e-04,,,6.3
14489,25.40,18.8340,178.3777,56.6307,0.5688,1.0e-04,,,5.2
14490,28.18,21.2002,148.5797,64.0700,0.5801,1.0e-04,27.73,0.53,3.6
14491,26.37,19.7197,200.8211,64.8886,0.5778,1.0e-04,,,3.5
14492,26.55,19.7881,200.9133,58.0163,0.5724,1.0e-04,,,6.1
14493,27.14,20.1294,188.8585,58.2292,0.5744,1.0e-04,,,3.6
14494,27.48,20.3828,186.8207,61.9714,0.5623,1.0e-04,,,5.2
14495,26.60,19.8477,182.6904,59.6739,0.5694,1.0e-04,,,3.5
14496,26.98,20.0991,155.9347,58.8438,0.5754,1.0e-04,,,3.6
14497,26.21,19.4541,174.9099,62.3261,0.5684,1.0e-04,,,6.1
14498,26.68,20.0396,196.7502,62.7989,0.5706,1.0e-04,,,3.5
14499,27.02,20.6196,170.7919,60.2656,0.5673,1.0e-04,,,5.2
14500,26.87,20.4409,185.1359,61.0788,0.5663,1.0e-04,27.96,0.43,6.1
14501,27.61,21.1416,176.3583,65.3646,0.5701,1.0e-04,,,6.1
14502,27.34,20.9590,193.2748,59.7396,0.5653,1.0e-04,,,6.1
14503,27.80,21.4414,165.4194,61.6406,0.5741,1.0e-04,,,3.5
14504,28.03,21.5796,169.8318,62.0475,0.5704,1.0e-04,,,3.5
14505,26.60,20.3330,174.1937,61.6630,0.5728,1.0e-04,,,6.1
14506,27.70,21.2280,167.3925,62.2005,0.5663,1.0e-04,,,6.1
14507,27.31,20.8296,187.0773,64.1589,0.5647,1.0e-04,,,3.6
14508,25.63,19.3926,199.0268,59.4915,0.5807,1.0e-04,,,6.1
14509,27.59,21.0376,168.2664,57.7005,0.5783,1.0e-04,,,6.1
14510,28.44,21.9019,165.0542,64.4025,0.5652,1.0e-04,26.70,0.32,3.6
14511,26.09,20.0674,193.0571,53.8451,0.5597,1.0e-04,,,6.1
14512,27.99,21.8662,191.7604,62.0100,0.5565,1.0e-04,,,6.4
14513,25.50,19.6182,203.2225,57.7614,0.5602,1.0e-04,,,3.5
14514,26.08,20.0400,198.0233,63.5870,0.5529,1.0e-04,,,3.5
14515,26.62,20.6460,173.3961,59.8234,0.5542,1.0e-04,,,3.5
14516,26.66,20.7256,193.3430,60.0761,0.5458,1.0e-04,,,3.5
14517,28.11,21.9517,183.4419,67.2550,0.5472,1.0e-04,,,6.1
14518,27.08,21.0669,183.4716,63.0807,0.5422,1.0e-04,,,3.6
14519,28.01,21.7363,167.9986,64.7500,0.5507,1.0e-04,,,5.2
14520,27.22,21.0693,199.2254,63.1589,0.5412,1.0e-04,27.47,0.37,3.5
14521,27.94,21.5952,195.9360,62.5450,0.5522,1.0e-04,,,6.1
14522,27.01,20.7095,172.9312,61.7318,0.5588,1.0e-04,,,3.6
14523,26.29,20.1582,193.4735,63.1522,0.5597,1.0e-04,,,6.1
14524,27.71,21.2632,187.5778,61.3021,0.5615,1.0e-04,,,6.1
14525,27.50,21.0781,198.9233,62.5547,0.5492,1.0e-04,,,5.2
14526,26.46,20.2354,188.1173,60.0353,0.5589,1.0e-04,,,3.5
14527,27.71,21.2163,170.9472,60.4167,0.5556,1.0e-04,,,3.6
14528,26.32,20.0435,186.3373,62.3261,0.5572,1.0e-04,,,3.5
14529,27.97,21.6899,178.0586,65.6775,0.5634,1.0e-04,,,3.6
14530,27.58,21.0815,172.6096,64.4167,0.5624,1.0e-04,27.73,0.41,3.6
14531,26.92,20.4585,175.8002,62.2663,0.5697,1.0e-04,,,3.5
14532,27.59,20.9233,184.3035,61.2474,0.5687,1.0e-04,,,3.5
14533,27.12,20.6440,174.8438,60.5312,0.5657,1.0e-04,,,3.6
14534,25.35,19.1685,181.7646,58.9517,0.5626,1.0e-04,,,3.5
14535,28.51,21.9072,169.9934,57.3600,0.5725,1.0e-04,,,3.5
14536,26.76,20.3745,162.1722,55.6005,0.5721,1.0e-04,,,3.5
14537,26.85,20.2065,164.0139,54.6658,0.5709,1.0e-04,,,6.1
14538,26.10,19.6963,149.0260,58.7120,0.5737,1.0e-04,,,6.1
14539,26.86,20.2817,162.6604,56.2527,0.5819,1.0e-04,,,3.5
14540,27.67,21.0830,185.1745,59.5964,0.5698,1.0e-04,28.57,0.51,3.6
14541,27.50,20.5889,168.8712,59.2188,0.5710,1.0e-04,,,5.2
14542,26.42,19.8779,180.4500,57.9511,0.5755,1.0e-04,,,3.5
14543,26.86,20.1753,166.7014,59.7989,0.5776,1.0e-04,,,6.1
14544,27.77,20.8042,171.8628,58.5286,0.5747,1.0e-04,,,3.5
14545,27.12,20.3555,189.3234,57.5990,0.5704,1.0e-04,,,3.5
14546,27.08,20.3496,171.4322,59.9740,0.5736,1.0e-04,,,6.1
14547,27.75,21.1270,164.9874,61.5990,0.5808,1.0e-04,,,3.6
14548,26.22,19.7993,196.9453,63.8533,0.5630,1.0e-04,,,3.5
14549,27.03,20.5474,196.1783,59.6510,0.5723,1.0e-04,,,3.5
14550,27.30,20.9512,189.3143,65.0234,0.5765,1.0e-04,27.79,0.44,6.1
14551,28.15,21.4946,178.0319,62.9475,0.5668,1.0e-04,,,6.1
14552,25.14,19.0029,170.6103,56.6591,0.5631,1.0e-04,,,6.1
14553,26.54,20.1216,182.2006,59.9837,0.5651,1.0e-04,,,5.2
14554,27.59,21.2412,198.2590,63.8620,0.5599,1.0e-04,,,3.6
14555,26.96,20.4536,189.4027,64.1797,0.5705,1.0e-04,,,5.2
14556,26.71,20.0933,193.0239,58.2908,0.5738,1.0e-04,,,3.5
14557,27.06,20.1997,174.5706,58.8411,0.5694,1.0e-04,,,3.6
14558,26.56,20.0771,195.5718,57.4103,0.5764,1.0e-04,,,3.5
14559,27.53,20.6484,164.8497,59.1562,0.5700,1.0e-04,,,3.5
14560,27.04,20.6519,168.6037,57.3802,0.5640,1.0e-04,27.24,0.37,6.1
14561,28.13,21.7344,153.8525,61.4775,0.5602,1.0e-04,,,3.6
14562,26.42,20.2363,182.0409,59.6196,0.5668,1.0e-04,,,3.5
14563,26.96,20.5234,185.2521,63.8411,0.5656,1.0e-04,,,3.6
14564,27.73,21.2695,164.1043,58.3021,0.5706,1.0e-04,,,6.1
14565,26.25,20.2544,168.8813,55.2962,0.5557,1.0e-04,,,6.1
14566,27.12,21.1260,177.1662,59.6667,0.5543,1.0e-04,,,6.1
14567,27.00,21.1025,190.6302,56.9219,0.5494,1.0e-04,,,3.5
14568,26.24,20.4009,187.7429,56.2690,0.5586,1.0e-04,,,3.5
14569,26.50,20.7412,186.1156,56.7962,0.5439,1.0e-04,,,5.2
14570,26.95,21.0264,176.1501,56.0651,0.5520,1.0e-04,27.56,0.31,3.5
14571,26.81,20.7769,187.6698,62.0163,0.5464,1.0e-04,,,6.1
14572,26.70,20.6689,188.7383,64.5027,0.5555,1.0e-04,,,3.5
14573,28.25,22.1270,168.1818,63.6825,0.5493,1.0e-04,,,6.1
14574,27.04,20.9517,169.2272,62.5104,0.5466,1.0e-04,,,3.5
14575,27.21,21.0298,195.4170,63.1380,0.5519,1.0e-04,,,3.5
14576,27.31,21.0830,182.0153,61.7969,0.5570,1.0e-04,,,6.1
14577,27.12,21.0459,182.7472,59.8099,0.5399,1.0e-04,,,3.6
14578,25.01,19.2974,190.6286,56.0455,0.5379,1.0e-04,,,3.5
14579,26.15,20.1284,197.2468,57.2799,0.5482,1.0e-04,,,3.5
14580,25.58,19.5093,174.2120,60.8125,0.5495,1.0e-04,28.04,0.41,6.1
14581,28.31,21.7432,171.4013,58.7425,0.5607,1.0e-04,,,6.1
14582,26.74,20.4199,164.5143,56.2228,0.5717,1.0e-04,,,6.1
14583,28.10,21.6538,177.0100,60.9850,0.5561,1.0e-04,,,3.5
14584,25.91,19.7065,189.6204,56.0190,0.5628,1.0e-04,,,6.1
14585,27.56,21.2109,172.7574,59.7135,0.5619,1.0e-04,,,5.2
14586,27.31,21.2261,167.6849,56.5156,0.5540,1.0e-04,,,3.6
14587,27.85,21.8052,189.3148,61.3385,0.5440,1.0e-04,,,3.5
14588,27.35,21.3345,193.9367,62.7943,0.5308,1.0e-04,,,3.6
14589,25.91,20.1914,176.3064,58.4034,0.5375,1.0e-04,,,9.9
14590,26.23,20.2627,195.1845,56.1902,0.5495,1.0e-04,26.50,0.27,3.5
14591,26.05,20.2456,185.0447,58.6304,0.5492,1.0e-04,,,3.5
14592,27.54,21.2798,180.1700,57.0260,0.5541,1.0e-04,,,3.5
14593,27.66,21.3647,175.4823,59.0703,0.5512,1.0e-04,,,3.6
14594,27.62,21.3555,166.1220,59.3229,0.5519,1.0e-04,,,6.1
14595,27.11,20.5825,178.8616,59.8438,0.5644,1.0e-04,,,6.1
14596,25.96,19.6460,195.4566,60.3098,0.5572,1.0e-04,,,3.5
14597,27.92,21.1528,164.5266,62.0275,0.5706,1.0e-04,,,5.2
14598,27.31,20.4380,188.6827,60.7812,0.5663,1.0e-04,,,6.1
14599,26.98,20.2744,175.8279,56.2734,0.5643,1.0e-04,,,5.2
14600,25.98,19.3804,178.9913,61.2391,0.5651,1.0e-04,28.96,0.54,3.5
14601,26.67,19.8794,171.3795,60.1576,0.5686,1.0e-04,,,6.1
14602,27.75,20.9297,195.0789,61.7630,0.5614,1.0e-04,,,6.1
14603,27.71,21.1216,169.4345,62.9115,0.5649,1.0e-04,,,3.5
14604,28.05,21.3667,176.0150,64.6150,0.5650,1.0e-04,,,3.6
14605,27.55,20.9717,193.6234,58.8021,0.5667,1.0e-04,,,5.2
14606,27.44,20.8696,183.7835,60.0677,0.5680,1.0e-04,,,5.2
14607,26.56,20.4131,178.8402,59.9158,0.5618,1.0e-04,,,3.5
14608,25.85,19.6138,177.4708,58.4943,0.5558,1.0e-04,,,6.1
14609,27.84,21.1270,168.2230,61.3516,0.5605,1.0e-04,,,6.1
14610,27.29,20.6982,177.5572,62.1927,0.5638,1.0e-04,28.36,0.51,6.1
14611,27.15,20.5024,155.8756,62.4453,0.5695,1.0e-04,,,3.6
14612,26.56,19.9873,179.9022,60.0870,0.5708,1.0e-04,,,3.5
14613,27.03,20.5093,184.4643,59.3099,0.5678,1.0e-04,,,3.5
14614,28.24,21.6279,182.9277,60.1400,0.5700,1.0e-04,,,3.5
14615,26.75,20.2876,199.9245,57.9538,0.5676,1.0e-04,,,3.5
14616,26.41,20.0322,185.3973,57.3533,0.5739,1.0e-04,,,5.2
14617,28.23,21.6416,150.4009,59.2875,0.5699,1.0e-04,,,3.5
14618,27.23,20.8530,180.0065,65.4401,0.5627,1.0e-04,,,6.1
14619,27.97,21.5718,188.1146,62.1600,0.5588,1.0e-04,,,3.5
14620,27.13,20.7622,172.4176,60.8646,0.5665,1.0e-04,28.25,0.45,3.5
14621,26.32,19.8667,185.7844,64.1875,0.5721,1.0e-04,,,3.5
14622,26.43,19.7153,168.7289,63.2880,0.5678,1.0e-04,,,3.5
14623,28.63,21.7314,183.1606,66.1775,0.5656,1.0e-04,,,3.6
14624,27.61,20.7612,188.4400,68.9635,0.5693,1.0e-04,,,3.5
14625,27.30,20.6069,172.1417,64.5703,0.5687,1.0e-04,,,6.1
14626,26.94,20.4653,179.6411,65.1693,0.5681,1.0e-04,,,6.4
14627,28.45,21.6704,184.8529,63.6875,0.5588,1.0e-04,,,3.6
14628,27.73,21.1768,210.6951,62.8880,0.5595,1.0e-04,,,3.5
14629,27.62,21.1431,193.9471,64.1068,0.5615,1.0e-04,,,6.1
14630,27.99,21.3896,180.3018,65.0800,0.5632,1.0e-04,28.02,0.50,6.4
14631,27.60,20.9043,189.3760,64.1953,0.5652,1.0e-04,,,3.6
14632,27.36,20.7974,172.5411,62.9635,0.5605,1.0e-04,,,3.6
14633,27.70,21.1479,203.2852,63.4844,0.5537,1.0e-04,,,6.1
14634,27.92,21.0752,157.7899,64.6175,0.5648,1.0e-04,,,3.5
14635,26.72,20.1406,179.0543,66.8288,0.5565,1.0e-04,,,6.1
14636,27.04,20.3633,176.8969,58.2188,0.5592,1.0e-04,,,5.2
14637,26.37,19.6587,162.5142,60.0380,0.5700,1.0e-04,,,3.5
14638,26.63,20.0933,173.8775,57.9592,0.5624,1.0e-04,,,6.1
14639,27.60,20.7344,176.0894,61.4401,0.5685,1.0e-04,,,5.2
14640,28.68,21.8213,180.8039,58.7850,0.5719,1.0e-04,27.44,0.52,3.5
14641,28.08,21.2554,165.9959,64.1800,0.5684,1.0e-04,,,3.5
14642,27.86,21.0679,192.5331,64.4089,0.5692,1.0e-04,,,6.1
14643,27.68,20.9492,166.1827,63.2630,0.5715,1.0e-04,,,3.5
14644,26.97,20.3052,194.0089,61.2188,0.5669,1.0e-04,,,3.6
14645,26.83,20.2871,180.1189,65.3967,0.5675,1.0e-04,,,6.1
14646,25.51,19.1104,206.5718,61.5398,0.5725,1.0e-04,,,3.5
14647,27.96,21.2930,168.9899,61.8825,0.5690,1.0e-04,,,3.6
14648,26.95,20.3696,202.0837,60.8464,0.5737,1.0e-04,,,3.5
14649,26.38,19.8550,184.0659,57.9375,0.5696,1.0e-04,,,3.5
14650,26.48,19.9438,175.1149,58.1196,0.5810,1.0e-04,27.48,0.55,3.5
14651,27.54,20.6367,166.8817,62.2396,0.5743,1.0e-04,,,3.5
14652,27.80,20.8423,197.6773,60.1380,0.5679,1.0e-04,,,3.5
14653,26.13,19.3237,188.3918,57.3913,0.5729,1.0e-04,,,3.5
14654,27.86,21.0981,186.8304,60.2161,0.5714,1.0e-04,,,6.1
14655,26.73,20.1392,180.2906,63.1712,0.5773,1.0e-04,,,3.5
14656,28.08,21.2407,158.5878,59.5575,0.5712,1.0e-04,,,3.6
14657,27.47,20.8691,159.0789,58.4036,0.5737,1.0e-04,,,5.2
14658,25.69,19.2012,151.3103,53.3125,0.5800,1.0e-04,,,3.5
14659,27.04,20.5332,166.3061,60.5859,0.5793,1.0e-04,,,3.5
14660,26.98,20.4370,186.2544,61.6146,0.5745,1.0e-04,27.54,0.42,3.5
14661,26.85,20.4980,160.9409,59.5734,0.5718,1.0e-04,,,3.5
14662,27.84,21.1387,176.0759,62.6693,0.5748,1.0e-04,,,3.5
14663,26.28,19.9204,167.9212,62.4130,0.5708,1.0e-04,,,6.1
14664,26.03,19.7778,170.1607,57.5625,0.5764,1.0e-04,,,5.2
14665,26.80,20.4497,172.5009,62.0734,0.5689,1.0e-04,,,3.5
14666,27.06,20.8286,181.5185,58.1354,0.5722,1.0e-04,,,3.6
14667,28.10,21.5947,167.9379,56.9300,0.5729,1.0e-04,,,3.6
14668,27.00,20.7490,170.7757,59.4219,0.5667,1.0e-04,,,3.6
14669,27.13,20.9448,201.5364,60.0312,0.5683,1.0e-04,,,3.5
14670,26.79,20.7031,172.3323,58.2364,0.5656,1.0e-04,26.46,0.26,3.5
14671,26.40,20.5215,160.5965,60.2663,0.5469,1.0e-04,,,5.2
14672,25.71,19.7803,191.6640,60.4517,0.5531,1.0e-04,,,3.5
14673,26.92,20.8218,186.8374,61.3151,0.5558,1.0e-04,,,3.6
14674,26.07,19.6240,195.6179,59.3668,0.5716,1.0e-04,,,5.2
14675,27.40,21.0234,179.8872,61.2135,0.5604,1.0e-04,,,3.5
14676,27.27,20.9243,183.6382,58.1276,0.5618,1.0e-04,,,6.1
14677,26.51,20.2173,202.8663,58.0190,0.5670,1.0e-04,,,3.5
14678,27.43,21.0669,149.3411,55.6042,0.5722,1.0e-04,,,3.6
14679,26.57,20.5142,173.2588,59.2554,0.5606,1.0e-04,,,6.1
14680,25.83,19.6709,167.4613,55.6562,0.5789,1.0e-04,27.65,0.41,3.5
14681,26.39,20.0278,186.7541,59.9864,0.5693,1.0e-04,,,3.5
14682,27.75,21.1680,169.7182,60.7266,0.5755,1.0e-04,,,6.1
14683,27.16,20.4390,167.4343,57.6823,0.5792,1.0e-04,,,6.1
14684,27.44,20.6733,161.9862,58.9557,0.5769,1.0e-04,,,5.2
14685,26.54,19.8462,190.6691,61.6821,0.5776,1.0e-04,,,3.5
14686,28.18,21.3960,169.5415,58.0050,0.5815,1.0e-04,,,6.1
14687,27.71,21.0396,162.8646,64.5417,0.5813,1.0e-04,,,3.6
14688,26.36,19.7441,177.4630,59.1821,0.5820,1.0e-04,,,5.2
14689,27.66,21.0107,170.0628,61.6510,0.5747,1.0e-04,,,3.6
14690,27.04,20.3364,188.1753,58.0182,0.5807,1.0e-04,27.81,0.53,5.2
14691,27.08,20.3008,172.3305,59.2995,0.5787,1.0e-04,,,3.6
14692,27.00,20.2085,210.6544,59.1589,0.5703,1.0e-04,,,3.6
14693,27.56,20.6113,195.1323,63.0573,0.5816,1.0e-04,,,3.6
14694,27.72,20.7744,169.4320,63.3698,0.5742,1.0e-04,,,3.6
14695,26.17,19.4023,189.0421,60.1223,0.5745,1.0e-04,,,6.1
14696,27.40,20.7100,198.9719,63.8073,0.5758,1.0e-04,,,3.5
14697,27.97,21.1123,183.6403,64.1475,0.5719,1.0e-04,,,3.6
14698,27.00,20.4365,175.5417,59.9349,0.5743,1.0e-04,,,3.6
14699,26.86,20.3120,188.1627,63.9158,0.5677,1.0e-04,,,3.5
14700,25.91,19.3374,178.4914,62.5734,0.5727,1.0e-04,28.01,0.52,3.5
14701,26.55,19.8496,207.6979,60.8777,0.5746,1.0e-04,,,5.2
14702,26.66,19.9888,203.0874,59.6902,0.5677,1.0e-04,,,3.5
14703,28.52,21.8516,214.8896,61.3400,0.5760,1.0e-04,,,5.3
14704,27.10,20.6304,173.5849,62.0208,0.5760,1.0e-04,,,6.1
14705,26.67,20.2847,192.3086,61.9891,0.5694,1.0e-04,,,3.5
14706,27.53,20.7676,185.4046,59.0000,0.5749,1.0e-04,,,3.6
14707,26.73,20.1821,178.7350,56.8261,0.5782,1.0e-04,,,3.5
14708,26.23,19.8042,184.7469,57.6033,0.5826,1.0e-04,,,6.1
14709,25.44,18.9956,169.9570,57.4261,0.5806,1.0e-04,,,3.5
14710,25.90,19.4653,179.9910,55.3125,0.5760,1.0e-04,28.08,0.48,6.1
14711,26.43,19.8735,153.2514,62.6821,0.5791,1.0e-04,,,3.5
14712,27.28,20.4082,186.4461,60.6927,0.5804,1.0e-04,,,6.1
14713,27.29,20.7524,183.3632,56.5755,0.5760,1.0e-04,,,3.6
14714,27.77,21.2236,172.8969,57.7995,0.5778,1.0e-04,,,3.6
14715,27.59,21.2466,166.7703,59.0599,0.5671,1.0e-04,,,3.5
14716,28.23,21.7168,162.4326,55.9500,0.5751,1.0e-04,,,3.6
14717,26.73,20.4800,163.7841,58.8668,0.5628,1.0e-04,,,3.5
14718,27.26,20.7656,159.2145,60.4922,0.5687,1.0e-04,,,6.1
14719,26.68,20.4482,167.7102,65.9293,0.5652,1.0e-04,,,6.1
14720,26.50,20.2305,186.3204,61.7011,0.5661,1.0e-04,27.57,0.37,3.5
14721,26.39,20.2080,175.9387,59.4130,0.5626,1.0e-04,,,3.5
14722,27.22,20.9688,196.9073,61.7760,0.5647,1.0e-04,,,3.5
14723,27.43,21.0786,168.9386,62.7682,0.5632,1.0e-04,,,5.2
14724,26.85,20.6455,178.9479,62.0136,0.5614,1.0e-04,,,3.5
14725,25.83,19.6157,182.6606,60.0483,0.5682,1.0e-04,,,3.5
14726,27.41,21.0112,190.2274,62.8359,0.5566,1.0e-04,,,3.6
14727,27.97,21.2612,191.3324,63.3750,0.5701,1.0e-04,,,3.6
14728,27.03,20.5088,178.4201,57.4219,0.5685,1.0e-04,,,3.6
14729,26.17,19.8179,147.5341,58.6766,0.5764,1.0e-04,,,3.5
14730,28.21,21.5781,179.3633,60.2200,0.5612,1.0e-04,27.95,0.43,6.1
14731,28.31,21.6626,187.2378,62.1725,0.5721,1.0e-04,,,6.1
14732,27.25,20.8770,194.4465,64.8620,0.5628,1.0e-04,,,6.1
14733,26.55,20.4053,180.7283,62.3179,0.5606,1.0e-04,,,3.5
14734,26.29,20.1470,176.7887,60.7500,0.5656,1.0e-04,,,3.5
14735,26.67,20.5112,178.1623,59.3832,0.5578,1.0e-04,,,6.1
14736,26.35,20.3374,184.3404,56.4293,0.5568,1.0e-04,,,3.5
14737,27.78,21.4810,166.4761,59.1042,0.5643,1.0e-04,,,3.5
14738,26.09,19.9917,171.9809,62.7745,0.5679,1.0e-04,,,3.5
14739,27.17,20.7246,204.8972,62.5234,0.5630,1.0e-04,,,3.5
14740,26.33,20.0229,199.9606,58.3587,0.5691,1.0e-04,27.25,0.41,6.1
14741,27.04,20.6655,165.6443,63.6250,0.5695,1.0e-04,,,3.5
14742,27.03,20.6626,173.5098,58.8099,0.5653,1.0e-04,,,5.3
14743,28.57,22.1484,175.4225,60.0225,0.5598,1.0e-04,,,3.6
14744,27.76,21.3467,194.2317,63.0026,0.5625,1.0e-04,,,3.6
14745,27.23,20.9048,174.7286,62.4479,0.5619,1.0e-04,,,3.6
14746,26.80,20.4307,164.0660,58.6821,0.5716,1.0e-04,,,3.5
14747,26.50,20.1597,178.7215,59.6957,0.5716,1.0e-04,,,3.5
14748,28.30,21.5396,182.2856,61.4450,0.5682,1.0e-04,,,3.5
14749,27.36,20.7080,174.9808,61.3229,0.5751,1.0e-04,,,3.5
14750,27.67,21.0649,189.1010,61.8438,0.5689,1.0e-04,27.87,0.48,3.5
14751,26.82,20.2305,193.7555,59.5978,0.5663,1.0e-04,,,3.5
14752,25.51,19.3042,199.3943,58.5085,0.5720,1.0e-04,,,3.5
14753,26.83,20.3374,183.5709,60.1630,0.5736,1.0e-04,,,3.5
14754,27.57,20.7974,180.1926,59.9349,0.5734,1.0e-04,,,3.5
14755,27.18,20.7041,170.8159,57.7786,0.5754,1.0e-04,,,3.5
14756,27.16,20.5820,191.9753,63.3099,0.5659,1.0e-04,,,3.6
14757,27.06,20.4570,165.3722,60.4766,0.5719,1.0e-04,,,5.6
14758,27.02,20.5835,186.5370,63.9375,0.5808,1.0e-04,,,5.3
14759,28.42,21.7544,182.5226,61.9225,0.5734,1.0e-04,,,3.6
14760,27.54,20.9224,200.3123,66.2214,0.5759,1.0e-04,27.22,0.43,5.2
14761,27.77,21.2598,193.9266,63.2604,0.5789,1.0e-04,,,6.1
14762,27.04,20.6118,179.1051,64.6849,0.5723,1.0e-04,,,6.1
14763,25.96,19.4565,183.7795,61.0679,0.5757,1.0e-04,,,3.5
14764,26.94,20.2793,194.8617,63.0156,0.5744,1.0e-04,,,3.5
14765,26.41,20.0542,196.6866,63.7228,0.5719,1.0e-04,,,5.2
14766,26.13,19.9097,210.2815,64.7065,0.5655,1.0e-04,,,3.5
14767,25.61,19.4360,202.3347,61.8665,0.5718,1.0e-04,,,6.1
14768,28.25,21.7441,203.0413,62.6700,0.5692,1.0e-04,,,3.6
14769,26.95,20.5151,181.9974,61.1979,0.5673,1.0e-04,,,6.1
14770,26.86,20.4189,159.7452,57.9239,0.5715,1.0e-04,28.20,0.49,3.5
14771,26.53,19.9014,197.4028,60.3995,0.5646,1.0e-04,,,3.5
14772,28.39,21.8403,180.8537,62.9675,0.5623,1.0e-04,,,5.2
14773,28.02,21.3638,175.1725,63.6925,0.5652,1.0e-04,,,3.6
14774,26.61,20.1396,195.0930,63.1630,0.5693,1.0e-04,,,6.1
14775,26.63,19.9912,176.7758,57.6576,0.5746,1.0e-04,,,6.1
14776,27.91,21.0552,188.2741,60.5150,0.5755,1.0e-04,,,6.1
14777,26.31,19.5449,181.8797,59.9620,0.5759,1.0e-04,,,3.5
14778,27.20,20.3789,182.0718,60.8438,0.5700,1.0e-04,,,6.1
14779,27.42,20.7524,188.5462,63.7474,0.5714,1.0e-04,,,3.6
14780,27.94,21.2827,180.0472,60.9900,0.5701,1.0e-04,28.22,0.45,6.4
14781,26.29,19.8564,198.5810,62.3723,0.5687,1.0e-04,,,6.1
14782,26.60,20.1445,183.0235,64.1332,0.5760,1.0e-04,,,3.5
14783,27.74,21.0918,182.6225,66.2005,0.5719,1.0e-04,,,6.1
14784,26.05,19.5376,210.8400,65.6739,0.5728,1.0e-04,,,3.5
14785,27.25,20.8232,186.8368,64.8177,0.5636,1.0e-04,,,3.5
14786,26.18,19.9004,217.1626,63.3098,0.5795,1.0e-04,,,3.5
14787,25.48,19.1748,194.6719,58.3722,0.5682,1.0e-04,,,3.5
14788,26.16,19.5459,194.8785,60.4674,0.5678,1.0e-04,,,6.1
14789,26.51,20.1387,179.8041,63.7663,0.5653,1.0e-04,,,5.2
14790,27.21,20.4380,212.6877,60.9167,0.5685,1.0e-04,27.64,0.44,6.1
14791,28.50,21.8940,189.9179,68.4575,0.5763,1.0e-04,,,5.2
14792,26.19,19.6025,199.3171,63.8967,0.5696,1.0e-04,,,6.1
14793,27.06,20.4341,183.3351,61.0286,0.5769,1.0e-04,,,6.1
14794,28.56,21.8765,177.6508,62.9900,0.5764,1.0e-04,,,5.3
14795,26.58,20.1318,191.8559,60.2690,0.5700,1.0e-04,,,3.5
14796,25.55,19.3657,184.3114,62.3636,0.5722,1.0e-04,,,3.5
14797,26.72,20.3481,194.2246,61.0435,0.5677,1.0e-04,,,3.5
14798,26.78,20.5229,210.0973,61.4348,0.5571,1.0e-04,,,3.5
14799,26.54,20.1802,208.9786,63.9185,0.5707,1.0e-04,,,3.5
14800,26.88,20.4668,202.0616,65.5065,0.5723,1.0e-04,27.32,0.51,6.1
14801,26.89,20.3188,219.5708,63.8984,0.5673,1.0e-04,,,3.5
14802,26.25,19.7207,187.7832,66.3777,0.5710,1.0e-04,,,3.5
14803,27.09,20.5610,196.9764,61.3099,0.5630,1.0e-04,,,3.5
14804,26.56,19.9790,188.4392,64.1630,0.5719,1.0e-04,,,3.5
14805,27.57,20.7104,206.9404,66.4688,0.5685,1.0e-04,,,5.2
14806,26.67,19.9409,200.0882,63.5054,0.5701,1.0e-04,,,6.1
14807,26.73,19.9424,211.5901,65.8777,0.5703,1.0e-04,,,3.5
14808,27.73,20.6074,199.5557,67.6641,0.5711,1.0e-04,,,6.1
14809,26.11,19.2798,184.7410,61.9076,0.5703,1.0e-04,,,3.5
14810,27.22,20.3169,198.9420,67.8698,0.5751,1.0e-04,27.34,0.61,3.5
14811,26.57,19.6577,199.0088,67.3315,0.5696,1.0e-04,,,3.5
14812,28.05,20.8672,197.0411,65.6425,0.5717,1.0e-04,,,3.6
14813,27.21,20.3022,202.2084,64.0365,0.5771,1.0e-04,,,3.5
14814,26.04,19.3628,215.5804,61.0000,0.5750,1.0e-04,,,3.5
14815,28.14,21.2275,176.0827,65.5050,0.5787,1.0e-04,,,6.1
14816,27.31,20.2588,190.0858,64.4896,0.5693,1.0e-04,,,3.5
14817,25.56,18.6309,202.3763,61.5739,0.5636,1.0e-04,,,3.5
14818,26.41,19.6040,182.7200,62.7418,0.5694,1.0e-04,,,3.5
14819,27.22,20.4424,201.7348,63.8932,0.5701,1.0e-04,,,3.5
14820,26.00,19.4800,185.2996,66.4620,0.5691,1.0e-04,27.67,0.55,3.5
14821,26.39,19.6855,211.3719,63.3098,0.5655,1.0e-04,,,3.5
14822,26.21,19.4907,169.9390,62.9592,0.5749,1.0e-04,,,3.5
14823,26.06,19.5200,200.2251,60.5353,0.5778,1.0e-04,,,3.5
14824,26.89,20.4404,177.2751,62.4870,0.5747,1.0e-04,,,3.5
14825,27.36,20.9160,185.2456,64.2161,0.5717,1.0e-04,,,6.1
14826,27.49,20.8643,203.6968,65.3984,0.5790,1.0e-04,,,3.6
14827,27.16,20.6011,209.9152,64.9844,0.5813,1.0e-04,,,3.5
14828,26.57,19.8438,203.7862,68.1793,0.5785,1.0e-04,,,3.5
14829,27.23,20.4526,218.7757,65.0417,0.5777,1.0e-04,,,3.6
14830,27.60,20.5972,199.5407,62.8646,0.5792,1.0e-04,26.76,0.64,6.1
14831,26.14,19.1401,196.1250,59.8478,0.5725,1.0e-04,,,6.1
14832,26.71,19.6499,154.9045,59.8995,0.5773,1.0e-04,,,3.5
14833,27.92,20.8462,199.8933,62.2987,0.5754,1.0e-04,,,3.6
14834,26.62,19.8877,186.3836,60.4076,0.5821,1.0e-04,,,3.5
14835,26.69,20.0161,186.8573,63.0679,0.5809,1.0e-04,,,6.1
14836,27.37,20.7891,194.5877,60.0130,0.5787,1.0e-04,,,3.6
14837,27.09,20.5405,195.6261,65.2839,0.5685,1.0e-04,,,3.6
14838,26.95,20.4102,192.2398,63.8542,0.5682,1.0e-04,,,6.4
14839,27.35,20.7798,199.2754,63.2500,0.5649,1.0e-04,,,3.6
14840,27.13,20.5005,197.7088,62.8698,0.5715,1.0e-04,27.55,0.41,3.6
14841,26.25,19.8882,189.6767,63.3397,0.5700,1.0e-04,,,6.1
14842,27.68,21.2734,177.1233,59.8958,0.5722,1.0e-04,,,3.5
14843,26.90,20.5845,199.1158,66.4755,0.5610,1.0e-04,,,3.5
14844,26.39,20.1533,187.1778,60.4321,0.5642,1.0e-04,,,3.5
14845,27.88,21.4302,184.5350,67.7995,0.5700,1.0e-04,,,3.6
14846,27.57,21.0723,195.1947,68.2448,0.5633,1.0e-04,,,3.6
14847,27.59,20.9883,189.3018,63.9740,0.5678,1.0e-04,,,3.5
14848,28.46,21.7085,217.6195,69.9800,0.5707,1.0e-04,,,3.6
14849,27.70,21.2300,190.4228,69.0729,0.5596,1.0e-04,,,6.1
14850,28.15,21.5781,192.5413,62.5725,0.5656,1.0e-04,27.89,0.38,3.6
14851,26.58,20.2974,203.9691,62.6114,0.5551,1.0e-04,,,6.1
14852,26.34,19.9160,188.6461,63.0734,0.5685,1.0e-04,,,3.5
14853,27.41,20.8403,194.2767,65.4036,0.5767,1.0e-04,,,5.2
14854,26.85,20.1934,194.4978,59.7745,0.5745,1.0e-04,,,6.1
14855,25.88,19.3335,183.3794,56.0571,0.5749,1.0e-04,,,3.5
14856,28.37,21.6670,192.0171,61.4875,0.5772,1.0e-04,,,3.5
14857,26.65,20.2920,193.6186,63.7391,0.5710,1.0e-04,,,6.1
14858,27.45,20.9570,171.2410,58.5729,0.5789,1.0e-04,,,3.6
14859,26.60,20.2979,186.3685,59.3451,0.5780,1.0e-04,,,3.5
14860,27.71,21.2124,181.9155,61.3385,0.5752,1.0e-04,28.10,0.45,3.6
14861,26.56,20.0493,156.3490,60.4375,0.5831,1.0e-04,,,3.5
14862,25.26,19.1143,198.7445,60.4290,0.5692,1.0e-04,,,3.5
14863,28.42,21.6377,169.3957,60.6050,0.5704,1.0e-04,,,3.5
14864,26.76,20.3701,183.6045,60.9647,0.5701,1.0e-04,,,6.1
14865,25.52,19.1445,177.7525,58.9034,0.5747,1.0e-04,,,3.5
14866,26.91,20.5625,150.0103,59.3886,0.5731,1.0e-04,,,3.5
14867,27.09,20.5767,167.2584,59.5781,0.5762,1.0e-04,,,3.5
14868,28.03,21.5317,169.6100,63.2200,0.5675,1.0e-04,,,3.6
14869,26.59,19.9688,158.3524,57.9402,0.5733,1.0e-04,,,3.9
14870,27.31,20.5576,149.7175,58.4740,0.5873,1.0e-04,27.23,0.48,3.6
14871,26.01,19.5161,177.2803,58.7174,0.5822,1.0e-04,,,5.6
14872,27.38,20.5396,156.9010,61.3568,0.5791,1.0e-04,,,3.6
14873,26.78,20.0493,169.3753,56.2092,0.5803,1.0e-04,,,3.5
14874,26.96,20.1279,158.7777,57.3620,0.5870,1.0e-04,,,9.5
14875,28.52,21.8716,175.2132,61.7300,0.5744,1.0e-04,,,5.4
14876,26.20,19.8882,181.8742,59.1984,0.5793,1.0e-04,,,3.5
14877,28.25,21.6948,177.5612,61.1700,0.5759,1.0e-04,,,3.6
14878,27.30,20.9473,180.3958,58.0521,0.5711,1.0e-04,,,3.5
14879,27.10,20.7178,175.7892,61.5911,0.5737,1.0e-04,,,3.5
14880,26.55,20.2061,173.8416,56.9674,0.5826,1.0e-04,28.08,0.48,3.5
14881,27.51,20.7520,151.8828,58.1901,0.5812,1.0e-04,,,3.6
14882,27.59,20.9702,183.2989,63.0208,0.5728,1.0e-04,,,3.5
14883,26.33,19.5112,170.2726,57.4484,0.5863,1.0e-04,,,3.5
14884,26.54,19.9326,154.0564,55.8071,0.5832,1.0e-04,,,5.2
14885,27.33,20.7129,171.6929,63.1328,0.5786,1.0e-04,,,3.5
14886,26.40,20.0586,192.0684,57.7446,0.5843,1.0e-04,,,3.5
14887,27.88,21.3149,167.3190,57.6875,0.5792,1.0e-04,,,3.5
14888,26.58,20.1914,174.3401,59.4239,0.5797,1.0e-04,,,3.5
14889,27.04,20.4189,179.6826,61.4323,0.5790,1.0e-04,,,3.5
14890,26.32,19.5562,181.5223,62.0924,0.5793,1.0e-04,28.08,0.57,3.5
14891,26.93,19.9668,180.9439,58.5026,0.5857,1.0e-04,,,3.6
14892,26.72,19.9653,186.2812,59.8152,0.5796,1.0e-04,,,3.5
14893,27.17,20.5156,206.6999,63.9427,0.5734,1.0e-04,,,3.6
14894,26.81,20.1206,169.3018,58.3804,0.5804,1.0e-04,,,3.5
14895,26.41,20.1050,198.9212,64.6277,0.5733,1.0e-04,,,3.5
14896,26.49,20.2549,179.6781,57.9103,0.5711,1.0e-04,,,6.1
14897,27.37,21.0791,180.7875,59.3568,0.5638,1.0e-04,,,3.5
14898,28.15,21.7207,172.6083,64.0400,0.5690,1.0e-04,,,3.6
14899,27.41,21.0913,182.0742,59.1302,0.5716,1.0e-04,,,3.6
14900,26.84,20.4385,181.3450,62.3152,0.5761,1.0e-04,28.14,0.40,6.7
14901,27.02,20.6152,163.9166,57.2839,0.5791,1.0e-04,,,3.5
14902,28.17,21.7588,166.8846,64.0575,0.5731,1.0e-04,,,3.6
14903,28.58,21.9204,188.0308,58.6600,0.5744,1.0e-04,,,3.6
14904,26.00,19.6167,158.9434,57.7228,0.5733,1.0e-04,,,3.5
14905,27.85,21.1870,165.2034,56.6016,0.5741,1.0e-04,,,3.5
14906,27.56,20.7358,166.9317,54.3646,0.5785,1.0e-04,,,3.5
14907,27.95,21.2368,164.5107,58.3575,0.5764,1.0e-04,,,5.2
14908,27.10,20.6367,171.5256,59.7396,0.5701,1.0e-04,,,3.5
14909,26.66,20.0576,161.2663,52.8832,0.5790,1.0e-04,,,3.5
14910,26.06,19.3262,151.0125,55.9185,0.5828,1.0e-04,28.02,0.50,3.5
14911,26.12,19.5391,159.1955,54.5027,0.5790,1.0e-04,,,3.5
14912,27.56,20.8687,157.9277,61.6198,0.5789,1.0e-04,,,3.5
14913,26.40,19.8452,170.7063,60.7092,0.5781,1.0e-04,,,3.5
14914,27.14,20.3535,175.9138,57.5026,0.5722,1.0e-04,,,3.5
14915,27.08,20.3486,156.1268,60.8125,0.5737,1.0e-04,,,3.5
14916,25.99,19.3687,163.4306,53.2880,0.5754,1.0e-04,,,3.5
14917,26.61,20.1284,154.8102,57.5082,0.5724,1.0e-04,,,6.1
14918,26.20,19.8291,166.6298,57.1332,0.5759,1.0e-04,,,3.5
14919,27.03,20.6577,156.5198,59.6797,0.5766,1.0e-04,,,5.2
14920,27.16,20.8555,171.2736,56.7240,0.5738,1.0e-04,26.95,0.32,3.6
14921,28.26,21.8945,169.6895,61.0250,0.5705,1.0e-04,,,3.6
14922,27.43,21.0654,183.3022,64.9036,0.5717,1.0e-04,,,3.6
14923,25.57,19.4399,200.5309,61.2841,0.5732,1.0e-04,,,3.5
14924,27.41,21.0073,169.9833,59.0365,0.5730,1.0e-04,,,3.6
14925,27.71,21.3579,167.9947,62.4870,0.5601,1.0e-04,,,3.6
14926,26.64,20.2349,179.3127,62.6386,0.5532,1.0e-04,,,3.5
14927,28.41,21.8135,161.6628,57.1450,0.5700,1.0e-04,,,3.6
14928,27.23,20.8271,173.0897,58.7005,0.5616,1.0e-04,,,3.6
14929,27.16,20.7070,183.6871,61.0911,0.5710,1.0e-04,,,3.6
14930,27.78,21.3091,164.2306,61.9349,0.5695,1.0e-04,27.41,0.38,3.6
14931,27.93,21.4912,169.8766,57.3550,0.5659,1.0e-04,,,6.1
14932,28.42,21.9697,172.2413,60.8650,0.5644,1.0e-04,,,5.2
14933,27.16,21.0933,180.4931,61.3958,0.5621,1.0e-04,,,6.1
14934,25.86,20.0977,202.8988,60.9318,0.5497,1.0e-04,,,3.5
14935,26.87,20.8633,181.6772,61.1467,0.5506,1.0e-04,,,3.5
14936,25.91,19.7769,176.5006,60.4290,0.5648,1.0e-04,,,3.5
14937,27.74,21.3193,162.9900,59.4089,0.5647,1.0e-04,,,3.6
14938,28.04,21.9253,160.8754,60.7175,0.5562,1.0e-04,,,5.2
14939,27.46,21.3340,187.9327,61.4089,0.5506,1.0e-04,,,3.6
14940,27.28,21.2412,159.9315,60.7917,0.5606,1.0e-04,26.75,0.34,3.6
14941,26.89,20.8306,179.5932,60.7891,0.5505,1.0e-04,,,3.5
14942,26.66,20.3164,209.2047,62.3641,0.5605,1.0e-04,,,3.5
14943,26.76,20.1201,193.4425,60.4647,0.5677,1.0e-04,,,3.5
14944,27.74,21.0259,169.9984,60.9141,0.5656,1.0e-04,,,3.5
14945,26.66,20.1016,190.4438,57.8587,0.5703,1.0e-04,,,3.5
14946,27.91,21.3491,183.4574,64.1850,0.5509,1.0e-04,,,6.1
14947,27.06,20.6406,169.7638,62.4036,0.5712,1.0e-04,,,3.5
14948,26.96,20.4551,184.7884,60.2109,0.5705,1.0e-04,,,3.6
14949,25.24,19.0508,199.6161,56.6875,0.5620,1.0e-04,,,3.5
14950,26.36,20.1392,187.3165,57.5082,0.5634,1.0e-04,27.52,0.42,5.2
14951,27.80,21.2725,160.0600,61.9089,0.5688,1.0e-04,,,3.6
14952,27.62,21.1431,168.3636,62.4557,0.5637,1.0e-04,,,6.1
14953,26.63,20.2920,192.2003,61.0707,0.5707,1.0e-04,,,3.5
14954,27.56,21.0845,174.4881,64.2135,0.5719,1.0e-04,,,3.5
14955,26.40,20.2246,164.6245,60.4701,0.5582,1.0e-04,,,3.5
14956,27.51,20.9370,171.7054,60.3568,0.5674,1.0e-04,,,5.3
14957,28.71,22.0850,180.8518,62.0775,0.5656,1.0e-04,,,3.6
14958,25.53,19.4551,195.1560,61.3153,0.5623,1.0e-04,,,5.3
14959,26.30,20.1709,186.4449,58.3125,0.5604,1.0e-04,,,6.1
14960,26.66,20.2876,187.2311,55.3505,0.5694,1.0e-04,27.48,0.40,3.5
14961,25.96,19.7417,183.9669,58.9103,0.5679,1.0e-04,,,3.5
14962,26.73,20.0786,186.7157,59.5489,0.5685,1.0e-04,,,3.5
14963,26.66,20.0571,191.1422,63.1277,0.5689,1.0e-04,,,6.1
14964,26.26,19.8403,171.9740,61.8886,0.5715,1.0e-04,,,6.1
14965,26.63,20.1768,165.9229,62.9402,0.5638,1.0e-04,,,3.5
14966,26.79,20.4414,174.2906,64.4212,0.5593,1.0e-04,,,6.1
14967,27.77,21.0605,185.2614,62.4609,0.5638,1.0e-04,,,3.5
14968,26.77,20.1538,181.7255,62.9891,0.5649,1.0e-04,,,6.1
14969,26.85,20.1299,188.0994,60.4429,0.5620,1.0e-04,,,3.5
14970,28.00,21.1841,176.5289,56.8175,0.5749,1.0e-04,27.89,0.53,3.6
14971,25.96,19.4360,178.0945,59.4484,0.5667,1.0e-04,,,3.5
14972,27.11,20.4658,174.7981,61.2500,0.5751,1.0e-04,,,6.1
14973,26.41,19.9297,170.1225,59.4837,0.5753,1.0e-04,,,5.2
14974,25.93,19.4927,147.1384,60.4484,0.5738,1.0e-04,,,3.5
14975,27.25,20.8940,163.3832,58.9323,0.5687,1.0e-04,,,3.6
14976,27.04,20.6147,170.4616,62.1198,0.5715,1.0e-04,,,3.5
14977,26.48,20.0039,182.9518,58.0842,0.5697,1.0e-04,,,3.5
14978,27.38,20.6963,144.8833,55.2240,0.5851,1.0e-04,,,3.6
14979,28.07,21.2266,148.1511,57.2300,0.5780,1.0e-04,,,3.6
14980,25.13,18.5811,178.0836,57.9688,0.5777,1.0e-04,27.93,0.49,3.5
14981,26.40,19.8472,168.4749,57.9511,0.5727,1.0e-04,,,3.5
14982,27.23,20.6309,160.9697,55.7240,0.5785,1.0e-04,,,3.5
14983,27.13,20.6978,161.2658,62.5521,0.5707,1.0e-04,,,6.1
14984,26.28,19.9087,177.1982,59.4918,0.5735,1.0e-04,,,3.5
14985,27.00,20.5605,175.8210,61.8125,0.5638,1.0e-04,,,3.6
14986,26.76,20.5435,186.9971,60.2609,0.5585,1.0e-04,,,3.5
14987,27.55,20.9805,184.1123,60.2188,0.5736,1.0e-04,,,3.6
14988,27.49,20.9482,192.6404,60.5547,0.5679,1.0e-04,,,3.5
14989,26.23,19.9902,180.2416,54.6359,0.5782,1.0e-04,,,3.5
14990,27.13,20.6294,184.1858,64.2578,0.5702,1.0e-04,27.61,0.48,6.1
14991,28.08,21.3076,184.8749,62.5425,0.5760,1.0e-04,,,3.6
14992,26.37,19.8242,180.3090,58.6658,0.5693,1.0e-04,,,3.5
14993,27.18,20.5508,161.6956,61.6562,0.5772,1.0e-04,,,3.5
14994,25.71,19.4595,185.9837,56.7301,0.5752,1.0e-04,,,3.5
14995,26.83,20.3975,169.3400,56.3832,0.5760,1.0e-04,,,3.5
14996,26.56,20.2461,186.2888,58.5761,0.5616,1.0e-04,,,3.5
14997,27.30,20.7949,174.7541,63.4089,0.5685,1.0e-04,,,3.5
14998,27.19,20.7646,184.7547,58.9401,0.5643,1.0e-04,,,3.6
14999,26.08,19.7632,186.0194,55.7418,0.5589,1.0e-04,,,3.5
15000,27.50,21.2261,176.2782,65.1328,0.5600,1.0e-04,27.99,0.44,3.6
